timestamp,satellite_id,satellite_type,clock_error_ns,radial_error_m,along_track_error_m,cross_track_error_m
2024-01-01 00:00:00,MEO-01,MEO,-0.6120656,0.22473969,1.3584647,0.5125002
2024-01-01 00:15:00,MEO-01,MEO,2.291315,0.18531021,1.820613,0.46681058
2024-01-01 00:30:00,MEO-01,MEO,1.6555959,0.18184453,1.4330838,0.6808537
2024-01-01 00:45:00,MEO-01,MEO,0.84450936,0.06473666,1.9691559,0.2817707
2024-01-01 01:00:00,MEO-01,MEO,2.3941653,0.39331782,1.7560114,0.67590666
2024-01-01 01:15:00,MEO-01,MEO,3.02478,0.6068874,1.6704962,0.500304
2024-01-01 01:30:00,MEO-01,MEO,2.9454215,0.61785245,1.5010998,0.47656626
2024-01-01 01:45:00,MEO-01,MEO,0.92171425,0.41606745,1.3061142,0.17678684
2024-01-01 02:00:00,MEO-01,MEO,1.8161186,0.39965743,1.437649,0.1545402
2024-01-01 02:15:00,MEO-01,MEO,2.3006794,0.49351,1.0520494,-0.10850057
2024-01-01 02:30:00,MEO-01,MEO,2.3783724,0.3232931,0.44826403,-0.043008104
2024-01-01 02:45:00,MEO-01,MEO,2.9177132,0.42106488,0.42767826,0.039874442
2024-01-01 03:00:00,MEO-01,MEO,2.2921808,0.42833173,0.43674567,0.092402056
2024-01-01 03:15:00,MEO-01,MEO,0.49770722,0.43037155,0.3421871,-0.33280852
2024-01-01 03:30:00,MEO-01,MEO,1.9176655,0.25084522,0.09527746,-0.2821669
2024-01-01 03:45:00,MEO-01,MEO,1.8815641,0.1929672,0.18972637,-0.30558065
2024-01-01 04:00:00,MEO-01,MEO,1.5573235,0.079198584,-0.5473477,-0.5418896
2024-01-01 04:15:00,MEO-01,MEO,1.8626558,0.040784616,-0.19668677,-0.28680265
2024-01-01 04:30:00,MEO-01,MEO,1.388994,0.061384622,-0.6363511,-0.51981133
2024-01-01 04:45:00,MEO-01,MEO,0.8026521,0.08627221,-0.118797794,-0.46845677
2024-01-01 05:00:00,MEO-01,MEO,0.17988485,0.11176194,-0.29991376,-0.5267436
2024-01-01 05:15:00,MEO-01,MEO,-1.5249594,-0.0836938,-0.17736994,-0.5888041
2024-01-01 05:30:00,MEO-01,MEO,0.48583546,0.12705618,-0.4384363,-0.4744881
2024-01-01 05:45:00,MEO-01,MEO,0.1577657,-0.063965306,0.0054737516,-0.5004491
2024-01-01 06:00:00,MEO-01,MEO,0.15079258,-0.05043074,-0.0049852356,-0.5104274
2024-01-01 06:15:00,MEO-01,MEO,-1.4479384,-0.1324044,-0.06088634,-0.5426798
2024-01-01 06:30:00,MEO-01,MEO,-1.3501405,-0.30863237,-0.19860843,-0.3569538
2024-01-01 06:45:00,MEO-01,MEO,0.71358407,0.013417576,-0.05759606,-0.12163535
2024-01-01 07:00:00,MEO-01,MEO,-0.504343,-0.01127907,-0.3556374,-0.3075404
2024-01-01 07:15:00,MEO-01,MEO,0.0706688,-0.12495335,-0.07066079,-0.13282819
2024-01-01 07:30:00,MEO-01,MEO,-0.76967597,-0.104213305,0.07788661,-0.44029087
2024-01-01 07:45:00,MEO-01,MEO,-0.9120914,-0.075629145,-0.058418825,-0.15437594
2024-01-01 08:00:00,MEO-01,MEO,-0.23017392,-0.30160996,-0.43976197,-0.28673273
2024-01-01 08:15:00,MEO-01,MEO,-1.9587243,-0.21745412,-0.2457853,-0.28662604
2024-01-01 08:30:00,MEO-01,MEO,-1.5712969,-0.10430096,-0.5900893,-0.11890818
2024-01-01 08:45:00,MEO-01,MEO,-2.409927,-0.32700172,-0.22666268,0.22683278
2024-01-01 09:00:00,MEO-01,MEO,-2.599662,-0.18726292,-0.21176359,0.24450977
2024-01-01 09:15:00,MEO-01,MEO,-2.722677,-0.3630179,-0.6167931,0.18931162
2024-01-01 09:30:00,MEO-01,MEO,-2.3727164,-0.18572356,-0.38719115,-0.030252852
2024-01-01 09:45:00,MEO-01,MEO,-3.148868,-0.23396449,-0.1158331,0.21205877
2024-01-01 10:00:00,MEO-01,MEO,-1.4050428,-0.38203052,-0.029656798,0.3228724
2024-01-01 10:15:00,MEO-01,MEO,-3.484402,-0.08568278,-0.033219405,0.33364788
2024-01-01 10:30:00,MEO-01,MEO,-2.6344516,-0.24866438,0.45159426,0.053464346
2024-01-01 10:45:00,MEO-01,MEO,-2.671933,-0.2210586,0.59355706,0.21177696
2024-01-01 11:00:00,MEO-01,MEO,-0.5316645,-0.07744373,0.70938,0.34327352
2024-01-01 11:15:00,MEO-01,MEO,-1.441432,0.0659351,0.776329,0.43299273
2024-01-01 11:30:00,MEO-01,MEO,-0.20605353,-0.09762541,1.3328509,0.014874395
2024-01-01 11:45:00,MEO-01,MEO,-2.2417097,0.06527848,1.6198603,0.30392072
2024-01-01 12:00:00,MEO-01,MEO,-0.012598082,0.15715729,1.3302916,0.32610604
2024-01-01 12:15:00,MEO-01,MEO,1.0257251,0.23641697,1.366556,0.40136304
2024-01-01 12:30:00,MEO-01,MEO,0.6781684,0.23294269,1.6606566,0.34051546
2024-01-01 12:45:00,MEO-01,MEO,2.0637746,0.22001635,1.5021391,0.2806823
2024-01-01 13:00:00,MEO-01,MEO,0.82302487,0.20676832,1.5006301,0.024820676
2024-01-01 13:15:00,MEO-01,MEO,3.0660238,0.32089266,1.5987788,-0.19420983
2024-01-01 13:30:00,MEO-01,MEO,4.2110353,0.21678934,0.91359365,-0.02318478
2024-01-01 13:45:00,MEO-01,MEO,1.7230619,0.03212633,1.4133344,0.12741072
2024-01-01 14:00:00,MEO-01,MEO,1.6781919,0.35681537,0.96233684,0.12624186
2024-01-01 14:15:00,MEO-01,MEO,3.556989,0.38173154,0.6377781,-0.03638632
2024-01-01 14:30:00,MEO-01,MEO,3.6121457,0.023633597,0.46034423,-0.13791361
2024-01-01 14:45:00,MEO-01,MEO,1.3977079,0.11949643,0.27951375,-0.20277978
2024-01-01 15:00:00,MEO-01,MEO,1.2967066,0.23674127,-0.27874053,-0.39755726
2024-01-01 15:15:00,MEO-01,MEO,1.2060299,0.33080578,0.20433119,-0.3840478
2024-01-01 15:30:00,MEO-01,MEO,-0.13314155,0.07537586,-0.26941776,-0.15960902
2024-01-01 15:45:00,MEO-01,MEO,0.0076709697,-0.051168814,-0.3701674,-0.59094054
2024-01-01 16:00:00,MEO-01,MEO,-0.2992976,-0.046313956,-0.40927407,-0.24030441
2024-01-01 16:15:00,MEO-01,MEO,-0.24683179,0.06345619,-0.8679219,-0.55649585
2024-01-01 16:30:00,MEO-01,MEO,0.28507885,-0.17970522,-0.63189375,-0.327203
2024-01-01 16:45:00,MEO-01,MEO,0.41537467,-0.2303093,-0.8241258,-0.7466023
2024-01-01 17:00:00,MEO-01,MEO,1.6056393,-0.22772495,-0.6080696,-0.44871128
2024-01-01 17:15:00,MEO-01,MEO,-1.0693237,-0.29763538,-1.1846234,-0.63944596
2024-01-01 17:30:00,MEO-01,MEO,0.8429054,-0.20709296,-0.73562396,-0.7248793
2024-01-01 17:45:00,MEO-01,MEO,-0.37214074,-0.0689089,-0.77916974,-0.4549485
2024-01-01 18:00:00,MEO-01,MEO,-0.2662735,-0.20705338,-0.5492571,-0.30322793
2024-01-01 18:15:00,MEO-01,MEO,0.45173854,-0.2697112,-0.5409195,-0.54053086
2024-01-01 18:30:00,MEO-01,MEO,-1.4872388,-0.27710754,-0.76380414,-0.590577
2024-01-01 18:45:00,MEO-01,MEO,-0.03868488,-0.4071714,-0.7472333,-0.32492757
2024-01-01 19:00:00,MEO-01,MEO,-0.35871002,-0.16591206,-0.6433291,-0.26399305
2024-01-01 19:15:00,MEO-01,MEO,-0.17845362,-0.26653332,-0.8253788,-0.10356614
2024-01-01 19:30:00,MEO-01,MEO,-0.54757386,-0.2828654,-0.4827752,0.025486637
2024-01-01 19:45:00,MEO-01,MEO,1.3600299,0.046865687,-0.74065584,-0.054265834
2024-01-01 20:00:00,MEO-01,MEO,-1.9690347,-0.2513972,-1.2602602,0.306198
2024-01-01 20:15:00,MEO-01,MEO,-2.0935478,-0.36575815,-0.7744458,0.135219
2024-01-01 20:30:00,MEO-01,MEO,-2.3902483,-0.3419668,-0.9044785,0.12266198
2024-01-01 20:45:00,MEO-01,MEO,-2.5812206,-0.19141021,-1.0161396,0.0041165245
2024-01-01 21:00:00,MEO-01,MEO,-2.910645,-0.29860377,-0.87154615,0.27474052
2024-01-01 21:15:00,MEO-01,MEO,-1.2883221,-0.45273018,-0.5073002,0.32795483
2024-01-01 21:30:00,MEO-01,MEO,-1.1703513,-0.20986767,-0.19798519,0.58170396
2024-01-01 21:45:00,MEO-01,MEO,-3.2323935,-0.35422283,-0.28868508,0.5603143
2024-01-01 22:00:00,MEO-01,MEO,-3.526083,-0.07753559,-0.34444582,0.36051968
2024-01-01 22:15:00,MEO-01,MEO,-2.1405299,-0.12565,0.036952894,0.60221744
2024-01-01 22:30:00,MEO-01,MEO,-3.0150511,-0.23845069,0.052954167,0.7079269
2024-01-01 22:45:00,MEO-01,MEO,-1.575905,-0.0173809,0.18970677,0.85860837
2024-01-01 23:00:00,MEO-01,MEO,-1.7285393,-0.083076835,0.29659387,0.7757885
2024-01-01 23:15:00,MEO-01,MEO,-3.0942645,0.057041727,0.37022468,0.7609117
2024-01-01 23:30:00,MEO-01,MEO,0.37165025,0.086089164,0.84710675,0.6507399
2024-01-01 23:45:00,MEO-01,MEO,1.0266731,0.02095592,1.1370623,0.6858438
2024-01-02 00:00:00,MEO-01,MEO,-0.9103587,0.109024696,1.2214917,0.79207444
2024-01-02 00:15:00,MEO-01,MEO,-0.20828524,0.34157637,1.2752038,0.37336233
2024-01-02 00:30:00,MEO-01,MEO,0.9160235,0.2653587,1.2316287,0.4816044
2024-01-02 00:45:00,MEO-01,MEO,1.3720603,0.31159803,1.5665112,0.37164688
2024-01-02 01:00:00,MEO-01,MEO,2.0165343,0.30055708,1.1996511,0.49146247
2024-01-02 01:15:00,MEO-01,MEO,3.654109,0.47202215,1.5862471,0.56060284
2024-01-02 01:30:00,MEO-01,MEO,1.6817272,0.657979,1.1054265,0.22339085
2024-01-02 01:45:00,MEO-01,MEO,1.1826547,0.3550238,1.0375984,-0.11231788
2024-01-02 02:00:00,MEO-01,MEO,0.6562618,0.46230057,0.74807763,0.11519819
2024-01-02 02:15:00,MEO-01,MEO,1.3064798,0.5878546,0.73466897,0.24349326
2024-01-02 02:30:00,MEO-01,MEO,1.9804204,0.41516748,0.85076946,0.11633574
2024-01-02 02:45:00,MEO-01,MEO,3.6725914,0.43612286,0.5905971,0.030054152
2024-01-02 03:00:00,MEO-01,MEO,1.1793703,0.24548434,0.46672544,-0.1440064
2024-01-02 03:15:00,MEO-01,MEO,1.6955479,0.35050896,0.17573702,-0.35858962
2024-01-02 03:30:00,MEO-01,MEO,1.1549792,0.24214621,-0.29149833,-0.15004687
2024-01-02 03:45:00,MEO-01,MEO,2.110421,0.3119076,-0.27015218,-0.40802804
2024-01-02 04:00:00,MEO-01,MEO,3.2013657,0.28573546,-0.46085423,-0.0049067126
2024-01-02 04:15:00,MEO-01,MEO,-0.0065819477,0.382429,-0.11574336,-0.28992894
2024-01-02 04:30:00,MEO-01,MEO,-0.16944435,0.14199583,-0.66990846,-0.49831003
2024-01-02 04:45:00,MEO-01,MEO,1.2050134,0.08211529,-0.30981553,-0.530856
2024-01-02 05:00:00,MEO-01,MEO,0.70535344,0.03984191,-0.29918778,-0.47289282
2024-01-02 05:15:00,MEO-01,MEO,1.7288748,-0.038692538,-0.08210747,-0.50632864
2024-01-02 05:30:00,MEO-01,MEO,0.41961193,0.011635713,-0.5170904,-0.3059063
2024-01-02 05:45:00,MEO-01,MEO,-0.56340545,-0.06639309,-0.27057573,-0.44014525
2024-01-02 06:00:00,MEO-01,MEO,0.3491135,-0.031447913,0.03584638,-0.56439346
2024-01-02 06:15:00,MEO-01,MEO,0.787191,0.07407652,-0.5149743,-0.14984447
2024-01-02 06:30:00,MEO-01,MEO,0.47873083,-0.1668626,-0.6762433,-0.39748624
2024-01-02 06:45:00,MEO-01,MEO,0.042753007,0.03900089,-0.74591166,-0.25435197
2024-01-02 07:00:00,MEO-01,MEO,0.5136012,0.046748046,-0.21521406,-0.41975746
2024-01-02 07:15:00,MEO-01,MEO,0.54568416,-0.108627446,-0.7614405,-0.22777858
2024-01-02 07:30:00,MEO-01,MEO,0.56076187,-0.32309785,-0.47602746,-0.18509108
2024-01-02 07:45:00,MEO-01,MEO,-0.388056,-0.18800527,-0.36652976,-0.46148756
2024-01-02 08:00:00,MEO-01,MEO,-1.4339255,-0.015655916,-0.44874218,0.18016377
2024-01-02 08:15:00,MEO-01,MEO,-1.3766469,-0.16683567,-0.42939818,0.12850937
2024-01-02 08:30:00,MEO-01,MEO,-0.6117443,-0.28365764,-0.4790565,-0.06758177
2024-01-02 08:45:00,MEO-01,MEO,-2.8756988,-0.25205028,-0.27160516,-0.117292576
2024-01-02 09:00:00,MEO-01,MEO,-1.9446976,-0.1325567,-0.69519114,0.15414165
2024-01-02 09:15:00,MEO-01,MEO,-2.8810093,-0.17268637,-0.572971,0.16586557
2024-01-02 09:30:00,MEO-01,MEO,-2.6269665,-0.25625977,-0.52268404,0.25300258
2024-01-02 09:45:00,MEO-01,MEO,-1.4108948,-0.26708278,-0.12809561,0.27023748
2024-01-02 10:00:00,MEO-01,MEO,-2.5415442,-0.25969315,0.053724762,0.35355356
2024-01-02 10:15:00,MEO-01,MEO,-2.6289635,-0.29439774,0.14773697,0.5244133
2024-01-02 10:30:00,MEO-01,MEO,-3.864125,-0.013667652,0.44304466,0.41524887
2024-01-02 10:45:00,MEO-01,MEO,-1.5694884,-0.17226541,0.17125122,0.1878763
2024-01-02 11:00:00,MEO-01,MEO,-1.364477,0.024215205,0.9213466,0.5572696
2024-01-02 11:15:00,MEO-01,MEO,0.5558003,0.10320297,1.084913,0.5986413
2024-01-02 11:30:00,MEO-01,MEO,-1.5485076,0.10378786,1.1076976,0.8171021
2024-01-02 11:45:00,MEO-01,MEO,-0.5649633,0.01594846,1.4655741,0.15971522
2024-01-02 12:00:00,MEO-01,MEO,-0.06780438,0.15464865,0.88676804,0.34108102
2024-01-02 12:15:00,MEO-01,MEO,1.7533954,0.16468684,1.1886969,-0.038393546
2024-01-02 12:30:00,MEO-01,MEO,0.49464735,0.12492835,1.1773887,0.31955922
2024-01-02 12:45:00,MEO-01,MEO,1.2443546,0.28915507,1.4582137,0.11106656
2024-01-02 13:00:00,MEO-01,MEO,1.9522563,0.17162336,1.0646963,0.43332863
2024-01-02 13:15:00,MEO-01,MEO,1.838933,0.43104622,1.3313792,-0.02420176
2024-01-02 13:30:00,MEO-01,MEO,1.4389772,0.27754152,1.3477697,-0.21760432
2024-01-02 13:45:00,MEO-01,MEO,2.236761,0.34437734,1.088484,-0.093523614
2024-01-02 14:00:00,MEO-01,MEO,3.1517408,0.34148818,0.8133068,-0.3790995
2024-01-02 14:15:00,MEO-01,MEO,1.0487894,0.26544756,0.36309946,-0.030303765
2024-01-02 14:30:00,MEO-01,MEO,2.1371393,0.3185962,0.18985914,-0.5120772
2024-01-02 14:45:00,MEO-01,MEO,1.142388,0.17297913,0.4051762,-0.2554571
2024-01-02 15:00:00,MEO-01,MEO,2.905271,0.26195556,0.10569847,-0.6258112
2024-01-02 15:15:00,MEO-01,MEO,-0.021214982,-0.009541734,-0.23595233,-0.41258344
2024-01-02 15:30:00,MEO-01,MEO,0.6650371,0.085934445,-0.47439575,-0.16346273
2024-01-02 15:45:00,MEO-01,MEO,1.3728093,0.21552438,-0.96766645,-0.39545965
2024-01-02 16:00:00,MEO-01,MEO,2.2788455,-0.12805745,-0.877778,-0.6120453
2024-01-02 16:15:00,MEO-01,MEO,0.44766095,-0.14180595,-0.35239944,-0.51287216
2024-01-02 16:30:00,MEO-01,MEO,-0.2050305,-0.063718006,-1.0658208,-0.5233153
2024-01-02 16:45:00,MEO-01,MEO,2.0390375,-0.13243191,-0.80411875,-0.46468553
2024-01-02 17:00:00,MEO-01,MEO,-1.3970606,-0.1443876,-0.6368859,-0.74162567
2024-01-02 17:15:00,MEO-01,MEO,-2.2411826,-0.15338382,-1.0853353,-0.44004536
2024-01-02 17:30:00,MEO-01,MEO,0.3420521,-0.15588784,-0.75492424,-0.918248
2024-01-02 17:45:00,MEO-01,MEO,-0.6049471,-0.12040676,-0.5287763,-0.5822113
2024-01-02 18:00:00,MEO-01,MEO,-1.1962838,-0.19837944,-0.6994879,-0.5278898
2024-01-02 18:15:00,MEO-01,MEO,0.45852455,-0.26860163,-0.12862581,-0.3187906
2024-01-02 18:30:00,MEO-01,MEO,-0.09451836,-0.18066904,-1.0090312,-0.36233002
2024-01-02 18:45:00,MEO-01,MEO,-1.0070653,-0.060864136,-0.43685958,-0.5219853
2024-01-02 19:00:00,MEO-01,MEO,-1.8312415,-0.26748642,-0.6849053,-0.39862674
2024-01-02 19:15:00,MEO-01,MEO,0.19602403,-0.35620254,-0.472607,-0.15601209
2024-01-02 19:30:00,MEO-01,MEO,-0.18548016,-0.15410933,-0.57749903,-0.12881266
2024-01-02 19:45:00,MEO-01,MEO,-1.1079007,-0.2844832,-0.8132028,-0.13222218
2024-01-02 20:00:00,MEO-01,MEO,0.60163105,-0.49853945,-0.6455935,-0.04425256
2024-01-02 20:15:00,MEO-01,MEO,-2.5124128,-0.20583689,-1.0340345,0.20600897
2024-01-02 20:30:00,MEO-01,MEO,-3.2236447,-0.35286388,-0.49463475,0.09697207
2024-01-02 20:45:00,MEO-01,MEO,-2.5504687,-0.31530812,-0.54561573,0.23263794
2024-01-02 21:00:00,MEO-01,MEO,-2.1075943,-0.2767328,-0.44048688,0.6396299
2024-01-02 21:15:00,MEO-01,MEO,-2.03237,-0.2898524,-0.26522955,0.16486046
2024-01-02 21:30:00,MEO-01,MEO,-2.6890097,-0.23084539,-0.30867955,0.15988183
2024-01-02 21:45:00,MEO-01,MEO,-2.1608565,-0.33095706,-0.22251225,0.6084802
2024-01-02 22:00:00,MEO-01,MEO,-3.794596,-0.21355478,-0.26972863,0.43562856
2024-01-02 22:15:00,MEO-01,MEO,-1.0104462,-0.2596095,-0.0924349,0.5286436
2024-01-02 22:30:00,MEO-01,MEO,-2.3749182,-0.11983745,0.48774835,0.4900238
2024-01-02 22:45:00,MEO-01,MEO,-0.9516824,-0.08394579,0.73672146,0.59043366
2024-01-02 23:00:00,MEO-01,MEO,-1.452179,-0.18340625,0.6092466,0.8824436
2024-01-02 23:15:00,MEO-01,MEO,-1.0197831,0.08036257,0.90814507,0.76710397
2024-01-02 23:30:00,MEO-01,MEO,-0.50469416,-0.01598046,0.89324725,0.7710605
2024-01-02 23:45:00,MEO-01,MEO,-0.14946337,0.18639736,1.5039588,0.41516295
2024-01-03 00:00:00,MEO-01,MEO,0.5074597,0.21010841,1.5467111,0.43197566
2024-01-03 00:15:00,MEO-01,MEO,1.6267138,0.42239866,1.9103204,0.14741714
2024-01-03 00:30:00,MEO-01,MEO,0.9509078,0.27648962,1.435534,0.41261318
2024-01-03 00:45:00,MEO-01,MEO,1.8904747,0.3170312,1.5719151,0.63103765
2024-01-03 01:00:00,MEO-01,MEO,1.4291087,0.39412737,1.6899648,0.51213145
2024-01-03 01:15:00,MEO-01,MEO,3.2631488,0.39934427,1.733492,0.34284252
2024-01-03 01:30:00,MEO-01,MEO,1.3744786,0.53172076,1.4552544,0.30959195
2024-01-03 01:45:00,MEO-01,MEO,3.9649098,0.300146,1.1771718,0.14289494
2024-01-03 02:00:00,MEO-01,MEO,2.18674,0.3545104,1.3434639,0.20774513
2024-01-03 02:15:00,MEO-01,MEO,0.80369514,0.33985227,1.1113812,0.22135395
2024-01-03 02:30:00,MEO-01,MEO,2.3156598,0.51816237,0.6472632,-0.20669176
2024-01-03 02:45:00,MEO-01,MEO,1.3984083,0.56194705,0.927506,0.010773368
2024-01-03 03:00:00,MEO-01,MEO,2.6910367,0.34127876,0.6694562,0.03785783
2024-01-03 03:15:00,MEO-01,MEO,0.9476878,0.29079607,0.25444415,-0.22900006
2024-01-03 03:30:00,MEO-01,MEO,0.9278264,0.26786584,0.09071562,-0.12223593
2024-01-03 03:45:00,MEO-01,MEO,-0.7476547,0.3295224,0.057893027,0.1393124
2024-01-03 04:00:00,MEO-01,MEO,0.44835138,0.07426153,-0.32613108,-0.34817263
2024-01-03 04:15:00,MEO-01,MEO,-1.6306418,0.14730956,-0.236739,-0.31650898
2024-01-03 04:30:00,MEO-01,MEO,-0.9710178,0.18155228,-0.7322374,-0.52192134
2024-01-03 04:45:00,MEO-01,MEO,1.2402194,0.09964508,-0.15138686,-0.41196054
2024-01-03 05:00:00,MEO-01,MEO,1.1589173,0.03936164,-0.64742863,-0.38991043
2024-01-03 05:15:00,MEO-01,MEO,0.712924,0.0967287,-0.07247676,-0.44117698
2024-01-03 05:30:00,MEO-01,MEO,-0.7686945,-0.2925359,-0.42631447,-0.6263857
2024-01-03 05:45:00,MEO-01,MEO,0.11202587,0.030934583,-0.39666954,-0.43715343
2024-01-03 06:00:00,MEO-01,MEO,0.06450857,-0.11370158,-0.45320037,-0.23531932
2024-01-03 06:15:00,MEO-01,MEO,-1.1490061,-0.24074653,-0.30680326,-0.3661152
2024-01-03 06:30:00,MEO-01,MEO,1.436915,-0.015088084,0.052629977,-0.2605844
2024-01-03 06:45:00,MEO-01,MEO,0.7336628,0.06237889,-0.7343392,-0.40522975
2024-01-03 07:00:00,MEO-01,MEO,-0.4003404,-0.09870831,0.026717773,-0.21603845
2024-01-03 07:15:00,MEO-01,MEO,-0.3437183,-0.0015331379,-0.1717893,-0.24035574
2024-01-03 07:30:00,MEO-01,MEO,-0.30866146,0.05031545,-0.50044173,-0.37439418
2024-01-03 07:45:00,MEO-01,MEO,-2.8044987,0.0042683794,-0.49399835,-0.13026202
2024-01-03 08:00:00,MEO-01,MEO,-1.2644155,0.01864108,0.06615976,-0.27088198
2024-01-03 08:15:00,MEO-01,MEO,-1.9069611,-0.09033611,-0.5060608,-0.16001934
2024-01-03 08:30:00,MEO-01,MEO,-2.4719996,-0.17618406,-0.55169034,0.020396775
2024-01-03 08:45:00,MEO-01,MEO,-2.0253375,-0.36176938,-0.108558275,0.09263452
2024-01-03 09:00:00,MEO-01,MEO,-0.18970665,-0.24122496,-0.23192045,-0.07637747
2024-01-03 09:15:00,MEO-01,MEO,-1.513628,-0.31168437,-0.45495486,0.31095877
2024-01-03 09:30:00,MEO-01,MEO,-2.8869772,-0.015272282,-0.15423705,0.28545317
2024-01-03 09:45:00,MEO-01,MEO,-1.8158135,-0.24798892,-0.30246463,0.1357916
2024-01-03 10:00:00,MEO-01,MEO,-1.0147598,-0.20819685,0.27515388,0.04697969
2024-01-03 10:15:00,MEO-01,MEO,-1.441083,-0.14700818,0.44185063,0.28558174
2024-01-03 10:30:00,MEO-01,MEO,-2.0940006,-0.17084497,0.48576263,0.26314184
2024-01-03 10:45:00,MEO-01,MEO,-2.5550556,0.029471738,0.6395116,0.3622957
2024-01-03 11:00:00,MEO-01,MEO,-0.9706512,-0.15976559,1.0963273,0.29841766
2024-01-03 11:15:00,MEO-01,MEO,-0.9054613,-0.029467888,0.90595055,0.051430568
2024-01-03 11:30:00,MEO-01,MEO,-0.0076158047,-0.07029028,0.8397216,0.28604153
2024-01-03 11:45:00,MEO-01,MEO,0.21005414,-0.072891764,1.3131509,0.28239647
2024-01-03 12:00:00,MEO-01,MEO,1.0525,0.05309873,1.8135535,0.39969787
2024-01-03 12:15:00,MEO-01,MEO,-0.065012805,0.16340272,1.291356,0.16919132
2024-01-03 12:30:00,MEO-01,MEO,2.254917,0.17236832,1.4436496,0.48838803
2024-01-03 12:45:00,MEO-01,MEO,1.5771407,0.18747702,1.5940409,-0.09344948
2024-01-03 13:00:00,MEO-01,MEO,3.7832034,0.1488956,1.4825486,0.34148687
2024-01-03 13:15:00,MEO-01,MEO,1.3088157,0.3039677,1.2581085,0.05834264
2024-01-03 13:30:00,MEO-01,MEO,3.946333,0.1735312,1.5273626,0.16471086
2024-01-03 13:45:00,MEO-01,MEO,2.5365884,0.40026698,1.5754366,-0.010863829
2024-01-03 14:00:00,MEO-01,MEO,1.7887723,0.32140335,1.0067883,0.08815701
2024-01-03 14:15:00,MEO-01,MEO,1.9597238,0.1455829,0.59387004,-0.20107298
2024-01-03 14:30:00,MEO-01,MEO,2.0065503,0.22900593,0.23608723,-0.3671078
2024-01-03 14:45:00,MEO-01,MEO,2.6394107,0.14525387,0.39475015,-0.046650086
2024-01-03 15:00:00,MEO-01,MEO,2.614529,0.2067433,0.3042726,-0.33116153
2024-01-03 15:15:00,MEO-01,MEO,1.3275417,0.25910127,-0.014232551,-0.331305
2024-01-03 15:30:00,MEO-01,MEO,1.5900738,-0.11422075,-0.27550083,-0.22475666
2024-01-03 15:45:00,MEO-01,MEO,3.4951553,0.033134088,-0.5213268,-0.60435015
2024-01-03 16:00:00,MEO-01,MEO,2.85811,-0.04403759,-0.7606688,-0.3931976
2024-01-03 16:15:00,MEO-01,MEO,1.3231791,-0.0068974406,-0.4623937,-0.5966759
2024-01-03 16:30:00,MEO-01,MEO,0.74121505,-0.09378913,-0.52487886,-0.54584324
2024-01-03 16:45:00,MEO-01,MEO,0.67985547,-0.22558703,-1.0447153,-0.5247382
2024-01-03 17:00:00,MEO-01,MEO,1.0107474,-0.211356,-0.4455349,-0.7616302
2024-01-03 17:15:00,MEO-01,MEO,-0.7320205,-0.2819051,-0.64864033,-0.645756
2024-01-03 17:30:00,MEO-01,MEO,-0.14304838,-0.111759275,-0.48242706,-0.3099283
2024-01-03 17:45:00,MEO-01,MEO,-1.6457802,-0.22924559,-0.9895193,-0.35479996
2024-01-03 18:00:00,MEO-01,MEO,0.3423629,-0.049242243,-0.9469983,-0.46404466
2024-01-03 18:15:00,MEO-01,MEO,0.5017751,-0.25054193,-0.68101746,-0.37732112
2024-01-03 18:30:00,MEO-01,MEO,-0.64039505,-0.3187671,-0.52898324,-0.40986103
2024-01-03 18:45:00,MEO-01,MEO,1.2947223,-0.40222377,-0.28696495,-0.10766333
2024-01-03 19:00:00,MEO-01,MEO,-1.6228272,-0.43453702,-0.5081372,-0.28093067
2024-01-03 19:15:00,MEO-01,MEO,-1.9922032,-0.4171632,-0.7046046,-0.15103777
2024-01-03 19:30:00,MEO-01,MEO,-0.42664546,-0.23810473,-0.8209237,0.054951973
2024-01-03 19:45:00,MEO-01,MEO,0.1561078,-0.22157256,-0.4065585,-0.16195928
2024-01-03 20:00:00,MEO-01,MEO,0.58387005,-0.43939155,-0.82892025,0.26169088
2024-01-03 20:15:00,MEO-01,MEO,-1.7985213,-0.20107523,-0.2957972,-0.12798543
2024-01-03 20:30:00,MEO-01,MEO,-0.5372117,-0.34763715,-0.66543543,0.41907227
2024-01-03 20:45:00,MEO-01,MEO,-1.8815422,-0.2915755,-0.22989978,0.18995029
2024-01-03 21:00:00,MEO-01,MEO,-2.2308655,-0.14870876,-0.35676816,0.27773464
2024-01-03 21:15:00,MEO-01,MEO,-1.3795295,-0.21921843,-0.4379964,0.09491133
2024-01-03 21:30:00,MEO-01,MEO,-1.747668,-0.32864362,-0.41314664,0.36943904
2024-01-03 21:45:00,MEO-01,MEO,-4.0665135,-0.37652764,-0.22199598,0.33497077
2024-01-03 22:00:00,MEO-01,MEO,-1.0409073,-0.4800469,0.111885734,0.4462781
2024-01-03 22:15:00,MEO-01,MEO,-1.0490249,-0.30557016,0.21105781,0.5557826
2024-01-03 22:30:00,MEO-01,MEO,-2.8588102,-0.21483152,0.25114822,0.750866
2024-01-03 22:45:00,MEO-01,MEO,-1.6475631,-0.24420048,0.5455721,0.66054416
2024-01-03 23:00:00,MEO-01,MEO,-1.184826,-0.10298808,0.7956898,0.6888144
2024-01-03 23:15:00,MEO-01,MEO,-1.1118901,-0.020550452,0.56616026,0.48245677
2024-01-03 23:30:00,MEO-01,MEO,-1.5109105,0.015130286,1.3086452,0.50961393
2024-01-03 23:45:00,MEO-01,MEO,-1.16194,0.04059133,1.1908946,0.89740574
2024-01-04 00:00:00,MEO-01,MEO,-0.059246134,0.19024515,1.3051155,0.49436855
2024-01-04 00:15:00,MEO-01,MEO,1.591594,0.28277436,1.3135178,0.82171017
2024-01-04 00:30:00,MEO-01,MEO,1.4088932,0.18979631,1.3824911,0.49756113
2024-01-04 00:45:00,MEO-01,MEO,0.89645505,0.49305612,1.4547594,0.48787537
2024-01-04 01:00:00,MEO-01,MEO,2.386018,0.3862105,1.5566573,0.5951443
2024-01-04 01:15:00,MEO-01,MEO,-0.90811807,0.4315472,2.0344937,0.5668534
2024-01-04 01:30:00,MEO-01,MEO,3.3270354,0.52254796,1.4634877,0.2963151
2024-01-04 01:45:00,MEO-01,MEO,0.56619793,0.4850987,1.4599963,0.1879913
2024-01-04 02:00:00,MEO-01,MEO,2.015362,0.5551923,1.3041329,0.16864324
2024-01-04 02:15:00,MEO-01,MEO,1.2591428,0.475345,1.0791239,0.15716583
2024-01-04 02:30:00,MEO-01,MEO,1.0301522,0.3618879,0.8290969,0.1693868
2024-01-04 02:45:00,MEO-01,MEO,3.3658817,0.42703605,0.38273937,-0.033539306
2024-01-04 03:00:00,MEO-01,MEO,1.5257887,0.23735107,0.7055172,-0.009174457
2024-01-04 03:15:00,MEO-01,MEO,2.1022835,0.3185342,0.59169805,0.07901894
2024-01-04 03:30:00,MEO-01,MEO,1.4905664,0.25753763,-0.28079405,-0.17014457
2024-01-04 03:45:00,MEO-01,MEO,1.7863432,0.1925229,-0.3318392,-0.23613784
2024-01-04 04:00:00,MEO-01,MEO,1.121526,0.1541431,-0.27690384,-0.56035787
2024-01-04 04:15:00,MEO-01,MEO,-0.45672876,-0.064712256,-0.47220755,-0.77011454
2024-01-04 04:30:00,MEO-01,MEO,1.6644226,0.02916002,-0.22158277,-0.35295644
2024-01-04 04:45:00,MEO-01,MEO,-0.009453513,0.05882015,-0.5226589,-0.45337185
2024-01-04 05:00:00,MEO-01,MEO,-1.1901318,0.03638912,0.041807078,-0.5361686
2024-01-04 05:15:00,MEO-01,MEO,-0.17188168,-0.10614342,-0.1468696,-0.4338738
2024-01-04 05:30:00,MEO-01,MEO,1.6717777,0.104358114,-0.31302238,-0.48249194
2024-01-04 05:45:00,MEO-01,MEO,0.99393123,-0.12347043,-0.11379065,-0.29894066
2024-01-04 06:00:00,MEO-01,MEO,-0.25591305,0.048651706,-0.08951298,-0.44173208
2024-01-04 06:15:00,MEO-01,MEO,-0.28271964,-0.014963799,-0.40308973,-0.5454491
2024-01-04 06:30:00,MEO-01,MEO,-0.27617186,-0.13083108,-0.4336285,-0.25635755
2024-01-04 06:45:00,MEO-01,MEO,2.0442104,0.10254413,-0.22507055,-0.4022476
2024-01-04 07:00:00,MEO-01,MEO,0.2657817,-0.20432714,-0.06461571,-0.24954298
2024-01-04 07:15:00,MEO-01,MEO,0.1704116,-0.0049051754,-0.21372217,-0.35385752
2024-01-04 07:30:00,MEO-01,MEO,0.61439216,-0.010854143,-0.5833023,-0.32923162
2024-01-04 07:45:00,MEO-01,MEO,-0.37730297,-0.19428508,-0.4322942,-0.16541493
2024-01-04 08:00:00,MEO-01,MEO,-1.1198323,-0.0061088414,-0.30964246,-0.1202032
2024-01-04 08:15:00,MEO-01,MEO,-1.2786508,-0.1895535,-0.35242555,0.0068867626
2024-01-04 08:30:00,MEO-01,MEO,-1.4247383,-0.15485807,0.0717499,-0.048299335
2024-01-04 08:45:00,MEO-01,MEO,-1.5680711,-0.17554061,-0.5824714,-0.22740608
2024-01-04 09:00:00,MEO-01,MEO,-1.0540552,-0.23004958,-0.18773691,0.03709132
2024-01-04 09:15:00,MEO-01,MEO,-1.9525884,-0.14627889,0.05001301,0.27193367
2024-01-04 09:30:00,MEO-01,MEO,-1.3755257,-0.15301768,0.2905669,0.15504582
2024-01-04 09:45:00,MEO-01,MEO,-2.2431827,-0.40525353,-0.12918909,0.20454335
2024-01-04 10:00:00,MEO-01,MEO,-2.099485,-0.0900833,0.18670946,0.4255739
2024-01-04 10:15:00,MEO-01,MEO,-4.088482,-0.3684059,0.3648196,0.20052144
2024-01-04 10:30:00,MEO-01,MEO,-1.0255121,-0.0719506,0.4986623,0.0986129
2024-01-04 10:45:00,MEO-01,MEO,-1.3947327,-0.027362851,0.6479471,0.32122996
2024-01-04 11:00:00,MEO-01,MEO,-0.43989673,-0.2065973,0.9498258,0.28025907
2024-01-04 11:15:00,MEO-01,MEO,-3.9891012,-0.09001006,0.5621015,0.20761216
2024-01-04 11:30:00,MEO-01,MEO,1.4418154,-0.106613696,1.3587376,0.3179868
2024-01-04 11:45:00,MEO-01,MEO,-0.33740065,0.037618387,1.4088471,0.40196517
2024-01-04 12:00:00,MEO-01,MEO,1.3301558,0.083472215,1.4998564,0.30325544
2024-01-04 12:15:00,MEO-01,MEO,-0.3558156,0.24507245,2.0386674,0.31996843
2024-01-04 12:30:00,MEO-01,MEO,1.7624447,0.34632942,1.5265422,0.50859797
2024-01-04 12:45:00,MEO-01,MEO,0.49643072,0.3962875,1.573977,0.14186478
2024-01-04 13:00:00,MEO-01,MEO,1.2668625,0.23331054,1.9932604,0.18656404
2024-01-04 13:15:00,MEO-01,MEO,4.1131115,0.2913561,1.3323131,0.01560848
2024-01-04 13:30:00,MEO-01,MEO,2.2434022,0.15565942,1.2614335,-0.091180824
2024-01-04 13:45:00,MEO-01,MEO,2.7852592,0.24367437,1.159976,-0.1105702
2024-01-04 14:00:00,MEO-01,MEO,3.4650204,0.40964454,1.1765547,-0.1545901
2024-01-04 14:15:00,MEO-01,MEO,3.0899074,0.45289633,0.86734325,-0.08904731
2024-01-04 14:30:00,MEO-01,MEO,2.623358,0.13649195,0.33766404,0.15004663
2024-01-04 14:45:00,MEO-01,MEO,2.6575294,0.16122307,0.3067241,-0.36713225
2024-01-04 15:00:00,MEO-01,MEO,4.4882565,0.17218527,0.094959915,-0.37663323
2024-01-04 15:15:00,MEO-01,MEO,1.8004345,0.15307234,0.02876746,-0.37400723
2024-01-04 15:30:00,MEO-01,MEO,1.8282889,-0.0076638614,-0.05608669,-0.35059962
2024-01-04 15:45:00,MEO-01,MEO,2.4761302,0.064037584,-0.18746156,-0.41002423
2024-01-04 16:00:00,MEO-01,MEO,2.2891145,-0.07540824,-0.76662946,-0.28990686
2024-01-04 16:15:00,MEO-01,MEO,2.144381,-0.075476676,-0.26965556,-0.8721505
2024-01-04 16:30:00,MEO-01,MEO,1.3995937,-0.060480367,-0.48827392,-0.8840573
2024-01-04 16:45:00,MEO-01,MEO,-0.5778021,-0.14974786,-0.28386003,-0.6099618
2024-01-04 17:00:00,MEO-01,MEO,2.064334,-0.2230892,-0.5054652,-0.3720019
2024-01-04 17:15:00,MEO-01,MEO,-0.8277328,-0.21326351,-0.38373148,-0.7637777
2024-01-04 17:30:00,MEO-01,MEO,0.55276537,-0.22819628,-0.47771758,-0.9637341
2024-01-04 17:45:00,MEO-01,MEO,-0.5887138,-0.26837784,-0.29251894,-0.40205172
2024-01-04 18:00:00,MEO-01,MEO,0.037625343,-0.2652409,-0.41795853,-0.41810012
2024-01-04 18:15:00,MEO-01,MEO,0.4264228,-0.08461114,-0.5420322,-0.5773209
2024-01-04 18:30:00,MEO-01,MEO,0.35603637,-0.19183446,-0.03008004,-0.5135556
2024-01-04 18:45:00,MEO-01,MEO,0.3905413,-0.28040037,-0.3191352,-0.4566124
2024-01-04 19:00:00,MEO-01,MEO,1.4994822,-0.1845276,-0.36827007,-0.23429747
2024-01-04 19:15:00,MEO-01,MEO,0.1936211,-0.29213154,-0.7314785,-0.27976137
2024-01-04 19:30:00,MEO-01,MEO,-0.66281253,-0.14750494,-0.75981194,-0.04284296
2024-01-04 19:45:00,MEO-01,MEO,0.3500334,-0.23548084,-0.4466362,-0.47354755
2024-01-04 20:00:00,MEO-01,MEO,0.3270933,-0.2920027,-0.48357028,-0.10065527
2024-01-04 20:15:00,MEO-01,MEO,-2.35202,-0.24580736,-0.6517248,-0.06732432
2024-01-04 20:30:00,MEO-01,MEO,-0.77204543,-0.45641866,-0.51355517,0.13617486
2024-01-04 20:45:00,MEO-01,MEO,-0.89329547,-0.41893154,-0.23790893,0.16514446
2024-01-04 21:00:00,MEO-01,MEO,-2.068632,-0.42932332,-0.36154115,0.43381602
2024-01-04 21:15:00,MEO-01,MEO,-0.55248654,-0.29460806,-0.68594545,0.09951234
2024-01-04 21:30:00,MEO-01,MEO,-2.1515074,-0.12853907,-0.3757463,0.44448197
2024-01-04 21:45:00,MEO-01,MEO,-1.976425,-0.06427842,-0.38872522,0.5746922
2024-01-04 22:00:00,MEO-01,MEO,-2.2869272,-0.20106027,-0.13358164,0.81592214
2024-01-04 22:15:00,MEO-01,MEO,-2.023267,-0.18357037,0.037111975,0.50411433
2024-01-04 22:30:00,MEO-01,MEO,-2.920097,-0.37382427,0.21838596,0.655866
2024-01-04 22:45:00,MEO-01,MEO,-3.0600648,-0.19974992,0.29037294,0.35882425
2024-01-04 23:00:00,MEO-01,MEO,0.25086048,-0.16864076,0.739847,0.28386948
2024-01-04 23:15:00,MEO-01,MEO,-1.842691,-0.0903204,0.8727827,0.77350086
2024-01-04 23:30:00,MEO-01,MEO,-1.6332852,0.020801503,0.6087556,0.640893
2024-01-04 23:45:00,MEO-01,MEO,-2.3573747,0.05838253,1.7535015,0.8043739
2024-01-05 00:00:00,MEO-01,MEO,-0.42481717,-0.024550298,1.7255964,0.39863828
2024-01-05 00:15:00,MEO-01,MEO,-0.6321537,0.31337133,1.558876,0.65126425
2024-01-05 00:30:00,MEO-01,MEO,2.7969174,0.19156192,1.6908805,0.814343
2024-01-05 00:45:00,MEO-01,MEO,2.6386125,0.37588757,1.4774214,0.550488
2024-01-05 01:00:00,MEO-01,MEO,1.3351303,0.6034776,2.0348573,0.47607672
2024-01-05 01:15:00,MEO-01,MEO,4.560068,0.3377238,2.0136354,0.37735292
2024-01-05 01:30:00,MEO-01,MEO,3.4906218,0.19869779,1.5730137,0.07730477
2024-01-05 01:45:00,MEO-01,MEO,2.3482535,0.43317667,1.640629,0.4495637
2024-01-05 02:00:00,MEO-01,MEO,0.17168371,0.5699746,1.3297371,0.08540265
2024-01-05 02:15:00,MEO-01,MEO,5.009808,0.6424673,0.81757015,0.18214469
2024-01-05 02:30:00,MEO-01,MEO,1.2873532,0.30017668,0.819374,-0.19876389
2024-01-05 02:45:00,MEO-01,MEO,0.8798255,0.44055563,0.75570875,-0.21109274
2024-01-05 03:00:00,MEO-01,MEO,3.3107471,0.30519265,0.45217025,0.11325571
2024-01-05 03:15:00,MEO-01,MEO,4.548682,0.2970834,0.33978632,-0.21883036
2024-01-05 03:30:00,MEO-01,MEO,3.2500966,0.52529496,0.24305634,-0.009349698
2024-01-05 03:45:00,MEO-01,MEO,2.2214134,0.063037544,0.12697488,-0.29462036
2024-01-05 04:00:00,MEO-01,MEO,1.9331628,0.19237082,0.046738844,-0.6088059
2024-01-05 04:15:00,MEO-01,MEO,1.952924,0.17024197,-0.23878781,-0.2416949
2024-01-05 04:30:00,MEO-01,MEO,1.6631985,0.19261114,-0.2236786,-0.49969664
2024-01-05 04:45:00,MEO-01,MEO,1.0218067,0.059333976,-0.36818904,-0.3343449
2024-01-05 05:00:00,MEO-01,MEO,0.6980902,0.051208533,0.0670928,-0.45516956
2024-01-05 05:15:00,MEO-01,MEO,0.44687232,-0.042540766,-0.5119762,-0.7018711
2024-01-05 05:30:00,MEO-01,MEO,-0.35417116,0.0047000237,0.14096896,-0.44878715
2024-01-05 05:45:00,MEO-01,MEO,0.05561684,-0.07117218,0.24115059,-0.13867421
2024-01-05 06:00:00,MEO-01,MEO,-1.4360806,0.013863176,-0.063379824,-0.38070074
2024-01-05 06:15:00,MEO-01,MEO,0.12440512,-0.09464427,-0.5328043,-0.44203824
2024-01-05 06:30:00,MEO-01,MEO,-0.8036955,-0.028498305,-0.06631647,-0.24358098
2024-01-05 06:45:00,MEO-01,MEO,-1.0300221,-0.07791325,-0.04832227,-0.33807766
2024-01-05 07:00:00,MEO-01,MEO,0.10440476,0.027641565,-0.23542883,-0.29709336
2024-01-05 07:15:00,MEO-01,MEO,1.2217166,-0.101959966,-0.13902068,-0.4459897
2024-01-05 07:30:00,MEO-01,MEO,0.5930557,-0.2882156,0.23016962,-0.19668037
2024-01-05 07:45:00,MEO-01,MEO,-2.113471,-0.001030916,0.027551493,-0.02272365
2024-01-05 08:00:00,MEO-01,MEO,-1.7409635,-0.2359286,-0.28257746,-0.24753681
2024-01-05 08:15:00,MEO-01,MEO,-0.045417693,-0.22992548,-0.45252216,0.14858708
2024-01-05 08:30:00,MEO-01,MEO,-2.1785452,-0.24329355,-0.23311746,-0.021758376
2024-01-05 08:45:00,MEO-01,MEO,-1.6581073,-0.06412898,-0.1772454,-0.08511754
2024-01-05 09:00:00,MEO-01,MEO,-1.0412132,-0.43018612,0.02921744,0.2516522
2024-01-05 09:15:00,MEO-01,MEO,-2.6923318,0.086415134,-0.12637681,0.10984178
2024-01-05 09:30:00,MEO-01,MEO,-1.7634139,-0.12676087,0.18137075,0.31357947
2024-01-05 09:45:00,MEO-01,MEO,-3.2506762,-0.20807645,0.5990809,0.19773707
2024-01-05 10:00:00,MEO-01,MEO,-2.5403264,-0.22600672,0.49308795,0.2686435
2024-01-05 10:15:00,MEO-01,MEO,-1.5080879,-0.17360131,0.46688172,0.38135147
2024-01-05 10:30:00,MEO-01,MEO,-3.2999606,-0.12309298,0.6391861,0.37366796
2024-01-05 10:45:00,MEO-01,MEO,-1.0173327,-0.075511806,0.82490116,0.04599486
2024-01-05 11:00:00,MEO-01,MEO,-1.1436106,-0.0419402,1.3347235,0.18469861
2024-01-05 11:15:00,MEO-01,MEO,-0.25782746,-0.039970566,1.1426301,0.4919606
2024-01-05 11:30:00,MEO-01,MEO,-0.20382647,-0.015777068,1.491302,0.32447308
2024-01-05 11:45:00,MEO-01,MEO,1.3294245,0.04398316,1.6352068,0.24967963
2024-01-05 12:00:00,MEO-01,MEO,0.5196837,0.09478481,1.6424614,0.100862615
2024-01-05 12:15:00,MEO-01,MEO,0.45938048,0.28048342,1.5644765,0.11196081
2024-01-05 12:30:00,MEO-01,MEO,1.5103885,0.2746542,1.9838344,-0.06668296
2024-01-05 12:45:00,MEO-01,MEO,2.3517406,-0.03731974,1.9302231,0.17810449
2024-01-05 13:00:00,MEO-01,MEO,2.2726548,0.3551174,2.0129194,0.055046115
2024-01-05 13:15:00,MEO-01,MEO,2.5251627,0.3317519,1.734888,-0.0529977
2024-01-05 13:30:00,MEO-01,MEO,1.9601752,0.32213235,1.966784,0.02555462
2024-01-05 13:45:00,MEO-01,MEO,2.1475914,0.28540954,1.4044638,0.031761542
2024-01-05 14:00:00,MEO-01,MEO,1.4533747,0.42557067,1.6903496,0.23120338
2024-01-05 14:15:00,MEO-01,MEO,4.597929,0.3860907,0.7918115,-0.3697512
2024-01-05 14:30:00,MEO-01,MEO,1.4656636,0.18263908,1.0216807,-0.028407587
2024-01-05 14:45:00,MEO-01,MEO,1.8768427,0.26117474,0.7933757,-0.11376049
2024-01-05 15:00:00,MEO-01,MEO,1.6270739,0.07766017,0.3399617,-0.43100333
2024-01-05 15:15:00,MEO-01,MEO,3.0411532,-0.012905583,0.38703173,-0.33405337
2024-01-05 15:30:00,MEO-01,MEO,1.6231283,0.010624768,0.4208558,-0.47861445
2024-01-05 15:45:00,MEO-01,MEO,2.8926904,0.107870825,-0.3938891,-0.42170355
2024-01-05 16:00:00,MEO-01,MEO,0.68113303,0.0672882,0.022221802,-0.25615156
2024-01-05 16:15:00,MEO-01,MEO,1.3814435,-0.022722907,-0.66881967,-0.4173507
2024-01-05 16:30:00,MEO-01,MEO,0.07034684,-0.042599212,-0.42455816,-0.44972658
2024-01-05 16:45:00,MEO-01,MEO,2.9149542,-0.098772265,0.052331112,-0.60012645
2024-01-05 17:00:00,MEO-01,MEO,-0.5800686,-0.24359877,-0.3959846,-0.7592054
2024-01-05 17:15:00,MEO-01,MEO,0.82988364,-0.15911028,-0.5213596,-0.5602007
2024-01-05 17:30:00,MEO-01,MEO,1.0608095,-0.13931903,-0.3277586,-0.331598
2024-01-05 17:45:00,MEO-01,MEO,0.75833625,-0.15594761,0.16609392,-0.7168038
2024-01-05 18:00:00,MEO-01,MEO,0.06936818,-0.12046997,-0.5711419,-0.6129121
2024-01-05 18:15:00,MEO-01,MEO,0.044734064,-0.17364547,-0.40385148,-0.39484948
2024-01-05 18:30:00,MEO-01,MEO,0.14308001,-0.2127816,0.14472263,-0.51342285
2024-01-05 18:45:00,MEO-01,MEO,-0.16073811,-0.1438373,0.21642004,-0.43002936
2024-01-05 19:00:00,MEO-01,MEO,0.9065724,-0.25687516,-0.1678657,-0.31441757
2024-01-05 19:15:00,MEO-01,MEO,2.0216684,-0.34693706,-0.38429442,-0.3906567
2024-01-05 19:30:00,MEO-01,MEO,-0.93176186,-0.2811241,0.27001524,-0.26307082
2024-01-05 19:45:00,MEO-01,MEO,-1.9323877,-0.34693533,0.16416042,0.060160633
2024-01-05 20:00:00,MEO-01,MEO,-0.91278195,-0.34879032,-0.041971322,-0.16823296
2024-01-05 20:15:00,MEO-01,MEO,1.5107774,-0.3050309,-0.34961948,-0.13809705
2024-01-05 20:30:00,MEO-01,MEO,-2.0989087,-0.37857303,-0.1937424,0.08012221
2024-01-05 20:45:00,MEO-01,MEO,0.12768704,-0.33705094,-0.20557018,0.35564494
2024-01-05 21:00:00,MEO-01,MEO,-0.06873681,-0.49929228,-0.062843725,0.28460115
2024-01-05 21:15:00,MEO-01,MEO,-2.5021617,-0.287573,0.20438787,0.30872568
2024-01-05 21:30:00,MEO-01,MEO,-1.5246544,-0.30167,0.18264024,0.44431207
2024-01-05 21:45:00,MEO-01,MEO,-0.610786,-0.3691173,-0.08343429,0.22908562
2024-01-05 22:00:00,MEO-01,MEO,-2.7090812,-0.1989408,0.560324,0.61163086
2024-01-05 22:15:00,MEO-01,MEO,-2.421977,-0.13989781,0.5247389,0.6338945
2024-01-05 22:30:00,MEO-01,MEO,-2.6003568,-0.35447448,0.79895926,0.545801
2024-01-05 22:45:00,MEO-01,MEO,-2.811805,-0.22175501,1.1772907,0.78029233
2024-01-05 23:00:00,MEO-01,MEO,-2.1264265,-0.16677661,0.89643353,0.47353852
2024-01-05 23:15:00,MEO-01,MEO,-2.3248134,-0.12222595,1.3117924,0.815971
2024-01-05 23:30:00,MEO-01,MEO,-0.55582774,0.120563366,1.3889582,0.6649011
2024-01-05 23:45:00,MEO-01,MEO,-0.87157464,0.08620897,1.3398097,0.5771141
2024-01-06 00:00:00,MEO-01,MEO,0.56195843,0.14692819,1.862779,0.60166764
2024-01-06 00:15:00,MEO-01,MEO,-0.783068,0.038194064,2.4027543,0.5571892
2024-01-06 00:30:00,MEO-01,MEO,1.5102696,0.36237803,1.5903417,0.7170627
2024-01-06 00:45:00,MEO-01,MEO,2.437672,0.22803704,1.955496,0.3260303
2024-01-06 01:00:00,MEO-01,MEO,-0.0452689,0.4020626,2.0656848,0.32021162
2024-01-06 01:15:00,MEO-01,MEO,2.582556,0.45739993,1.9069752,0.53151494
2024-01-06 01:30:00,MEO-01,MEO,3.6459894,0.5877924,1.7724546,0.22360675
2024-01-06 01:45:00,MEO-01,MEO,1.3267455,0.33089504,1.3897092,0.38130772
2024-01-06 02:00:00,MEO-01,MEO,4.289893,0.15792742,1.5249712,0.4319467
2024-01-06 02:15:00,MEO-01,MEO,3.056663,0.46501753,1.1250072,0.046202946
2024-01-06 02:30:00,MEO-01,MEO,1.8561114,0.60318273,0.6421288,0.13789561
2024-01-06 02:45:00,MEO-01,MEO,2.4131682,0.51478034,1.103069,-0.20722763
2024-01-06 03:00:00,MEO-01,MEO,2.8449733,0.37268963,0.8733106,0.011202593
2024-01-06 03:15:00,MEO-01,MEO,2.1179917,0.2585146,0.47486588,-0.13682142
2024-01-06 03:30:00,MEO-01,MEO,2.387808,0.34157288,0.3407299,-0.15638527
2024-01-06 03:45:00,MEO-01,MEO,0.7001334,0.115979955,0.37714085,-0.37972158
2024-01-06 04:00:00,MEO-01,MEO,1.4804958,0.21463262,0.09897226,-0.58168375
2024-01-06 04:15:00,MEO-01,MEO,-0.32816672,0.17401966,0.2049128,-0.30001724
2024-01-06 04:30:00,MEO-01,MEO,0.75369895,0.19005351,-0.08489748,-0.7207233
2024-01-06 04:45:00,MEO-01,MEO,-0.24448895,0.32550168,0.18543975,-0.4867508
2024-01-06 05:00:00,MEO-01,MEO,-0.18050852,0.059645075,-0.024878984,-0.3177739
2024-01-06 05:15:00,MEO-01,MEO,1.7463297,-0.05427227,-0.07939542,-0.44161868
2024-01-06 05:30:00,MEO-01,MEO,1.4829878,-0.024770102,-0.35636377,-0.18117997
2024-01-06 05:45:00,MEO-01,MEO,0.9595164,-0.21376054,-0.03863904,-0.3143413
2024-01-06 06:00:00,MEO-01,MEO,-0.85177,-0.11776532,-0.22093508,-0.5527335
2024-01-06 06:15:00,MEO-01,MEO,-0.13900238,-0.09861148,-0.17443852,-0.42931357
2024-01-06 06:30:00,MEO-01,MEO,1.314576,-0.118617184,-0.20142286,-0.4119881
2024-01-06 06:45:00,MEO-01,MEO,0.14072806,-0.059751477,-0.26373643,-0.60700446
2024-01-06 07:00:00,MEO-01,MEO,2.217805,-0.16720545,0.39890796,-0.46958333
2024-01-06 07:15:00,MEO-01,MEO,0.13477968,0.015282474,0.21342419,-0.36636007
2024-01-06 07:30:00,MEO-01,MEO,-0.22227828,-0.11089167,0.33983573,-0.5371907
2024-01-06 07:45:00,MEO-01,MEO,-0.9191642,-0.1281531,-0.3045692,-0.17091614
2024-01-06 08:00:00,MEO-01,MEO,-0.7458664,-0.17814484,-0.067411974,-0.15948826
2024-01-06 08:15:00,MEO-01,MEO,-1.2963862,-0.14902978,-0.35821235,-0.31602138
2024-01-06 08:30:00,MEO-01,MEO,-0.69731706,-0.1012176,-0.24430737,0.05262946
2024-01-06 08:45:00,MEO-01,MEO,-0.66446185,-0.28828582,-0.32382056,0.1554288
2024-01-06 09:00:00,MEO-01,MEO,-2.610698,-0.28243035,0.12742387,0.13606258
2024-01-06 09:15:00,MEO-01,MEO,-3.3696089,-0.25773233,-0.13220069,0.10425069
2024-01-06 09:30:00,MEO-01,MEO,-4.0078926,-0.36695364,0.23789822,0.28836855
2024-01-06 09:45:00,MEO-01,MEO,-1.7171211,-0.31232613,0.22309248,0.3435339
2024-01-06 10:00:00,MEO-01,MEO,-3.4275222,-0.26813942,0.6947353,0.32372794
2024-01-06 10:15:00,MEO-01,MEO,-4.3896737,-0.1147178,0.1284186,0.1836256
2024-01-06 10:30:00,MEO-01,MEO,-1.717191,-0.14894909,0.8757912,0.3715235
2024-01-06 10:45:00,MEO-01,MEO,0.63396746,-0.12067437,1.0387119,0.5246467
2024-01-06 11:00:00,MEO-01,MEO,-1.5848773,-0.012410852,0.8248789,0.2633908
2024-01-06 11:15:00,MEO-01,MEO,-0.4270028,-0.06266581,1.4007449,0.66724
2024-01-06 11:30:00,MEO-01,MEO,-0.8133742,0.043003257,1.4068933,0.26544893
2024-01-06 11:45:00,MEO-01,MEO,-0.53740734,0.048788317,1.429009,0.33310038
2024-01-06 12:00:00,MEO-01,MEO,0.91831607,0.14081188,1.4655286,0.20377587
2024-01-06 12:15:00,MEO-01,MEO,0.15567778,0.10883054,1.5703186,0.30741188
2024-01-06 12:30:00,MEO-01,MEO,1.1877784,-0.028583182,2.168422,-0.024746412
2024-01-06 12:45:00,MEO-01,MEO,1.6114087,0.24329121,1.7587042,0.11139033
2024-01-06 13:00:00,MEO-01,MEO,0.98717326,0.43180215,1.9152266,-0.019006427
2024-01-06 13:15:00,MEO-01,MEO,2.9141967,0.4048998,1.5526106,0.11229124
2024-01-06 13:30:00,MEO-01,MEO,1.9573784,0.420543,1.479337,0.18494023
2024-01-06 13:45:00,MEO-01,MEO,1.5290484,0.44787446,1.6945596,0.07406688
2024-01-06 14:00:00,MEO-01,MEO,2.8221653,0.32202515,1.0328741,-0.43852523
2024-01-06 14:15:00,MEO-01,MEO,1.3700455,0.31106964,0.9887432,0.16334176
2024-01-06 14:30:00,MEO-01,MEO,2.2511227,0.19816165,0.8966916,-0.15802275
2024-01-06 14:45:00,MEO-01,MEO,2.0604522,0.18886222,0.6753881,-0.3762006
2024-01-06 15:00:00,MEO-01,MEO,2.9964466,0.23640296,0.41468757,-0.29057026
2024-01-06 15:15:00,MEO-01,MEO,2.1330574,0.24544467,0.3148934,-0.3381103
2024-01-06 15:30:00,MEO-01,MEO,1.4111191,0.05935186,0.19021286,-0.5099968
2024-01-06 15:45:00,MEO-01,MEO,2.053268,-0.023387447,0.03488618,-0.41986933
2024-01-06 16:00:00,MEO-01,MEO,2.2693594,-0.027971515,-0.43984532,-0.5736421
2024-01-06 16:15:00,MEO-01,MEO,1.193699,-0.013910773,-0.39911962,-0.5688459
2024-01-06 16:30:00,MEO-01,MEO,0.46972013,-0.25949427,-0.17408215,-0.6289597
2024-01-06 16:45:00,MEO-01,MEO,-1.0220616,-0.3800082,-0.25048238,-0.7504808
2024-01-06 17:00:00,MEO-01,MEO,-0.89586633,-0.2345043,-0.73610747,-0.51472145
2024-01-06 17:15:00,MEO-01,MEO,-0.25564358,-0.32437378,-0.3786186,-0.44113553
2024-01-06 17:30:00,MEO-01,MEO,-0.63341427,-0.270174,-0.79917556,-0.43535668
2024-01-06 17:45:00,MEO-01,MEO,-0.27321133,-0.24615479,-0.37617797,-0.36473984
2024-01-06 18:00:00,MEO-01,MEO,-0.08851871,-0.28468615,0.00972138,-0.4059977
2024-01-06 18:15:00,MEO-01,MEO,0.3441546,-0.0992291,-0.5367188,-0.49369845
2024-01-06 18:30:00,MEO-01,MEO,-0.30354393,-0.21525194,-0.46949166,-0.23977506
2024-01-06 18:45:00,MEO-01,MEO,0.16507354,-0.2208049,-0.1336641,-0.5147785
2024-01-06 19:00:00,MEO-01,MEO,-0.37305254,-0.19200233,-0.602777,-0.3859785
2024-01-06 19:15:00,MEO-01,MEO,-2.5575345,-0.37263292,-0.41680145,-0.3304441
2024-01-06 19:30:00,MEO-01,MEO,-1.6729517,-0.16090623,-0.2050054,0.04505586
2024-01-06 19:45:00,MEO-01,MEO,-1.0840257,-0.2800215,-0.45219302,0.096064724
2024-01-06 20:00:00,MEO-01,MEO,-2.4067767,-0.21422443,-0.37706178,0.100968294
2024-01-06 20:15:00,MEO-01,MEO,-0.7716526,-0.39776477,-0.19263576,0.26237327
2024-01-06 20:30:00,MEO-01,MEO,-0.0583821,-0.4547069,-0.26661575,0.04273354
2024-01-06 20:45:00,MEO-01,MEO,-0.6180311,-0.22446582,-0.28992495,0.29814088
2024-01-06 21:00:00,MEO-01,MEO,-2.2322505,-0.27228987,-0.35239708,0.29536328
2024-01-06 21:15:00,MEO-01,MEO,-0.72414356,-0.39910752,-0.11180686,0.5054452
2024-01-06 21:30:00,MEO-01,MEO,-2.2631166,-0.38875687,-0.12091945,0.4203746
2024-01-06 21:45:00,MEO-01,MEO,-2.8545585,-0.17486495,0.13553753,0.4332003
2024-01-06 22:00:00,MEO-01,MEO,-3.239606,-0.38380656,0.060956888,0.6185613
2024-01-06 22:15:00,MEO-01,MEO,-2.867626,-0.069387525,0.2940548,0.7078046
2024-01-06 22:30:00,MEO-01,MEO,-2.8013673,-0.28378057,0.3326248,0.5069455
2024-01-06 22:45:00,MEO-01,MEO,-1.9623406,-0.08164334,0.7182687,0.6202423
2024-01-06 23:00:00,MEO-01,MEO,-1.6587307,-0.122724235,0.76161665,0.48389682
2024-01-06 23:15:00,MEO-01,MEO,-1.4548516,0.0320831,0.9008552,0.27207553
2024-01-06 23:30:00,MEO-01,MEO,-0.5764402,-0.016795516,1.3815962,0.67179596
2024-01-06 23:45:00,MEO-01,MEO,0.566698,0.08931229,1.5476387,0.7189328
2024-01-07 00:00:00,MEO-01,MEO,0.7589941,0.1774716,1.7667004,0.64395875
2024-01-07 00:15:00,MEO-01,MEO,-1.177969,0.13836156,1.5955309,0.2808447
2024-01-07 00:30:00,MEO-01,MEO,-1.835553,0.37291867,1.8245435,0.4813929
2024-01-07 00:45:00,MEO-01,MEO,2.106692,0.30064154,1.8917632,0.15478002
2024-01-07 01:00:00,MEO-01,MEO,0.18370427,0.37320933,1.8003551,0.6400447
2024-01-07 01:15:00,MEO-01,MEO,1.617101,0.33022732,1.4774297,0.21316133
2024-01-07 01:30:00,MEO-01,MEO,0.9209965,0.19549318,1.5627283,0.5012475
2024-01-07 01:45:00,MEO-01,MEO,0.5088042,0.4426743,1.4990711,0.38810822
2024-01-07 02:00:00,MEO-01,MEO,2.8807316,0.70114017,1.2570997,0.04194275
2024-01-07 02:15:00,MEO-01,MEO,3.1007862,0.525093,0.6625082,-0.063445546
2024-01-07 02:30:00,MEO-01,MEO,1.6761001,0.42120558,0.91910887,0.08824679
2024-01-07 02:45:00,MEO-01,MEO,-0.49946982,0.3645966,1.0879116,-0.16082239
2024-01-07 03:00:00,MEO-01,MEO,1.386668,0.3539703,0.3947822,-0.0866347
2024-01-07 03:15:00,MEO-01,MEO,2.081254,0.36239016,0.14410011,-0.23915915
2024-01-07 03:30:00,MEO-01,MEO,-0.024900958,0.14277935,0.2121245,-0.4945148
2024-01-07 03:45:00,MEO-01,MEO,1.3796701,0.32476676,0.1397953,-0.61745596
2024-01-07 04:00:00,MEO-01,MEO,0.9095235,0.23853497,0.16233483,-0.2985186
2024-01-07 04:15:00,MEO-01,MEO,1.2952993,0.19529122,-0.37714761,-0.4597387
2024-01-07 04:30:00,MEO-01,MEO,0.6734018,0.12788008,-0.041553207,-0.49417627
2024-01-07 04:45:00,MEO-01,MEO,-0.59752864,0.05149733,-0.09547313,-0.33476865
2024-01-07 05:00:00,MEO-01,MEO,1.4328746,0.0876896,-0.25306696,-0.28293484
2024-01-07 05:15:00,MEO-01,MEO,-0.05261518,0.055805504,-0.15902965,-0.51128507
2024-01-07 05:30:00,MEO-01,MEO,-0.010279003,-0.05761674,-0.014806024,-0.5245212
2024-01-07 05:45:00,MEO-01,MEO,-0.9620702,-0.09421313,-0.01666181,-0.39308622
2024-01-07 06:00:00,MEO-01,MEO,-0.54698277,-0.038108382,-0.42689392,-0.65818906
2024-01-07 06:15:00,MEO-01,MEO,-1.0636494,0.09721878,-0.0004939011,-0.3999376
2024-01-07 06:30:00,MEO-01,MEO,-0.38281888,-0.19011906,-0.1750176,-0.3220996
2024-01-07 06:45:00,MEO-01,MEO,1.4669989,-0.22173949,-0.169537,-0.26764342
2024-01-07 07:00:00,MEO-01,MEO,-1.7051574,-0.068487376,-0.18880656,-0.6190364
2024-01-07 07:15:00,MEO-01,MEO,-2.021557,-0.091731824,-0.22872403,-0.3964492
2024-01-07 07:30:00,MEO-01,MEO,0.8770997,-0.09357821,0.0009140657,-0.36349708
2024-01-07 07:45:00,MEO-01,MEO,-1.0339055,-0.10282774,-0.27903742,-0.16305712
2024-01-07 08:00:00,MEO-01,MEO,-1.816499,-0.1676756,-0.532136,-0.050015803
2024-01-07 08:15:00,MEO-01,MEO,-0.29888076,-0.015562508,-0.3969971,0.15941927
2024-01-07 08:30:00,MEO-01,MEO,-2.1679344,-0.34381783,-0.28237554,-0.082247294
2024-01-07 08:45:00,MEO-01,MEO,0.024664713,-0.2844225,-0.031772662,-0.026587991
2024-01-07 09:00:00,MEO-01,MEO,-1.3325504,-0.2269442,-0.13522807,0.2744582
2024-01-07 09:15:00,MEO-01,MEO,-2.7154512,-0.3916786,-0.36194596,0.19734746
2024-01-07 09:30:00,MEO-01,MEO,-0.13210885,-0.24995199,0.38531548,0.38979995
2024-01-07 09:45:00,MEO-01,MEO,-2.9661803,-0.06425332,0.07329975,0.28481007
2024-01-07 10:00:00,MEO-01,MEO,-1.671341,-0.21842867,0.39383352,0.10404992
2024-01-07 10:15:00,MEO-01,MEO,-2.0202575,-0.17908663,0.27953038,0.107348174
2024-01-07 10:30:00,MEO-01,MEO,-0.8514445,-0.3012217,0.5873504,0.09730655
2024-01-07 10:45:00,MEO-01,MEO,-0.35429683,-0.2016695,0.83400786,0.4446324
2024-01-07 11:00:00,MEO-01,MEO,-1.6033529,-0.13502029,1.10269,0.5311747
2024-01-07 11:15:00,MEO-01,MEO,-2.00613,-0.080700144,1.2626632,0.62995344
2024-01-07 11:30:00,MEO-01,MEO,-0.31612134,0.13212115,1.3977278,0.47075936
2024-01-07 11:45:00,MEO-01,MEO,-0.9571612,0.11487959,1.3178947,0.5026651
2024-01-07 12:00:00,MEO-01,MEO,2.204411,0.0031298453,1.4226788,0.21764626
2024-01-07 12:15:00,MEO-01,MEO,0.78710645,0.19175689,1.7125633,0.10045889
2024-01-07 12:30:00,MEO-01,MEO,0.711879,0.26512071,1.8992372,0.36409873
2024-01-07 12:45:00,MEO-01,MEO,1.6783195,0.37073404,1.6650615,0.25594872
2024-01-07 13:00:00,MEO-01,MEO,0.5167614,0.4475814,1.8670055,0.16092841
2024-01-07 13:15:00,MEO-01,MEO,1.2293622,0.21076886,1.8830712,0.15009621
2024-01-07 13:30:00,MEO-01,MEO,3.5813968,0.2429175,1.306946,0.08425096
2024-01-07 13:45:00,MEO-01,MEO,1.9220502,0.1985036,1.1983154,0.16973847
2024-01-07 14:00:00,MEO-01,MEO,1.5466758,0.2897574,1.1442592,0.11147152
2024-01-07 14:15:00,MEO-01,MEO,3.1128695,0.3379739,1.0285952,-0.06133563
2024-01-07 14:30:00,MEO-01,MEO,3.656839,0.35866028,0.61793107,-0.07544431
2024-01-07 14:45:00,MEO-01,MEO,3.0054204,0.2128744,0.7720186,-0.18261634
2024-01-07 15:00:00,MEO-01,MEO,3.1241605,0.14284109,0.39938,-0.3833149
2024-01-07 15:15:00,MEO-01,MEO,1.1562583,0.14023203,0.12029539,-0.25105405
2024-01-07 15:30:00,MEO-01,MEO,0.21547838,-0.0102178,-0.33427674,-0.6191437
2024-01-07 15:45:00,MEO-01,MEO,2.8569205,0.23058535,-0.46100584,-0.2914731
2024-01-07 16:00:00,MEO-01,MEO,0.73334134,-0.18879041,-0.2536454,-0.66169965
2024-01-07 16:15:00,MEO-01,MEO,0.63694423,-0.05555739,-0.8481418,-0.46532115
2024-01-07 16:30:00,MEO-01,MEO,2.0153918,0.08725183,-0.27717173,-0.6527909
2024-01-07 16:45:00,MEO-01,MEO,1.0358737,-0.1497101,-0.6041965,-0.45257172
2024-01-07 17:00:00,MEO-01,MEO,0.79753906,-0.19845451,0.06228844,-0.5416857
2024-01-07 17:15:00,MEO-01,MEO,2.3979669,-0.23804708,-0.14914618,-0.76814383
2024-01-07 17:30:00,MEO-01,MEO,-0.5664994,-0.23739916,-0.6018745,-0.4494843
2024-01-07 17:45:00,MEO-01,MEO,0.94660413,-0.0940919,-0.5430744,-0.57441676
2024-01-07 18:00:00,MEO-01,MEO,-0.032404654,-0.4605475,-0.283266,-0.3224767
2024-01-07 18:15:00,MEO-01,MEO,0.15310022,-0.091132484,-0.084025376,-0.4135908
2024-01-07 18:30:00,MEO-01,MEO,1.4118516,-0.39032212,-0.7503254,-0.3064115
2024-01-07 18:45:00,MEO-01,MEO,0.35003093,-0.27751756,-0.7327725,-0.45478618
2024-01-07 19:00:00,MEO-01,MEO,0.2719956,-0.29714748,-0.47838292,-0.3392776
2024-01-07 19:15:00,MEO-01,MEO,0.64248866,-0.19989428,-0.24787085,-0.25460988
2024-01-07 19:30:00,MEO-01,MEO,-0.8801111,-0.42462984,-0.25432858,0.011552824
2024-01-07 19:45:00,MEO-01,MEO,-1.5452422,-0.2262278,-0.1765443,0.206253
2024-01-07 20:00:00,MEO-01,MEO,-2.0235524,-0.07884152,-0.65963244,-0.09290326
2024-01-07 20:15:00,MEO-01,MEO,-3.1815434,-0.42689645,-0.90054244,0.263111
2024-01-07 20:30:00,MEO-01,MEO,0.6043193,-0.28036043,-0.26897073,-0.15082565
2024-01-07 20:45:00,MEO-01,MEO,-2.7962646,-0.372453,-0.60197407,0.06672322
2024-01-07 21:00:00,MEO-01,MEO,-2.1485293,-0.2673421,-0.76755106,0.17032267
2024-01-07 21:15:00,MEO-01,MEO,-2.4032729,-0.30698758,-0.26584387,0.17553656
2024-01-07 21:30:00,MEO-01,MEO,-1.9547644,-0.36593926,-0.026779056,0.20011997
2024-01-07 21:45:00,MEO-01,MEO,-1.5371408,-0.2386212,-0.09025105,0.55289155
2024-01-07 22:00:00,MEO-01,MEO,-1.5736884,-0.08443056,-0.035713952,0.5053149
2024-01-07 22:15:00,MEO-01,MEO,-2.9414124,-0.2527452,0.2113021,0.63329005
2024-01-07 22:30:00,MEO-01,MEO,-2.380651,-0.1217427,0.3314818,0.71076816
2024-01-07 22:45:00,MEO-01,MEO,-1.6546476,-0.27480984,0.3474638,0.6692462
2024-01-07 23:00:00,MEO-01,MEO,-1.9607617,-0.18550602,0.66404754,0.7413274
2024-01-07 23:15:00,MEO-01,MEO,0.29704192,0.019004988,1.1641884,0.63635486
2024-01-07 23:30:00,MEO-01,MEO,-0.36126742,0.18602748,1.342851,0.46367803
2024-01-07 23:45:00,MEO-01,MEO,0.2772396,0.14115292,1.4932157,0.7862691
2024-01-08 00:00:00,MEO-01,MEO,0.61399055,0.14207388,1.4356477,0.5162819
2024-01-08 00:15:00,MEO-01,MEO,1.5888447,0.23850945,1.6954948,0.4329395
2024-01-08 00:30:00,MEO-01,MEO,1.0110054,0.17379545,1.3805662,0.5073326
2024-01-08 00:45:00,MEO-01,MEO,-0.06944962,0.4124144,1.8851879,0.35061055
2024-01-08 01:00:00,MEO-01,MEO,1.9628507,0.48430264,2.125291,0.37197495
2024-01-08 01:15:00,MEO-01,MEO,1.2691576,0.3844532,1.511295,0.4276776
2024-01-08 01:30:00,MEO-01,MEO,1.6512696,0.40472233,1.6044059,0.36518824
2024-01-08 01:45:00,MEO-01,MEO,2.9569929,0.4883649,1.658808,0.11155326
2024-01-08 02:00:00,MEO-01,MEO,3.646299,0.41620666,1.6475787,0.103875495
2024-01-08 02:15:00,MEO-01,MEO,2.391373,0.4400193,1.1046443,0.26762214
2024-01-08 02:30:00,MEO-01,MEO,2.5890007,0.6331038,0.85776705,0.110151276
2024-01-08 02:45:00,MEO-01,MEO,3.862563,0.36618313,0.40530574,0.27708596
2024-01-08 03:00:00,MEO-01,MEO,2.1819086,0.3158897,0.60319436,0.07501183
2024-01-08 03:15:00,MEO-01,MEO,4.3474903,0.24292405,0.85777307,0.004908946
2024-01-08 03:30:00,MEO-01,MEO,2.0675626,0.33527982,0.3727313,-0.4355213
2024-01-08 03:45:00,MEO-01,MEO,-0.51228356,0.19521216,0.18618631,-0.16830671
2024-01-08 04:00:00,MEO-01,MEO,1.7300117,0.10205954,0.1446497,-0.34048724
2024-01-08 04:15:00,MEO-01,MEO,1.1533626,0.25560305,-0.010085055,-0.4581523
2024-01-08 04:30:00,MEO-01,MEO,1.858857,0.22599281,-0.24601424,-0.3860105
2024-01-08 04:45:00,MEO-01,MEO,1.1151266,-0.010506694,0.051319372,-0.2973665
2024-01-08 05:00:00,MEO-01,MEO,0.14095809,-0.16625051,-0.0731991,-0.38382643
2024-01-08 05:15:00,MEO-01,MEO,-1.0263902,0.09737546,-0.13330872,-0.6021744
2024-01-08 05:30:00,MEO-01,MEO,-0.067840606,-0.09067565,-0.30775478,-0.36206254
2024-01-08 05:45:00,MEO-01,MEO,-0.7747293,0.04220961,0.16789728,-0.5637458
2024-01-08 06:00:00,MEO-01,MEO,-0.5998479,-0.24530439,0.0251584,-0.42214623
2024-01-08 06:15:00,MEO-01,MEO,0.4852809,0.0315765,-0.21682109,-0.47891307
2024-01-08 06:30:00,MEO-01,MEO,1.5382552,-0.18732554,0.0966255,-0.43771243
2024-01-08 06:45:00,MEO-01,MEO,0.18301105,-0.0019105515,-0.16493045,-0.2547415
2024-01-08 07:00:00,MEO-01,MEO,-1.5231334,-0.083536156,-0.2210198,-0.48455253
2024-01-08 07:15:00,MEO-01,MEO,0.018820995,-0.19221453,-0.2636418,0.009533337
2024-01-08 07:30:00,MEO-01,MEO,0.5878999,-0.151616,-0.4842395,-0.5049205
2024-01-08 07:45:00,MEO-01,MEO,-1.4528981,-0.05859122,-0.09869885,-0.2676903
2024-01-08 08:00:00,MEO-01,MEO,-1.3006058,-0.13476592,-0.5688963,-0.06659571
2024-01-08 08:15:00,MEO-01,MEO,-1.368919,-0.106107555,-0.48300138,0.022559833
2024-01-08 08:30:00,MEO-01,MEO,-2.4490414,0.013916631,-0.6678364,-0.02307383
2024-01-08 08:45:00,MEO-01,MEO,-1.1995355,-0.35799694,-0.23989016,0.03943928
2024-01-08 09:00:00,MEO-01,MEO,-2.2477107,-0.054897454,-0.2532037,0.16358991
2024-01-08 09:15:00,MEO-01,MEO,-1.8385936,-0.21692413,-0.26578617,0.118200496
2024-01-08 09:30:00,MEO-01,MEO,-3.2734957,-0.32224497,-0.3424794,0.40862942
2024-01-08 09:45:00,MEO-01,MEO,-2.9002466,-0.3634317,-0.2414933,0.36740324
2024-01-08 10:00:00,MEO-01,MEO,-1.820299,-0.23942937,0.18822783,0.40854105
2024-01-08 10:15:00,MEO-01,MEO,-2.8303845,-0.10999171,0.08481814,0.16239393
2024-01-08 10:30:00,MEO-01,MEO,-0.5787408,-0.18796013,0.4238763,0.31812513
2024-01-08 10:45:00,MEO-01,MEO,-2.440539,0.011082128,0.38130903,0.30025473
2024-01-08 11:00:00,MEO-01,MEO,-1.5075843,-0.24261822,0.80967844,0.20204496
2024-01-08 11:15:00,MEO-01,MEO,-0.42562658,-0.050137527,1.211952,0.4065737
2024-01-08 11:30:00,MEO-01,MEO,-2.366292,-0.12128257,1.2347245,0.2636467
2024-01-08 11:45:00,MEO-01,MEO,-2.2531166,0.09547368,1.2114159,0.4265499
2024-01-08 12:00:00,MEO-01,MEO,-1.5933478,0.20296438,1.4324973,0.14411998
2024-01-08 12:15:00,MEO-01,MEO,1.619513,0.12503023,1.4144586,0.5317774
2024-01-08 12:30:00,MEO-01,MEO,0.2219845,-0.04512285,1.5171629,0.10213694
2024-01-08 12:45:00,MEO-01,MEO,3.7755938,0.27661395,1.465554,0.22619195
2024-01-08 13:00:00,MEO-01,MEO,1.0278913,0.3332012,1.4497632,0.26359066
2024-01-08 13:15:00,MEO-01,MEO,2.0764751,0.35270774,1.4452085,0.00639442
2024-01-08 13:30:00,MEO-01,MEO,3.666409,0.44758147,1.034493,0.16364343
2024-01-08 13:45:00,MEO-01,MEO,4.2939363,0.21715601,0.8628599,-0.2072116
2024-01-08 14:00:00,MEO-01,MEO,4.345245,0.381181,0.61611164,0.13504134
2024-01-08 14:15:00,MEO-01,MEO,3.4652367,0.4105888,0.35344943,-0.1408463
2024-01-08 14:30:00,MEO-01,MEO,3.213131,0.082068086,0.21978831,-0.29177645
2024-01-08 14:45:00,MEO-01,MEO,2.618264,0.25243467,0.29065785,-0.30460298
2024-01-08 15:00:00,MEO-01,MEO,2.634338,0.12440786,-0.133586,-0.19280155
2024-01-08 15:15:00,MEO-01,MEO,1.0374963,0.11690397,-0.04172708,-0.45220706
2024-01-08 15:30:00,MEO-01,MEO,0.56533396,0.10806414,-0.32907227,-0.5223731
2024-01-08 15:45:00,MEO-01,MEO,1.1525282,-0.027091376,-0.8807859,-0.48278734
2024-01-08 16:00:00,MEO-01,MEO,0.6966151,-0.09559512,-0.46237132,-0.65906554
2024-01-08 16:15:00,MEO-01,MEO,0.22577949,-0.07061621,-0.51688886,-0.23511006
2024-01-08 16:30:00,MEO-01,MEO,1.2336092,-0.22383338,-0.9493325,-0.610977
2024-01-08 16:45:00,MEO-01,MEO,1.3615398,-0.25897262,-0.69508106,-0.41083756
2024-01-08 17:00:00,MEO-01,MEO,0.3098369,-0.11151328,-0.94615334,-0.50517637
2024-01-08 17:15:00,MEO-01,MEO,1.5611095,-0.31718194,-0.7881083,-0.6766105
2024-01-08 17:30:00,MEO-01,MEO,-1.1508518,-0.15272874,-1.0163357,-0.51348245
2024-01-08 17:45:00,MEO-01,MEO,-0.25762373,-0.18511762,-1.1005529,-0.3701282
2024-01-08 18:00:00,MEO-01,MEO,-0.87380224,-0.41194198,-0.77989393,-0.48288792
2024-01-08 18:15:00,MEO-01,MEO,-2.0912077,-0.31223232,-0.67682904,-0.23482269
2024-01-08 18:30:00,MEO-01,MEO,-0.35730046,-0.12851547,-0.738134,-0.21249734
2024-01-08 18:45:00,MEO-01,MEO,-0.49297208,-0.3489689,-0.8973181,-0.17331362
2024-01-08 19:00:00,MEO-01,MEO,1.0244923,-0.30066347,-0.74338514,-0.31982628
2024-01-08 19:15:00,MEO-01,MEO,-0.029826365,-0.21254352,-0.63093275,-0.34779045
2024-01-08 19:30:00,MEO-01,MEO,-1.8738207,-0.18647835,-0.6710689,-0.2089907
2024-01-08 19:45:00,MEO-01,MEO,0.7722992,-0.29759896,-0.657395,-0.015917415
2024-01-08 20:00:00,MEO-01,MEO,-0.17045622,-0.3410235,-0.8517332,0.10974052
2024-01-08 20:15:00,MEO-01,MEO,-1.012461,-0.14834207,-0.48472777,-0.22415194
2024-01-08 20:30:00,MEO-01,MEO,-2.0911267,-0.12544107,-0.97102934,0.17340897
2024-01-08 20:45:00,MEO-01,MEO,-2.9809065,-0.20836899,-0.6208263,0.26956502
2024-01-08 21:00:00,MEO-01,MEO,-2.5948422,-0.30139902,-0.4275914,0.2725078
2024-01-08 21:15:00,MEO-01,MEO,-1.3100781,-0.38972893,-0.5002713,0.5721039
2024-01-08 21:30:00,MEO-01,MEO,-0.6736785,-0.384835,-0.53643316,0.50092524
2024-01-08 21:45:00,MEO-01,MEO,-1.0673746,-0.23515701,-0.48119277,0.68747056
2024-01-08 22:00:00,MEO-01,MEO,-3.1839268,-0.22302555,-0.04049783,0.50503093
2024-01-08 22:15:00,MEO-01,MEO,-3.7373588,-0.09349496,-0.34396082,0.7170009
2024-01-08 22:30:00,MEO-01,MEO,-2.246556,-0.1286735,-0.017623084,0.8524572
2024-01-08 22:45:00,MEO-01,MEO,-3.9265397,-0.29579055,0.31010577,0.8261577
2024-01-08 23:00:00,MEO-01,MEO,-1.4947268,0.015332378,0.8589301,0.4788417
2024-01-08 23:15:00,MEO-01,MEO,-1.6165289,-0.1280417,0.91441053,0.6087333
2024-01-08 23:30:00,MEO-01,MEO,-1.5142921,-0.0007812429,0.81981695,0.58995235
2024-01-08 23:45:00,MEO-01,MEO,-2.131987,0.13061161,1.1643881,0.7009852
2024-01-01 00:00:00,MEO-02,MEO,-0.9121295,0.21468231,1.1759006,0.70685965
2024-01-01 00:15:00,MEO-02,MEO,-0.63555664,0.18319702,1.3300555,0.90301746
2024-01-01 00:30:00,MEO-02,MEO,-0.115953326,0.4161408,1.8713299,0.6846113
2024-01-01 00:45:00,MEO-02,MEO,0.51826185,0.3841014,1.7198075,0.29786292
2024-01-01 01:00:00,MEO-02,MEO,0.81349945,0.42770892,1.7275559,0.4194955
2024-01-01 01:15:00,MEO-02,MEO,2.6216917,0.50812334,1.4917487,0.3811393
2024-01-01 01:30:00,MEO-02,MEO,1.9103057,0.66572666,1.2201736,0.38163817
2024-01-01 01:45:00,MEO-02,MEO,2.0683463,0.26464972,1.3784693,0.38336763
2024-01-01 02:00:00,MEO-02,MEO,2.100287,0.48468405,0.91476125,0.3463148
2024-01-01 02:15:00,MEO-02,MEO,2.9373434,0.4095837,0.9140913,0.08293781
2024-01-01 02:30:00,MEO-02,MEO,2.9056973,0.3357922,0.5238499,-0.06850693
2024-01-01 02:45:00,MEO-02,MEO,3.2199733,0.22861199,0.42409667,0.21695776
2024-01-01 03:00:00,MEO-02,MEO,2.3571482,0.5665369,0.05244761,-0.09233374
2024-01-01 03:15:00,MEO-02,MEO,2.6676085,0.3133542,0.033823136,-0.013890063
2024-01-01 03:30:00,MEO-02,MEO,3.3712535,0.40395316,0.02605118,-0.27031437
2024-01-01 03:45:00,MEO-02,MEO,1.3774704,0.29743406,0.09636987,-0.5628195
2024-01-01 04:00:00,MEO-02,MEO,0.09528252,0.07315928,-0.15367433,-0.31015405
2024-01-01 04:15:00,MEO-02,MEO,-0.691292,0.151781,-0.55902964,-0.48905653
2024-01-01 04:30:00,MEO-02,MEO,-0.39327595,0.13002264,-0.63005906,-0.72845256
2024-01-01 04:45:00,MEO-02,MEO,0.4855153,0.09321301,-0.1482947,-0.45543218
2024-01-01 05:00:00,MEO-02,MEO,2.0794086,0.0966615,-0.5986582,-0.56465125
2024-01-01 05:15:00,MEO-02,MEO,-0.2728608,-0.14342135,-0.45244431,-0.5107385
2024-01-01 05:30:00,MEO-02,MEO,2.0385206,0.0861633,-0.29423562,-0.28546965
2024-01-01 05:45:00,MEO-02,MEO,0.176762,0.029352812,-0.3398484,-0.5308385
2024-01-01 06:00:00,MEO-02,MEO,-1.0556413,-0.061391566,-0.6102074,-0.3375014
2024-01-01 06:15:00,MEO-02,MEO,-0.8158232,0.07820735,-0.3952381,-0.830412
2024-01-01 06:30:00,MEO-02,MEO,-0.41684428,0.014872569,-0.4781499,-0.25128403
2024-01-01 06:45:00,MEO-02,MEO,-0.08982393,-0.063983984,-0.6393425,-0.43767792
2024-01-01 07:00:00,MEO-02,MEO,-0.5808713,0.03892413,-0.4240884,-0.3413106
2024-01-01 07:15:00,MEO-02,MEO,-0.31438997,-0.083283,-0.20845285,-0.24644141
2024-01-01 07:30:00,MEO-02,MEO,1.0452191,-0.009705998,-0.39630666,0.062083505
2024-01-01 07:45:00,MEO-02,MEO,0.37657583,-0.035035856,-0.77188253,0.0505648
2024-01-01 08:00:00,MEO-02,MEO,-1.0922681,-0.32069072,-0.4189715,-0.093737565
2024-01-01 08:15:00,MEO-02,MEO,-3.2220125,0.020993667,-0.60392773,-0.3202765
2024-01-01 08:30:00,MEO-02,MEO,-1.1737835,-0.087253,-0.13130596,-0.28312188
2024-01-01 08:45:00,MEO-02,MEO,-1.388804,-0.121641755,-0.6105351,-0.0056726737
2024-01-01 09:00:00,MEO-02,MEO,-0.9442756,-0.2584573,-0.41679114,0.22484317
2024-01-01 09:15:00,MEO-02,MEO,-2.068407,-0.1219172,-0.6764088,0.27351308
2024-01-01 09:30:00,MEO-02,MEO,-3.5321794,-0.452132,-0.2377696,0.26997757
2024-01-01 09:45:00,MEO-02,MEO,-2.3442109,-0.24345767,-0.5035928,0.15936518
2024-01-01 10:00:00,MEO-02,MEO,-1.9677695,-0.23677602,-0.00044747864,0.42248225
2024-01-01 10:15:00,MEO-02,MEO,-3.4263775,-0.11838381,-0.09861613,0.32029274
2024-01-01 10:30:00,MEO-02,MEO,-2.5498638,-0.29416564,0.45324218,0.26980287
2024-01-01 10:45:00,MEO-02,MEO,-2.8035185,-0.13352628,0.7175709,0.35378048
2024-01-01 11:00:00,MEO-02,MEO,0.4125299,-0.09725234,0.57333875,0.25723252
2024-01-01 11:15:00,MEO-02,MEO,-2.1007638,-0.08305815,0.8689692,0.08262341
2024-01-01 11:30:00,MEO-02,MEO,-1.2648829,-0.08059303,1.1461126,0.44712216
2024-01-01 11:45:00,MEO-02,MEO,0.024129556,0.08045726,1.3073264,0.35729784
2024-01-01 12:00:00,MEO-02,MEO,-0.23430704,0.006140445,1.2284712,0.41281822
2024-01-01 12:15:00,MEO-02,MEO,0.8288002,0.14008889,1.5145388,0.24712001
2024-01-01 12:30:00,MEO-02,MEO,0.93553716,0.024941526,1.561088,0.35100818
2024-01-01 12:45:00,MEO-02,MEO,1.7275376,0.14116164,1.4061322,0.2257203
2024-01-01 13:00:00,MEO-02,MEO,2.7030025,0.21987528,1.0325121,0.13151424
2024-01-01 13:15:00,MEO-02,MEO,2.5058153,0.3867482,1.5782242,0.20730606
2024-01-01 13:30:00,MEO-02,MEO,3.1387053,0.24924271,1.0302737,0.1432755
2024-01-01 13:45:00,MEO-02,MEO,2.473468,0.22613561,1.209667,0.03353273
2024-01-01 14:00:00,MEO-02,MEO,2.617973,0.27748203,0.56910104,-0.33045757
2024-01-01 14:15:00,MEO-02,MEO,2.0531816,0.38092357,0.41059756,-0.06433362
2024-01-01 14:30:00,MEO-02,MEO,1.9710937,0.42933434,0.4014757,-0.45476323
2024-01-01 14:45:00,MEO-02,MEO,1.7146703,0.2461854,0.10004454,-0.16663183
2024-01-01 15:00:00,MEO-02,MEO,2.704063,0.042057708,0.28176662,-0.26744205
2024-01-01 15:15:00,MEO-02,MEO,2.9377236,-0.014755048,-0.354875,-0.42779225
2024-01-01 15:30:00,MEO-02,MEO,2.371322,0.04702808,-0.42750758,-0.3338081
2024-01-01 15:45:00,MEO-02,MEO,2.2496746,-0.17477812,-0.763183,-0.20946026
2024-01-01 16:00:00,MEO-02,MEO,1.3063394,-0.008066573,-0.38124198,-0.2992957
2024-01-01 16:15:00,MEO-02,MEO,0.47146478,-0.0131706325,-0.63974977,-0.23926067
2024-01-01 16:30:00,MEO-02,MEO,2.0376234,-0.30690423,-0.4592023,-0.47903404
2024-01-01 16:45:00,MEO-02,MEO,0.7835313,-0.19538856,-0.81205654,-0.343013
2024-01-01 17:00:00,MEO-02,MEO,-1.6321076,-0.18455109,-1.0398973,-0.5244294
2024-01-01 17:15:00,MEO-02,MEO,0.122863956,-0.11486306,-0.7179414,-0.7087256
2024-01-01 17:30:00,MEO-02,MEO,-0.23968218,-0.16330233,-0.84699476,-0.58960277
2024-01-01 17:45:00,MEO-02,MEO,0.041536294,-0.33025768,-0.6075748,-0.1313074
2024-01-01 18:00:00,MEO-02,MEO,-1.5121347,-0.07976883,-1.3028414,-0.5110557
2024-01-01 18:15:00,MEO-02,MEO,0.4870835,-0.3448602,-0.9110913,-0.5302885
2024-01-01 18:30:00,MEO-02,MEO,-0.4496046,-0.21304083,-0.7324179,-0.46763158
2024-01-01 18:45:00,MEO-02,MEO,1.1424359,-0.24522895,-0.8509187,-0.49270198
2024-01-01 19:00:00,MEO-02,MEO,-2.0453763,-0.19676378,-0.42487782,-0.3027797
2024-01-01 19:15:00,MEO-02,MEO,0.83539754,-0.22766338,-1.0971402,-0.31164882
2024-01-01 19:30:00,MEO-02,MEO,-0.8520727,-0.12186904,-0.6208196,-0.17697962
2024-01-01 19:45:00,MEO-02,MEO,-0.18620208,-0.31955945,-0.63978875,0.026470192
2024-01-01 20:00:00,MEO-02,MEO,-1.7459704,-0.38844597,-0.54096746,-0.020806462
2024-01-01 20:15:00,MEO-02,MEO,-0.7242222,-0.111792676,-0.8786062,0.15431039
2024-01-01 20:30:00,MEO-02,MEO,-2.6585033,-0.23197573,-0.4043516,-0.1136525
2024-01-01 20:45:00,MEO-02,MEO,-1.0809805,-0.42463976,-0.65246856,0.18389758
2024-01-01 21:00:00,MEO-02,MEO,-2.579677,-0.50893956,-0.46789563,0.36107305
2024-01-01 21:15:00,MEO-02,MEO,-3.5525024,-0.22603004,-0.6524658,0.22384098
2024-01-01 21:30:00,MEO-02,MEO,-1.7572358,-0.36159563,-0.09380294,0.19173782
2024-01-01 21:45:00,MEO-02,MEO,-1.6137342,-0.057628565,-0.5477635,0.25859052
2024-01-01 22:00:00,MEO-02,MEO,-2.455423,-0.19914733,-0.50997066,0.66857105
2024-01-01 22:15:00,MEO-02,MEO,-1.4429264,-0.20867905,-0.56680816,0.72594583
2024-01-01 22:30:00,MEO-02,MEO,-0.4237467,-0.09222892,0.20419598,0.35493538
2024-01-01 22:45:00,MEO-02,MEO,-0.7505709,0.024439977,0.4345795,0.5198673
2024-01-01 23:00:00,MEO-02,MEO,-2.6032057,-0.21320723,0.3440159,0.8624337
2024-01-01 23:15:00,MEO-02,MEO,-3.2441442,-0.1353272,0.7732141,0.76599395
2024-01-01 23:30:00,MEO-02,MEO,-1.395278,-0.016240755,1.1647474,0.4667583
2024-01-01 23:45:00,MEO-02,MEO,-1.5300093,0.17226532,0.9665945,0.7542643
2024-01-02 00:00:00,MEO-02,MEO,1.3164227,0.054606084,1.1448624,0.79452133
2024-01-02 00:15:00,MEO-02,MEO,0.14067036,0.24211724,0.8056848,0.43400478
2024-01-02 00:30:00,MEO-02,MEO,0.023471,0.10425952,1.2889388,0.60523605
2024-01-02 00:45:00,MEO-02,MEO,2.609073,0.3734961,1.6946658,0.25752568
2024-01-02 01:00:00,MEO-02,MEO,2.2154171,0.43564123,1.7827038,0.5936167
2024-01-02 01:15:00,MEO-02,MEO,1.700425,0.34564856,1.6240302,0.4445997
2024-01-02 01:30:00,MEO-02,MEO,4.3887625,0.4490496,1.2740782,0.45468655
2024-01-02 01:45:00,MEO-02,MEO,2.9986057,0.5333937,0.9785959,0.40080744
2024-01-02 02:00:00,MEO-02,MEO,1.2158046,0.3683247,0.99974805,0.022773545
2024-01-02 02:15:00,MEO-02,MEO,1.0962998,0.5050197,0.8782121,-0.05675634
2024-01-02 02:30:00,MEO-02,MEO,1.5883664,0.56587934,0.65492207,0.018869383
2024-01-02 02:45:00,MEO-02,MEO,3.318211,0.5294032,0.73448837,0.09351437
2024-01-02 03:00:00,MEO-02,MEO,3.6495264,0.24190684,0.116872765,0.07141746
2024-01-02 03:15:00,MEO-02,MEO,1.7206293,0.3135236,0.0003351264,-0.079750225
2024-01-02 03:30:00,MEO-02,MEO,0.9624455,0.21809937,-0.26806074,-0.35835907
2024-01-02 03:45:00,MEO-02,MEO,1.9838095,0.20479324,-0.49136195,-0.20254849
2024-01-02 04:00:00,MEO-02,MEO,2.3860822,0.2597826,-0.114454545,-0.062387645
2024-01-02 04:15:00,MEO-02,MEO,-0.85960215,-0.19400086,-0.55404603,-0.4774584
2024-01-02 04:30:00,MEO-02,MEO,0.21001926,0.00629059,-0.6811515,-0.2607974
2024-01-02 04:45:00,MEO-02,MEO,1.0650539,-0.008295487,-0.62258923,-0.44346902
2024-01-02 05:00:00,MEO-02,MEO,1.2318664,0.09282092,-0.60880744,-0.48973256
2024-01-02 05:15:00,MEO-02,MEO,-0.23605649,0.20512769,-0.31796965,-0.4310382
2024-01-02 05:30:00,MEO-02,MEO,0.47128856,0.032278337,-0.4407937,-0.34204248
2024-01-02 05:45:00,MEO-02,MEO,1.4530078,0.07498505,-0.15340681,-0.5621877
2024-01-02 06:00:00,MEO-02,MEO,-2.4384623,0.011391756,-0.48053366,-0.5728328
2024-01-02 06:15:00,MEO-02,MEO,0.56335014,0.062920004,-0.32724336,-0.36624032
2024-01-02 06:30:00,MEO-02,MEO,1.3185005,-0.07202868,-0.24580164,-0.46044427
2024-01-02 06:45:00,MEO-02,MEO,-0.95007485,-0.04625786,-0.64122987,-0.3583765
2024-01-02 07:00:00,MEO-02,MEO,-1.1447067,0.07566656,-0.4304368,-0.25722936
2024-01-02 07:15:00,MEO-02,MEO,-1.6580434,0.041345663,-0.13407184,-0.24681036
2024-01-02 07:30:00,MEO-02,MEO,-0.72203493,0.063644074,-0.40153208,-0.37158686
2024-01-02 07:45:00,MEO-02,MEO,-0.26422957,-0.14706905,-0.35825032,-0.2715339
2024-01-02 08:00:00,MEO-02,MEO,-1.9914489,-0.20514245,-0.55955654,-0.008431797
2024-01-02 08:15:00,MEO-02,MEO,-0.64888436,-0.13404563,-0.2569001,-0.027935216
2024-01-02 08:30:00,MEO-02,MEO,-0.1001911,-0.34075996,-0.09021707,-0.016335482
2024-01-02 08:45:00,MEO-02,MEO,-0.52321094,-0.4196391,-0.57450867,0.034570847
2024-01-02 09:00:00,MEO-02,MEO,0.07385241,-0.16437615,-0.5232767,0.32596436
2024-01-02 09:15:00,MEO-02,MEO,-1.7396052,-0.1495539,-0.42232043,0.12850912
2024-01-02 09:30:00,MEO-02,MEO,-2.1337078,-0.25432953,-0.5029255,0.12850378
2024-01-02 09:45:00,MEO-02,MEO,-1.2989097,-0.40485188,-0.19725645,-0.13210975
2024-01-02 10:00:00,MEO-02,MEO,-3.5468109,-0.04126423,0.12224148,0.26778933
2024-01-02 10:15:00,MEO-02,MEO,-3.5115035,-0.32087702,-0.42093864,0.4499403
2024-01-02 10:30:00,MEO-02,MEO,-2.8791738,-0.067438014,0.52992034,0.066813834
2024-01-02 10:45:00,MEO-02,MEO,-3.2511125,-0.1317126,0.57011056,0.35572118
2024-01-02 11:00:00,MEO-02,MEO,-1.0356034,-0.107663184,0.8770858,0.39131653
2024-01-02 11:15:00,MEO-02,MEO,-1.2629247,0.08420687,0.7341085,0.14769213
2024-01-02 11:30:00,MEO-02,MEO,-1.5571728,0.032580413,1.2291204,0.2373849
2024-01-02 11:45:00,MEO-02,MEO,-2.5520318,0.2535353,0.95743454,0.4643571
2024-01-02 12:00:00,MEO-02,MEO,-1.0883086,-0.10372773,1.7454678,0.4907103
2024-01-02 12:15:00,MEO-02,MEO,1.8795114,0.15914688,2.0048213,0.4278602
2024-01-02 12:30:00,MEO-02,MEO,2.8311074,0.24541882,1.2426807,0.16031244
2024-01-02 12:45:00,MEO-02,MEO,3.0487878,0.2546038,1.5034842,0.11664468
2024-01-02 13:00:00,MEO-02,MEO,1.9078045,0.44740963,1.1521229,-0.11896038
2024-01-02 13:15:00,MEO-02,MEO,0.782317,0.42892265,1.0712606,-0.104743734
2024-01-02 13:30:00,MEO-02,MEO,1.6023301,0.34391817,1.613459,0.14416263
2024-01-02 13:45:00,MEO-02,MEO,3.144193,0.21625936,0.97593004,-0.10826355
2024-01-02 14:00:00,MEO-02,MEO,4.7400417,0.37744606,1.0541812,-0.04477552
2024-01-02 14:15:00,MEO-02,MEO,3.2403498,0.29130325,0.83401287,-0.06205212
2024-01-02 14:30:00,MEO-02,MEO,2.3279421,0.13405749,0.4669514,-0.11391729
2024-01-02 14:45:00,MEO-02,MEO,2.2915583,0.09287603,0.6485127,-0.24538568
2024-01-02 15:00:00,MEO-02,MEO,0.7920597,0.25929084,0.43369207,-0.30983147
2024-01-02 15:15:00,MEO-02,MEO,0.3730657,0.04010364,-0.16042922,-0.4548085
2024-01-02 15:30:00,MEO-02,MEO,0.8643538,0.1879906,0.022762405,-0.27170378
2024-01-02 15:45:00,MEO-02,MEO,1.1482638,0.052672975,-0.20626643,-0.39656246
2024-01-02 16:00:00,MEO-02,MEO,-0.0031073329,-0.09477626,0.20308731,-0.5920378
2024-01-02 16:15:00,MEO-02,MEO,2.4998407,-0.111093126,-0.6645953,-0.5778327
2024-01-02 16:30:00,MEO-02,MEO,-0.18703309,0.03346239,-0.2233125,-0.38450363
2024-01-02 16:45:00,MEO-02,MEO,0.29151347,-0.40795353,-0.73999876,-0.2854829
2024-01-02 17:00:00,MEO-02,MEO,-0.5052132,-0.15881562,-0.9313646,-0.62794775
2024-01-02 17:15:00,MEO-02,MEO,-0.91837066,-0.17583404,-0.6159011,-0.4479075
2024-01-02 17:30:00,MEO-02,MEO,-0.63091093,-0.030746948,-0.46956706,-0.5005763
2024-01-02 17:45:00,MEO-02,MEO,1.7721184,-0.32918608,-0.6826811,-0.5872296
2024-01-02 18:00:00,MEO-02,MEO,0.7224954,-0.18913771,-0.6258544,-0.50006557
2024-01-02 18:15:00,MEO-02,MEO,0.13495934,-0.18219069,-0.3334566,-0.6258271
2024-01-02 18:30:00,MEO-02,MEO,-0.13344231,-0.3413376,-0.28727412,-0.48355725
2024-01-02 18:45:00,MEO-02,MEO,1.2490771,-0.35662127,-0.52037936,-0.29496038
2024-01-02 19:00:00,MEO-02,MEO,0.2338747,-0.29633883,-0.6018662,-0.10576894
2024-01-02 19:15:00,MEO-02,MEO,-0.47544742,-0.16832475,-0.4251312,-0.2909067
2024-01-02 19:30:00,MEO-02,MEO,0.087633155,-0.25312507,-0.6598853,-0.19262749
2024-01-02 19:45:00,MEO-02,MEO,-1.473689,-0.29310068,-0.31683433,-0.12446939
2024-01-02 20:00:00,MEO-02,MEO,-1.1427642,-0.24451178,-0.4785357,-0.059468057
2024-01-02 20:15:00,MEO-02,MEO,0.35181826,-0.21820527,-0.54999274,0.11453303
2024-01-02 20:30:00,MEO-02,MEO,0.66403013,-0.17932205,-0.42704764,-0.020148749
2024-01-02 20:45:00,MEO-02,MEO,-2.5567224,-0.3642733,-0.7058319,0.22636567
2024-01-02 21:00:00,MEO-02,MEO,-1.918989,-0.32323056,-0.25687554,0.33860213
2024-01-02 21:15:00,MEO-02,MEO,-1.6872894,-0.2474437,-0.7259395,0.5520539
2024-01-02 21:30:00,MEO-02,MEO,-2.1701484,-0.1537677,-0.77578217,0.43636006
2024-01-02 21:45:00,MEO-02,MEO,-1.0964305,-0.14230189,-0.21516973,0.4718737
2024-01-02 22:00:00,MEO-02,MEO,-3.198885,0.009691283,-0.049786292,0.56097656
2024-01-02 22:15:00,MEO-02,MEO,-1.6552325,-0.3421755,0.053667504,0.6592397
2024-01-02 22:30:00,MEO-02,MEO,-1.0694971,-0.11552087,0.35761496,0.48012826
2024-01-02 22:45:00,MEO-02,MEO,0.059182245,-0.3220204,0.65096086,0.6254345
2024-01-02 23:00:00,MEO-02,MEO,-2.7340825,-0.10889128,0.6738599,0.7673318
2024-01-02 23:15:00,MEO-02,MEO,-1.2010751,0.049500294,1.1994675,0.54092515
2024-01-02 23:30:00,MEO-02,MEO,-0.36597535,0.120062925,1.3727658,0.46675882
2024-01-02 23:45:00,MEO-02,MEO,-0.3980114,0.026138576,1.3122003,0.9104613
2024-01-03 00:00:00,MEO-02,MEO,-0.6523305,0.13399439,1.632514,0.41279787
2024-01-03 00:15:00,MEO-02,MEO,-0.6401,0.22079477,1.6822529,0.57124805
2024-01-03 00:30:00,MEO-02,MEO,2.1377883,0.34374177,1.9470968,0.6520342
2024-01-03 00:45:00,MEO-02,MEO,2.2024283,0.23105596,1.5562986,0.47420734
2024-01-03 01:00:00,MEO-02,MEO,3.2287807,0.5235486,1.9517971,0.35896474
2024-01-03 01:15:00,MEO-02,MEO,1.3545965,0.27994287,1.8629527,0.32099515
2024-01-03 01:30:00,MEO-02,MEO,1.9509444,0.3958537,1.5659063,0.16587384
2024-01-03 01:45:00,MEO-02,MEO,4.3852057,0.50741976,1.4420732,0.22014125
2024-01-03 02:00:00,MEO-02,MEO,3.6724405,0.47430372,1.823594,0.24075921
2024-01-03 02:15:00,MEO-02,MEO,3.5483272,0.31451645,1.1451409,-0.2023534
2024-01-03 02:30:00,MEO-02,MEO,3.288058,0.5103598,1.2515794,0.105646335
2024-01-03 02:45:00,MEO-02,MEO,0.5367278,0.58860505,0.910696,-0.098781854
2024-01-03 03:00:00,MEO-02,MEO,3.4396663,0.6615871,0.67365354,-0.2122382
2024-01-03 03:15:00,MEO-02,MEO,0.33095807,0.24216364,0.553915,-0.25791296
2024-01-03 03:30:00,MEO-02,MEO,1.1135194,0.283083,0.27048233,-0.3063047
2024-01-03 03:45:00,MEO-02,MEO,1.870206,0.31334767,0.04436913,-0.20011182
2024-01-03 04:00:00,MEO-02,MEO,1.4893379,0.02984287,-0.12410045,-0.4209247
2024-01-03 04:15:00,MEO-02,MEO,0.64362437,0.117346816,-0.25344813,-0.1176717
2024-01-03 04:30:00,MEO-02,MEO,0.903909,0.26134658,-0.38531378,-0.33169645
2024-01-03 04:45:00,MEO-02,MEO,0.6682523,-0.032624982,-0.26205087,-0.3142835
2024-01-03 05:00:00,MEO-02,MEO,1.2659731,-0.09286006,-0.07695188,-0.34933892
2024-01-03 05:15:00,MEO-02,MEO,1.0967832,0.044311225,-0.5654489,-0.27676198
2024-01-03 05:30:00,MEO-02,MEO,0.693371,-0.03265284,-0.0096824635,-0.76146084
2024-01-03 05:45:00,MEO-02,MEO,0.8839913,-0.12798272,0.28580612,-0.69957936
2024-01-03 06:00:00,MEO-02,MEO,0.58481634,-0.04013608,-0.13072123,-0.47816485
2024-01-03 06:15:00,MEO-02,MEO,0.5913439,-0.095415734,-0.34376654,-0.29616088
2024-01-03 06:30:00,MEO-02,MEO,0.70011723,-0.27371576,0.18690835,-0.37060872
2024-01-03 06:45:00,MEO-02,MEO,0.020140525,-0.20868555,0.2917324,-0.4347469
2024-01-03 07:00:00,MEO-02,MEO,-0.07034768,-0.1749734,0.08998647,-0.29006743
2024-01-03 07:15:00,MEO-02,MEO,0.9123935,-0.0060863197,-0.18609057,-0.24208906
2024-01-03 07:30:00,MEO-02,MEO,-0.9109086,-0.15168609,0.053833917,-0.33565503
2024-01-03 07:45:00,MEO-02,MEO,-1.5997821,-0.0305346,0.17380388,-0.02872302
2024-01-03 08:00:00,MEO-02,MEO,-0.21139325,-0.15385997,-0.54675317,-0.20251063
2024-01-03 08:15:00,MEO-02,MEO,-0.5005018,-0.23034436,0.040397935,-0.112745605
2024-01-03 08:30:00,MEO-02,MEO,-0.20372212,-0.18252906,0.016131088,0.15771456
2024-01-03 08:45:00,MEO-02,MEO,-1.4530964,-0.11560931,-0.1969376,0.41432208
2024-01-03 09:00:00,MEO-02,MEO,-1.5340551,-0.24574134,-0.46768838,0.26903814
2024-01-03 09:15:00,MEO-02,MEO,-2.1882126,-0.23243739,0.0568352,0.053322464
2024-01-03 09:30:00,MEO-02,MEO,-3.5584545,-0.32908198,0.19915074,0.30126786
2024-01-03 09:45:00,MEO-02,MEO,-2.3180325,-0.29576066,-0.14766122,0.3415748
2024-01-03 10:00:00,MEO-02,MEO,-1.3301629,-0.3327529,0.24949698,0.2189203
2024-01-03 10:15:00,MEO-02,MEO,-1.8262042,-0.10893074,0.23631492,0.2835456
2024-01-03 10:30:00,MEO-02,MEO,-0.90005136,-0.1454284,0.31237298,0.3571604
2024-01-03 10:45:00,MEO-02,MEO,-1.0390526,-0.14547266,1.0884161,0.28533614
2024-01-03 11:00:00,MEO-02,MEO,-1.4945872,-0.18560727,0.8605306,0.24467222
2024-01-03 11:15:00,MEO-02,MEO,1.399206,0.06990513,1.5974529,0.06220465
2024-01-03 11:30:00,MEO-02,MEO,1.1404569,0.0772156,1.6179632,0.6166567
2024-01-03 11:45:00,MEO-02,MEO,-0.4396851,0.15962504,1.2664039,0.22952583
2024-01-03 12:00:00,MEO-02,MEO,0.34559622,0.24372044,1.8768153,0.14967173
2024-01-03 12:15:00,MEO-02,MEO,2.4142356,0.07289554,1.316497,0.36290765
2024-01-03 12:30:00,MEO-02,MEO,3.3209646,0.21751274,1.5852352,0.38643017
2024-01-03 12:45:00,MEO-02,MEO,3.5373466,0.22873268,1.6601186,0.15961897
2024-01-03 13:00:00,MEO-02,MEO,0.8861494,0.45838326,1.6054789,0.08911198
2024-01-03 13:15:00,MEO-02,MEO,2.8975358,0.26716903,1.6708138,0.16273491
2024-01-03 13:30:00,MEO-02,MEO,4.3093023,0.34856123,1.359998,0.11475661
2024-01-03 13:45:00,MEO-02,MEO,2.8485,0.33981997,1.1663499,0.023384508
2024-01-03 14:00:00,MEO-02,MEO,4.5104175,0.17113315,1.2916117,0.13971639
2024-01-03 14:15:00,MEO-02,MEO,2.8701627,0.17034818,1.1507353,-0.10369576
2024-01-03 14:30:00,MEO-02,MEO,3.3463364,0.19293743,0.9323511,-0.29737806
2024-01-03 14:45:00,MEO-02,MEO,2.2006629,0.13415587,0.7970293,-0.3057081
2024-01-03 15:00:00,MEO-02,MEO,2.050641,0.27057305,0.7232051,-0.26741514
2024-01-03 15:15:00,MEO-02,MEO,1.609846,0.0037757163,0.058319144,-0.58191186
2024-01-03 15:30:00,MEO-02,MEO,2.0624673,0.12510933,-0.014159102,-0.26462048
2024-01-03 15:45:00,MEO-02,MEO,0.97364515,0.13360213,0.23975295,-0.5528514
2024-01-03 16:00:00,MEO-02,MEO,2.8987858,-0.09072984,-0.22147048,-0.3943149
2024-01-03 16:15:00,MEO-02,MEO,0.9423843,-0.0858022,-0.39919254,-0.27274117
2024-01-03 16:30:00,MEO-02,MEO,1.3534702,0.07282283,-0.6833676,-0.6081186
2024-01-03 16:45:00,MEO-02,MEO,0.6131578,-0.100406095,-0.89405054,-0.34456196
2024-01-03 17:00:00,MEO-02,MEO,1.9491166,-0.0652918,-0.2777838,-0.4633904
2024-01-03 17:15:00,MEO-02,MEO,0.8068259,-0.2633419,-0.25607553,-0.5655989
2024-01-03 17:30:00,MEO-02,MEO,1.2193193,-0.18170094,-0.15636605,-0.14642805
2024-01-03 17:45:00,MEO-02,MEO,0.6647444,-0.22154553,-0.32370982,-0.45145497
2024-01-03 18:00:00,MEO-02,MEO,1.7619747,-0.2674056,-0.4092133,-0.4318469
2024-01-03 18:15:00,MEO-02,MEO,0.22951743,-0.3564157,-0.41570428,-0.3894087
2024-01-03 18:30:00,MEO-02,MEO,-1.5123006,-0.29205188,0.010291142,-0.24521878
2024-01-03 18:45:00,MEO-02,MEO,0.56717825,-0.22071645,-0.468177,-0.29748073
2024-01-03 19:00:00,MEO-02,MEO,0.326733,-0.17710333,-0.07184489,-0.34833702
2024-01-03 19:15:00,MEO-02,MEO,-0.35593432,-0.23425038,-0.24692602,-0.18446963
2024-01-03 19:30:00,MEO-02,MEO,-0.6490955,-0.329114,-0.09352165,-0.023503795
2024-01-03 19:45:00,MEO-02,MEO,-0.58340126,-0.19559462,-0.5145117,-0.028962458
2024-01-03 20:00:00,MEO-02,MEO,-0.7068783,-0.31448552,-0.5397127,0.11969794
2024-01-03 20:15:00,MEO-02,MEO,-0.04540115,-0.17345573,-0.37017247,0.19219755
2024-01-03 20:30:00,MEO-02,MEO,-1.507343,-0.22995846,-0.44277105,-0.006494526
2024-01-03 20:45:00,MEO-02,MEO,-0.67623633,-0.2834236,-0.2744173,0.3531497
2024-01-03 21:00:00,MEO-02,MEO,-3.5121796,-0.30276227,-0.059154354,0.55472994
2024-01-03 21:15:00,MEO-02,MEO,-1.6329001,-0.2863956,0.114316285,0.3378511
2024-01-03 21:30:00,MEO-02,MEO,-3.5465572,-0.2631871,-0.39028487,0.73917407
2024-01-03 21:45:00,MEO-02,MEO,-1.3706738,-0.2559551,-0.17682537,0.34597844
2024-01-03 22:00:00,MEO-02,MEO,0.3620446,-0.34603938,-0.25890863,0.48983693
2024-01-03 22:15:00,MEO-02,MEO,-3.1966252,-0.14675161,0.34085825,0.70452887
2024-01-03 22:30:00,MEO-02,MEO,-0.5018394,-0.15411715,0.45901427,0.44463944
2024-01-03 22:45:00,MEO-02,MEO,-2.4383838,-0.14416191,0.72855926,0.5224091
2024-01-03 23:00:00,MEO-02,MEO,-1.4175364,-0.16471243,1.0312693,0.5745364
2024-01-03 23:15:00,MEO-02,MEO,-0.19760069,-0.11911683,1.4287931,0.79571426
2024-01-03 23:30:00,MEO-02,MEO,-1.50094,0.06661895,1.4447856,0.9878981
2024-01-03 23:45:00,MEO-02,MEO,-0.16167964,0.10099671,1.4977745,0.6704956
2024-01-04 00:00:00,MEO-02,MEO,-0.8672687,0.08396717,1.4847314,0.7180375
2024-01-04 00:15:00,MEO-02,MEO,1.7278445,0.2770452,1.5579134,0.53306633
2024-01-04 00:30:00,MEO-02,MEO,0.7531797,0.3202244,1.979844,0.5501316
2024-01-04 00:45:00,MEO-02,MEO,0.97635865,0.45681494,1.7994444,0.3746381
2024-01-04 01:00:00,MEO-02,MEO,1.4411234,0.3076291,1.7276049,0.44897872
2024-01-04 01:15:00,MEO-02,MEO,1.2013234,0.49831238,1.7055672,0.45062426
2024-01-04 01:30:00,MEO-02,MEO,2.1540825,0.380975,1.6401237,0.35479814
2024-01-04 01:45:00,MEO-02,MEO,0.5066274,0.61659807,1.6261436,-0.05178041
2024-01-04 02:00:00,MEO-02,MEO,4.3935075,0.5523386,1.5141932,0.114898786
2024-01-04 02:15:00,MEO-02,MEO,3.218388,0.4230841,1.3763534,0.0970497
2024-01-04 02:30:00,MEO-02,MEO,2.4736795,0.39429745,1.2815694,0.12266845
2024-01-04 02:45:00,MEO-02,MEO,0.7075331,0.31022003,0.8637973,-0.16805577
2024-01-04 03:00:00,MEO-02,MEO,2.6992607,0.51377165,0.6204977,-0.36647812
2024-01-04 03:15:00,MEO-02,MEO,2.2822754,0.49817386,0.521887,-0.17041539
2024-01-04 03:30:00,MEO-02,MEO,0.68427783,0.014468084,0.58887416,-0.2745792
2024-01-04 03:45:00,MEO-02,MEO,1.4575089,0.32699522,0.24993593,-0.077995844
2024-01-04 04:00:00,MEO-02,MEO,0.90750986,0.08369177,0.28580913,-0.62046665
2024-01-04 04:15:00,MEO-02,MEO,-1.8057688,0.18714264,0.16747457,-0.18789248
2024-01-04 04:30:00,MEO-02,MEO,0.90669435,0.08320991,0.31258175,-0.6710492
2024-01-04 04:45:00,MEO-02,MEO,1.380569,-0.014235495,-0.32876143,-0.3165203
2024-01-04 05:00:00,MEO-02,MEO,-0.7015921,0.014005447,0.35708013,-0.7030675
2024-01-04 05:15:00,MEO-02,MEO,-0.023367958,0.05474929,0.010489609,-0.6757688
2024-01-04 05:30:00,MEO-02,MEO,0.36171955,0.02736481,0.5226781,-0.5190265
2024-01-04 05:45:00,MEO-02,MEO,-0.62469,0.017374525,-0.06705804,-0.26088673
2024-01-04 06:00:00,MEO-02,MEO,0.26974195,-0.22618505,-0.10325823,-0.48232523
2024-01-04 06:15:00,MEO-02,MEO,0.8431338,0.09554653,-0.021060307,-0.5843744
2024-01-04 06:30:00,MEO-02,MEO,-0.07860667,0.0111602945,0.35518932,-0.4058877
2024-01-04 06:45:00,MEO-02,MEO,-0.2893034,-0.070785455,-0.024433885,-0.24688525
2024-01-04 07:00:00,MEO-02,MEO,-1.1284657,-0.10134499,-0.124804564,-0.29868805
2024-01-04 07:15:00,MEO-02,MEO,-0.64221513,0.09413281,-0.20961353,-0.41547894
2024-01-04 07:30:00,MEO-02,MEO,-1.1209136,-0.1694575,0.25047195,-0.33251953
2024-01-04 07:45:00,MEO-02,MEO,1.2017263,-0.06957845,-0.01393113,-0.15138409
2024-01-04 08:00:00,MEO-02,MEO,-0.34550956,-0.25493023,0.03908465,-0.29285955
2024-01-04 08:15:00,MEO-02,MEO,0.32067937,-0.09834975,-0.6319162,-0.34146845
2024-01-04 08:30:00,MEO-02,MEO,-0.039752252,-0.3713091,-0.26152343,-0.29195124
2024-01-04 08:45:00,MEO-02,MEO,-2.9767547,-0.28302944,-0.09329249,0.13474013
2024-01-04 09:00:00,MEO-02,MEO,-0.19704087,-0.14176811,-0.118130565,-0.029408462
2024-01-04 09:15:00,MEO-02,MEO,-2.2476976,-0.1768819,-0.084764294,0.34480593
2024-01-04 09:30:00,MEO-02,MEO,-1.7242452,-0.16066258,0.075896226,0.27527624
2024-01-04 09:45:00,MEO-02,MEO,-2.923173,-0.14131415,0.0759077,0.2500841
2024-01-04 10:00:00,MEO-02,MEO,-2.4004426,-0.31706214,0.40763357,0.5294569
2024-01-04 10:15:00,MEO-02,MEO,-3.4810362,-0.14266501,0.72666854,0.32315883
2024-01-04 10:30:00,MEO-02,MEO,-1.243287,-0.04774101,0.7799855,0.6274257
2024-01-04 10:45:00,MEO-02,MEO,-1.9460576,-0.053052966,0.97587526,0.3586911
2024-01-04 11:00:00,MEO-02,MEO,-1.2916763,-0.07225276,0.5765753,0.38612542
2024-01-04 11:15:00,MEO-02,MEO,-1.8618389,-0.14233308,1.332246,0.3548718
2024-01-04 11:30:00,MEO-02,MEO,-0.77170825,0.043662146,1.6254689,0.40608874
2024-01-04 11:45:00,MEO-02,MEO,-0.40995485,-0.029496325,1.7238766,0.31418565
2024-01-04 12:00:00,MEO-02,MEO,-0.21588333,0.18598272,2.001,0.16506457
2024-01-04 12:15:00,MEO-02,MEO,-0.7231792,0.048691887,1.7225753,0.4087673
2024-01-04 12:30:00,MEO-02,MEO,1.0943313,0.13418208,2.0616243,-0.043578442
2024-01-04 12:45:00,MEO-02,MEO,2.5808053,0.21239185,1.6570414,0.08760186
2024-01-04 13:00:00,MEO-02,MEO,1.3730203,0.4071723,1.7408526,0.10333075
2024-01-04 13:15:00,MEO-02,MEO,3.9403322,0.17082417,1.7997321,0.048458826
2024-01-04 13:30:00,MEO-02,MEO,2.5252478,0.208794,1.4370875,-0.07584508
2024-01-04 13:45:00,MEO-02,MEO,3.4483266,0.29958412,1.4319572,0.23698041
2024-01-04 14:00:00,MEO-02,MEO,3.1151524,0.38602576,1.4515275,-0.112789474
2024-01-04 14:15:00,MEO-02,MEO,1.8926864,0.5496782,1.3338699,-0.2051287
2024-01-04 14:30:00,MEO-02,MEO,2.9188128,0.20349276,0.8724803,-0.13130377
2024-01-04 14:45:00,MEO-02,MEO,2.0392692,0.28201857,0.8864643,-0.1284952
2024-01-04 15:00:00,MEO-02,MEO,2.5038364,0.09048843,0.22050232,-0.218925
2024-01-04 15:15:00,MEO-02,MEO,2.7386754,-0.098622054,0.15727304,-0.34590706
2024-01-04 15:30:00,MEO-02,MEO,1.0322598,0.070623256,0.39202514,-0.19433057
2024-01-04 15:45:00,MEO-02,MEO,2.7342763,-0.14255084,-0.013253291,-0.26105204
2024-01-04 16:00:00,MEO-02,MEO,0.897367,0.052446887,-0.03373413,-0.27466926
2024-01-04 16:15:00,MEO-02,MEO,0.09210411,0.0009092797,-0.26640302,-0.64755523
2024-01-04 16:30:00,MEO-02,MEO,0.8925702,-0.1631168,-0.27199742,-0.39003807
2024-01-04 16:45:00,MEO-02,MEO,-0.3442446,0.018907754,-0.20457397,-0.43238628
2024-01-04 17:00:00,MEO-02,MEO,-0.6218236,-0.2910412,-0.22009288,-0.5480298
2024-01-04 17:15:00,MEO-02,MEO,-0.8505138,-0.23125616,-0.11843769,-0.45006007
2024-01-04 17:30:00,MEO-02,MEO,2.54364,-0.36812833,-0.4423088,-0.7856354
2024-01-04 17:45:00,MEO-02,MEO,1.0854927,-0.24613534,-0.525556,-0.7832228
2024-01-04 18:00:00,MEO-02,MEO,0.7501608,-0.27182078,-0.46090782,-0.33229217
2024-01-04 18:15:00,MEO-02,MEO,0.6788228,-0.23914017,-0.24614744,-0.5721441
2024-01-04 18:30:00,MEO-02,MEO,0.7077495,-0.40710697,-0.51392335,-0.25625184
2024-01-04 18:45:00,MEO-02,MEO,1.1876462,-0.10923775,0.015683547,-0.495502
2024-01-04 19:00:00,MEO-02,MEO,0.13216811,-0.13706362,0.22363307,-0.38451904
2024-01-04 19:15:00,MEO-02,MEO,-0.08459545,-0.23738354,-0.27666664,-0.07398029
2024-01-04 19:30:00,MEO-02,MEO,-1.6372411,-0.34150243,-0.0996407,-0.100252315
2024-01-04 19:45:00,MEO-02,MEO,-1.3538638,-0.223251,-0.11817964,0.045371242
2024-01-04 20:00:00,MEO-02,MEO,-0.46210474,-0.35448512,-0.104222596,0.22479753
2024-01-04 20:15:00,MEO-02,MEO,-2.401566,-0.20137602,-0.36263302,0.28622392
2024-01-04 20:30:00,MEO-02,MEO,-0.4996837,-0.49627754,0.18405795,-0.037327394
2024-01-04 20:45:00,MEO-02,MEO,-1.564236,-0.3007911,-0.18631497,0.47418198
2024-01-04 21:00:00,MEO-02,MEO,-2.0959845,-0.3383408,0.041831106,0.20257312
2024-01-04 21:15:00,MEO-02,MEO,-0.3270722,-0.26286843,0.110395685,0.32962742
2024-01-04 21:30:00,MEO-02,MEO,-2.9811354,-0.34789655,0.10398037,0.3964987
2024-01-04 21:45:00,MEO-02,MEO,-2.1283479,-0.44034508,0.41564474,0.5364879
2024-01-04 22:00:00,MEO-02,MEO,-2.616001,-0.42598882,0.25866163,0.5304016
2024-01-04 22:15:00,MEO-02,MEO,-0.42435503,-0.20881033,0.5787913,0.6038163
2024-01-04 22:30:00,MEO-02,MEO,-2.7835133,-0.22570048,0.7003502,0.7283475
2024-01-04 22:45:00,MEO-02,MEO,-1.8188347,-0.08232474,1.028827,0.57397884
2024-01-04 23:00:00,MEO-02,MEO,-2.0510004,-0.04135415,1.5302296,0.7042589
2024-01-04 23:15:00,MEO-02,MEO,-0.6123611,0.12306917,1.1793158,0.5720281
2024-01-04 23:30:00,MEO-02,MEO,0.096172065,0.16388677,1.4752973,0.54870766
2024-01-04 23:45:00,MEO-02,MEO,-1.7012951,0.11785979,1.5789452,0.502349
2024-01-05 00:00:00,MEO-02,MEO,-0.2457787,0.008529444,1.8154746,0.46381697
2024-01-05 00:15:00,MEO-02,MEO,0.78966933,0.13677251,1.8225431,0.78530914
2024-01-05 00:30:00,MEO-02,MEO,1.4826711,0.40789273,2.1838048,0.6866245
2024-01-05 00:45:00,MEO-02,MEO,1.0186343,0.30948526,2.395798,0.55241823
2024-01-05 01:00:00,MEO-02,MEO,1.7783434,0.283347,1.7364366,0.58470887
2024-01-05 01:15:00,MEO-02,MEO,2.8995645,0.36502254,2.3590157,0.28378907
2024-01-05 01:30:00,MEO-02,MEO,3.1972902,0.40729013,2.1177766,0.2957753
2024-01-05 01:45:00,MEO-02,MEO,0.17209591,0.5769257,1.8771061,0.1647044
2024-01-05 02:00:00,MEO-02,MEO,2.3258433,0.49926847,1.401622,0.008148832
2024-01-05 02:15:00,MEO-02,MEO,1.9440882,0.3155544,1.3495065,0.015587644
2024-01-05 02:30:00,MEO-02,MEO,2.5330935,0.5560185,1.0256538,-0.019237585
2024-01-05 02:45:00,MEO-02,MEO,2.8521287,0.29344544,1.1325309,0.11745911
2024-01-05 03:00:00,MEO-02,MEO,1.2591059,0.40599263,0.82576936,-0.06579112
2024-01-05 03:15:00,MEO-02,MEO,1.4915038,0.3005084,0.6922011,-0.45186567
2024-01-05 03:30:00,MEO-02,MEO,1.6400179,0.31063735,0.70757204,-0.32413197
2024-01-05 03:45:00,MEO-02,MEO,1.8395833,0.093595356,-0.028779,-0.24445951
2024-01-05 04:00:00,MEO-02,MEO,0.32239997,0.1536634,0.22200708,-0.4534235
2024-01-05 04:15:00,MEO-02,MEO,0.82500255,0.10519523,-0.07596201,-0.35438147
2024-01-05 04:30:00,MEO-02,MEO,-0.4920687,0.12573518,-0.21786407,-0.5519171
2024-01-05 04:45:00,MEO-02,MEO,0.4832859,0.11857818,-0.11446549,-0.27508974
2024-01-05 05:00:00,MEO-02,MEO,0.40494445,-0.16165015,0.14623041,-0.45793265
2024-01-05 05:15:00,MEO-02,MEO,-0.9675211,-0.052035045,0.09796356,-0.6019415
2024-01-05 05:30:00,MEO-02,MEO,1.2234839,0.018922286,0.20726082,-0.16464035
2024-01-05 05:45:00,MEO-02,MEO,0.72416717,-0.1763832,0.15257424,-0.45032257
2024-01-05 06:00:00,MEO-02,MEO,-0.894415,-0.13533314,0.02977764,-0.41662282
2024-01-05 06:15:00,MEO-02,MEO,0.2106825,-0.015660955,-0.103087515,-0.22577178
2024-01-05 06:30:00,MEO-02,MEO,0.1319971,-0.014247949,0.028892117,-0.25777796
2024-01-05 06:45:00,MEO-02,MEO,-1.9889426,-0.06779077,0.06825035,-0.2756371
2024-01-05 07:00:00,MEO-02,MEO,-0.73605293,-0.076254375,0.10635832,-0.20360139
2024-01-05 07:15:00,MEO-02,MEO,-0.1635972,-0.066524394,0.10616086,-0.31988925
2024-01-05 07:30:00,MEO-02,MEO,-2.1712184,-0.11948819,0.0066693416,-0.46873695
2024-01-05 07:45:00,MEO-02,MEO,-1.3736312,-0.1217005,0.14390527,-0.12505832
2024-01-05 08:00:00,MEO-02,MEO,-0.5398211,-0.11026585,-0.18622254,-0.22060004
2024-01-05 08:15:00,MEO-02,MEO,-0.9136384,-0.19479412,0.37823528,-0.29084948
2024-01-05 08:30:00,MEO-02,MEO,-2.9011636,-0.16037297,0.08978861,-0.21915051
2024-01-05 08:45:00,MEO-02,MEO,-0.7546097,-0.05797724,-0.18645194,-0.20108993
2024-01-05 09:00:00,MEO-02,MEO,-1.5175148,-0.42601407,-0.1630512,0.062139966
2024-01-05 09:15:00,MEO-02,MEO,-1.6334153,-0.14904778,0.16465162,0.08079518
2024-01-05 09:30:00,MEO-02,MEO,-0.07683398,-0.40828922,0.23809391,0.39182237
2024-01-05 09:45:00,MEO-02,MEO,-2.6437876,-0.34460035,0.38773298,-0.03999697
2024-01-05 10:00:00,MEO-02,MEO,-1.5182207,-0.056121696,0.36493424,0.23509932
2024-01-05 10:15:00,MEO-02,MEO,-3.9408221,-0.25546142,0.2820647,0.28416783
2024-01-05 10:30:00,MEO-02,MEO,-1.647014,-0.1552892,0.37452337,0.3995602
2024-01-05 10:45:00,MEO-02,MEO,0.30522776,-0.0947016,0.89602673,0.41664025
2024-01-05 11:00:00,MEO-02,MEO,-0.9661063,-0.035112876,1.3536229,0.35955426
2024-01-05 11:15:00,MEO-02,MEO,-1.7038853,-0.1966054,1.051431,0.3407476
2024-01-05 11:30:00,MEO-02,MEO,-2.508091,-0.0046693273,1.3109369,0.11720121
2024-01-05 11:45:00,MEO-02,MEO,-0.84757054,-0.006972279,1.3030996,0.5165271
2024-01-05 12:00:00,MEO-02,MEO,0.51966447,0.15888694,1.8260285,0.16555645
2024-01-05 12:15:00,MEO-02,MEO,-1.439365,0.18149012,1.5526644,0.40519404
2024-01-05 12:30:00,MEO-02,MEO,1.231271,0.34364918,1.6844267,0.056185953
2024-01-05 12:45:00,MEO-02,MEO,0.948873,0.20294327,1.3896544,0.21786886
2024-01-05 13:00:00,MEO-02,MEO,0.950039,0.31857285,1.5715863,0.16319096
2024-01-05 13:15:00,MEO-02,MEO,2.4289465,0.23971793,1.7070994,0.24810497
2024-01-05 13:30:00,MEO-02,MEO,1.7486022,0.3738065,1.5564785,-0.079630345
2024-01-05 13:45:00,MEO-02,MEO,1.9003696,0.42695016,1.3965607,0.15251943
2024-01-05 14:00:00,MEO-02,MEO,1.9751501,0.27566516,1.0792621,0.07490851
2024-01-05 14:15:00,MEO-02,MEO,1.394555,0.09977218,1.0514585,0.09475308
2024-01-05 14:30:00,MEO-02,MEO,2.7606146,0.28418967,0.8536706,0.1429731
2024-01-05 14:45:00,MEO-02,MEO,0.5041143,0.019859431,0.6355785,-0.44567373
2024-01-05 15:00:00,MEO-02,MEO,2.3250039,0.19601397,0.35271525,-0.6301528
2024-01-05 15:15:00,MEO-02,MEO,2.5461965,0.0837001,0.15525563,-0.49271676
2024-01-05 15:30:00,MEO-02,MEO,2.698316,0.10305764,0.29545003,-0.4086816
2024-01-05 15:45:00,MEO-02,MEO,1.8799067,0.120626174,0.18850076,-0.19352525
2024-01-05 16:00:00,MEO-02,MEO,2.437349,-0.12215431,0.045120053,-0.5604288
2024-01-05 16:15:00,MEO-02,MEO,-0.22047935,-0.24874893,-0.47237924,-0.31052396
2024-01-05 16:30:00,MEO-02,MEO,0.50960153,-0.104272336,-0.61116165,-0.45200217
2024-01-05 16:45:00,MEO-02,MEO,-0.11171879,0.038414028,-0.29697582,-0.6704493
2024-01-05 17:00:00,MEO-02,MEO,-1.2863173,-0.29234383,-0.2508973,-0.3924189
2024-01-05 17:15:00,MEO-02,MEO,0.9351964,-0.33890802,-0.19205153,-0.48240763
2024-01-05 17:30:00,MEO-02,MEO,1.1571672,-0.26122224,-0.18869671,-0.59263384
2024-01-05 17:45:00,MEO-02,MEO,0.26200932,-0.31917056,-0.64045125,-0.40656713
2024-01-05 18:00:00,MEO-02,MEO,1.4224368,-0.22093706,-0.5970547,-0.30455333
2024-01-05 18:15:00,MEO-02,MEO,0.035791866,-0.2374476,-0.41714448,-0.22904703
2024-01-05 18:30:00,MEO-02,MEO,-0.1977107,-0.37454557,0.16333075,-0.5629625
2024-01-05 18:45:00,MEO-02,MEO,0.70218503,-0.053886067,-0.19291584,-0.34135425
2024-01-05 19:00:00,MEO-02,MEO,0.46818537,-0.36184916,-0.24712428,-0.41330644
2024-01-05 19:15:00,MEO-02,MEO,0.9290491,-0.27149576,-0.21830425,-0.32910928
2024-01-05 19:30:00,MEO-02,MEO,-0.86787343,-0.26207063,-0.22906674,-0.12973541
2024-01-05 19:45:00,MEO-02,MEO,-1.8992301,-0.21867801,-0.053899743,-0.116981536
2024-01-05 20:00:00,MEO-02,MEO,-1.5927665,-0.34154472,-0.6186904,0.101686984
2024-01-05 20:15:00,MEO-02,MEO,-1.9283661,-0.34623638,-0.1583908,-0.056347415
2024-01-05 20:30:00,MEO-02,MEO,-0.7517097,-0.31189847,-0.3504411,-0.12886629
2024-01-05 20:45:00,MEO-02,MEO,-0.60320383,-0.16402298,-0.036302995,0.26365533
2024-01-05 21:00:00,MEO-02,MEO,-0.5031413,-0.32077643,-0.44451365,0.4036038
2024-01-05 21:15:00,MEO-02,MEO,-2.4733214,-0.21152432,-0.3540574,0.5310089
2024-01-05 21:30:00,MEO-02,MEO,-2.2155426,-0.3976589,0.1329139,0.37191248
2024-01-05 21:45:00,MEO-02,MEO,-2.5983324,-0.25043607,0.17941342,0.2965606
2024-01-05 22:00:00,MEO-02,MEO,-1.5541401,-0.2429745,0.2804671,0.5101801
2024-01-05 22:15:00,MEO-02,MEO,-1.6310472,-0.20353083,0.80716914,0.7564508
2024-01-05 22:30:00,MEO-02,MEO,-1.3356901,0.026398282,0.9683148,0.76440895
2024-01-05 22:45:00,MEO-02,MEO,-2.2803764,-0.076927595,1.0965072,0.6233391
2024-01-05 23:00:00,MEO-02,MEO,-2.2010992,-0.12303882,0.68530494,0.7905277
2024-01-05 23:15:00,MEO-02,MEO,-1.0624987,-0.16885078,1.0041809,0.58695674
2024-01-05 23:30:00,MEO-02,MEO,-1.5191851,0.123208,1.9225698,0.5231974
2024-01-05 23:45:00,MEO-02,MEO,1.5606817,0.202891,1.6266447,0.4727706
2024-01-06 00:00:00,MEO-02,MEO,0.8913282,0.12049844,1.7605416,0.40589258
2024-01-06 00:15:00,MEO-02,MEO,-0.34704727,0.040564407,1.7185991,0.74276423
2024-01-06 00:30:00,MEO-02,MEO,2.4961638,0.40473902,2.0486832,0.37722278
2024-01-06 00:45:00,MEO-02,MEO,1.5009878,0.35189056,2.0747097,0.65534455
2024-01-06 01:00:00,MEO-02,MEO,2.174906,0.42786798,2.1926196,0.42435777
2024-01-06 01:15:00,MEO-02,MEO,3.3663957,0.30583075,1.538889,0.5663966
2024-01-06 01:30:00,MEO-02,MEO,3.0372424,0.46598455,1.812123,0.38854572
2024-01-06 01:45:00,MEO-02,MEO,2.3001387,0.46383375,1.7237871,0.4472433
2024-01-06 02:00:00,MEO-02,MEO,3.2609637,0.51118743,1.4003096,0.024097728
2024-01-06 02:15:00,MEO-02,MEO,1.2819248,0.35392433,1.1428348,0.28415167
2024-01-06 02:30:00,MEO-02,MEO,1.4359028,0.56280583,0.7888648,0.064713515
2024-01-06 02:45:00,MEO-02,MEO,3.2877865,0.3033809,0.85692155,-0.055191327
2024-01-06 03:00:00,MEO-02,MEO,2.4570684,0.380158,0.66479206,-0.17804326
2024-01-06 03:15:00,MEO-02,MEO,1.2999029,0.24593091,0.72765756,-0.18456216
2024-01-06 03:30:00,MEO-02,MEO,2.086338,0.20861103,0.29558223,-0.31025523
2024-01-06 03:45:00,MEO-02,MEO,2.1968718,0.10863651,0.44484985,-0.35673338
2024-01-06 04:00:00,MEO-02,MEO,0.4653919,0.20638344,0.27145854,-0.2092861
2024-01-06 04:15:00,MEO-02,MEO,2.1901681,0.1688135,0.02695834,-0.5692113
2024-01-06 04:30:00,MEO-02,MEO,2.142692,0.08851956,0.33242208,-0.28477862
2024-01-06 04:45:00,MEO-02,MEO,1.4442123,0.1276051,0.11437971,-0.4244096
2024-01-06 05:00:00,MEO-02,MEO,-0.4604244,0.07471402,-0.00013170815,-0.303098
2024-01-06 05:15:00,MEO-02,MEO,0.85755444,-0.018444274,0.000256596,-0.7311087
2024-01-06 05:30:00,MEO-02,MEO,1.5958558,0.091254555,-0.33311725,-0.45309055
2024-01-06 05:45:00,MEO-02,MEO,-0.12063137,-0.046841595,0.2701801,-0.6709305
2024-01-06 06:00:00,MEO-02,MEO,-0.34573257,0.03738501,0.06638446,-0.45008075
2024-01-06 06:15:00,MEO-02,MEO,-0.5995379,-0.08371378,-0.12827267,-0.47288832
2024-01-06 06:30:00,MEO-02,MEO,-0.4213192,-0.093312114,-0.07442798,-0.40759262
2024-01-06 06:45:00,MEO-02,MEO,-0.21110418,0.05211148,0.10895025,-0.5447074
2024-01-06 07:00:00,MEO-02,MEO,0.89224976,-0.18136059,-0.0391436,-0.47469378
2024-01-06 07:15:00,MEO-02,MEO,1.2255769,-0.15076846,0.36044025,0.008492392
2024-01-06 07:30:00,MEO-02,MEO,-1.3334455,-0.30564657,0.22954778,-0.15339169
2024-01-06 07:45:00,MEO-02,MEO,0.32042277,-0.20947625,-0.064695574,-0.0103972405
2024-01-06 08:00:00,MEO-02,MEO,0.20986223,-0.24522062,0.06616007,-0.02072082
2024-01-06 08:15:00,MEO-02,MEO,-0.07254725,-0.24604027,0.23274048,-0.07227366
2024-01-06 08:30:00,MEO-02,MEO,0.055168442,-0.20122562,-0.077652276,0.19441098
2024-01-06 08:45:00,MEO-02,MEO,-2.4261575,-0.25271946,-0.053628378,0.34062776
2024-01-06 09:00:00,MEO-02,MEO,-2.5381055,-0.12459973,-0.32070765,0.11724467
2024-01-06 09:15:00,MEO-02,MEO,-0.71599364,-0.0074217175,0.12548669,0.4257042
2024-01-06 09:30:00,MEO-02,MEO,-0.83605033,-0.30337942,0.12970866,0.39631188
2024-01-06 09:45:00,MEO-02,MEO,-3.6091325,-0.13366663,-0.050663285,0.2478194
2024-01-06 10:00:00,MEO-02,MEO,-2.7721221,-0.20176907,0.34137565,0.33211032
2024-01-06 10:15:00,MEO-02,MEO,-0.99155897,-0.26813856,0.48815292,0.7554406
2024-01-06 10:30:00,MEO-02,MEO,-1.7137718,-0.19807744,0.83291507,0.3053412
2024-01-06 10:45:00,MEO-02,MEO,-0.66321653,-0.218105,0.8479645,0.2764868
2024-01-06 11:00:00,MEO-02,MEO,-1.0979934,-0.15676145,0.99574065,0.16962874
2024-01-06 11:15:00,MEO-02,MEO,-0.17314453,0.15118606,1.0204927,0.44868353
2024-01-06 11:30:00,MEO-02,MEO,-1.5308807,0.064235955,1.3440647,0.045798145
2024-01-06 11:45:00,MEO-02,MEO,-0.6850792,-0.0579361,1.5927311,0.20469448
2024-01-06 12:00:00,MEO-02,MEO,-0.17345808,0.057549883,1.6325427,0.45897722
2024-01-06 12:15:00,MEO-02,MEO,1.344419,0.19809869,1.5229946,-0.017688954
2024-01-06 12:30:00,MEO-02,MEO,2.120964,0.095424585,1.7015733,0.20458409
2024-01-06 12:45:00,MEO-02,MEO,2.1556685,0.21508004,1.8726242,0.22507542
2024-01-06 13:00:00,MEO-02,MEO,1.8353021,0.27697778,1.9155151,-0.040813733
2024-01-06 13:15:00,MEO-02,MEO,2.5885022,0.40575564,1.677303,0.12112508
2024-01-06 13:30:00,MEO-02,MEO,2.6094313,0.35297915,1.855765,0.07231302
2024-01-06 13:45:00,MEO-02,MEO,3.0111423,0.52407885,1.4133617,0.07119354
2024-01-06 14:00:00,MEO-02,MEO,3.403646,0.064262934,1.2365373,0.08778835
2024-01-06 14:15:00,MEO-02,MEO,3.252394,0.15545306,0.96302325,0.15182531
2024-01-06 14:30:00,MEO-02,MEO,2.8440952,0.23791312,0.54451895,-0.08639267
2024-01-06 14:45:00,MEO-02,MEO,1.4750901,0.22420685,0.6396415,-0.20434347
2024-01-06 15:00:00,MEO-02,MEO,1.703981,0.081198044,0.8953474,-0.3289864
2024-01-06 15:15:00,MEO-02,MEO,2.0954936,0.023143407,-0.033683617,-0.3959546
2024-01-06 15:30:00,MEO-02,MEO,0.65430427,0.13956766,0.35685617,-0.47140548
2024-01-06 15:45:00,MEO-02,MEO,2.9761662,0.054495055,-0.5665381,-0.2751042
2024-01-06 16:00:00,MEO-02,MEO,1.9880602,0.05413535,-0.2826637,-0.71830815
2024-01-06 16:15:00,MEO-02,MEO,3.2748096,0.056916308,-0.25751996,-0.30264032
2024-01-06 16:30:00,MEO-02,MEO,2.2369928,-0.13848393,-0.25209808,-0.27648485
2024-01-06 16:45:00,MEO-02,MEO,1.4997587,-0.23525536,-0.5905309,-0.6276032
2024-01-06 17:00:00,MEO-02,MEO,1.7156074,-0.1569914,-0.15188247,-0.39330626
2024-01-06 17:15:00,MEO-02,MEO,2.207691,-0.10519615,-0.316295,-0.44970402
2024-01-06 17:30:00,MEO-02,MEO,0.4215016,-0.17932862,-0.40820527,-0.51545686
2024-01-06 17:45:00,MEO-02,MEO,1.1006066,-0.39287004,-0.1245817,-0.38141677
2024-01-06 18:00:00,MEO-02,MEO,0.64212924,-0.27172077,-0.19949004,-0.281798
2024-01-06 18:15:00,MEO-02,MEO,0.8362332,-0.2984854,-0.21136898,-0.19400889
2024-01-06 18:30:00,MEO-02,MEO,0.8482955,-0.3113935,-0.12735672,-0.3551706
2024-01-06 18:45:00,MEO-02,MEO,0.84945613,-0.40529132,-0.38178727,-0.4342601
2024-01-06 19:00:00,MEO-02,MEO,1.3892059,-0.22446583,0.12674886,-0.04805544
2024-01-06 19:15:00,MEO-02,MEO,2.0632799,-0.14368516,0.009332658,-0.30460882
2024-01-06 19:30:00,MEO-02,MEO,-0.124258466,-0.24040312,-0.32087502,0.04020986
2024-01-06 19:45:00,MEO-02,MEO,-1.0368652,-0.3635343,-0.15760513,0.08357255
2024-01-06 20:00:00,MEO-02,MEO,-0.8121792,-0.17024292,-0.36781254,0.04097173
2024-01-06 20:15:00,MEO-02,MEO,0.29157367,-0.36098453,-0.22579013,-0.28352502
2024-01-06 20:30:00,MEO-02,MEO,-0.98275596,-0.31122783,-0.2938407,0.15860207
2024-01-06 20:45:00,MEO-02,MEO,-2.4974709,-0.23087263,-0.21519439,0.119938485
2024-01-06 21:00:00,MEO-02,MEO,-0.9105073,-0.3045852,-0.27241504,0.3460099
2024-01-06 21:15:00,MEO-02,MEO,-1.8972242,-0.33500996,-0.021697577,0.46426737
2024-01-06 21:30:00,MEO-02,MEO,-2.1670103,-0.30281854,0.3698814,0.19211634
2024-01-06 21:45:00,MEO-02,MEO,-2.0667424,-0.29774153,0.36263457,0.43621817
2024-01-06 22:00:00,MEO-02,MEO,-2.7537537,-0.3077879,0.024725875,0.8667885
2024-01-06 22:15:00,MEO-02,MEO,-2.17046,-0.1334212,0.3856342,0.84767056
2024-01-06 22:30:00,MEO-02,MEO,-1.1350518,-0.21054043,0.47911152,0.68932
2024-01-06 22:45:00,MEO-02,MEO,0.46181107,-0.20101756,0.5581983,0.6954928
2024-01-06 23:00:00,MEO-02,MEO,0.5025008,-0.11385816,1.0718281,0.68638283
2024-01-06 23:15:00,MEO-02,MEO,-2.3847806,0.07479873,1.1465081,0.592135
2024-01-06 23:30:00,MEO-02,MEO,-0.4243885,-0.022540964,1.5947877,0.626286
2024-01-06 23:45:00,MEO-02,MEO,0.93334234,0.13127191,1.3152447,0.5777886
2024-01-07 00:00:00,MEO-02,MEO,1.48207,0.23769122,2.1088994,0.65667737
2024-01-07 00:15:00,MEO-02,MEO,0.6209227,0.19940047,2.0688112,0.5297176
2024-01-07 00:30:00,MEO-02,MEO,0.8440501,0.23932385,1.9702251,0.5737303
2024-01-07 00:45:00,MEO-02,MEO,3.3091097,0.2795208,2.2565548,0.48625234
2024-01-07 01:00:00,MEO-02,MEO,3.4079878,0.37271616,1.9839768,0.5560403
2024-01-07 01:15:00,MEO-02,MEO,1.8481297,0.43453595,2.1822991,0.054839693
2024-01-07 01:30:00,MEO-02,MEO,3.2832582,0.5703134,2.05605,0.40166488
2024-01-07 01:45:00,MEO-02,MEO,3.2275922,0.45787293,2.1151452,0.21657906
2024-01-07 02:00:00,MEO-02,MEO,2.9466476,0.55585784,1.7368321,0.25811753
2024-01-07 02:15:00,MEO-02,MEO,3.8138556,0.49114183,1.558801,0.2571586
2024-01-07 02:30:00,MEO-02,MEO,3.3302488,0.37762994,1.1259809,0.08210735
2024-01-07 02:45:00,MEO-02,MEO,1.6705681,0.4728589,1.1142819,0.12158528
2024-01-07 03:00:00,MEO-02,MEO,1.1619967,0.3030228,0.78646857,-0.15206221
2024-01-07 03:15:00,MEO-02,MEO,3.4280612,0.32343212,0.5964915,-0.17717512
2024-01-07 03:30:00,MEO-02,MEO,1.6508992,0.28237504,0.4677527,-0.27599174
2024-01-07 03:45:00,MEO-02,MEO,2.5691104,0.21638027,0.24832995,-0.5578068
2024-01-07 04:00:00,MEO-02,MEO,1.935788,0.13154803,0.18158485,-0.46437094
2024-01-07 04:15:00,MEO-02,MEO,3.772354,0.259267,-0.1974323,-0.18073224
2024-01-07 04:30:00,MEO-02,MEO,0.9345643,0.15338023,0.23963062,-0.3871463
2024-01-07 04:45:00,MEO-02,MEO,1.7047915,0.14329231,-0.19520025,-0.23448405
2024-01-07 05:00:00,MEO-02,MEO,1.8061897,-0.08541733,-0.044658348,-0.24410327
2024-01-07 05:15:00,MEO-02,MEO,0.88007736,0.061257713,0.19303444,-0.3803669
2024-01-07 05:30:00,MEO-02,MEO,1.1302134,-0.04488366,-0.020809332,-0.87338984
2024-01-07 05:45:00,MEO-02,MEO,0.48212147,0.03579835,-0.22196947,-0.33046097
2024-01-07 06:00:00,MEO-02,MEO,0.46975103,0.19564945,0.27199316,-0.75233006
2024-01-07 06:15:00,MEO-02,MEO,0.6741161,-0.046373457,0.23278138,-0.40968812
2024-01-07 06:30:00,MEO-02,MEO,1.1792781,-0.058297314,0.49849185,-0.57033795
2024-01-07 06:45:00,MEO-02,MEO,1.5397637,-0.23628415,-0.12551324,-0.16615686
2024-01-07 07:00:00,MEO-02,MEO,-0.76261795,0.044628534,0.24138086,-0.4508227
2024-01-07 07:15:00,MEO-02,MEO,1.2084677,-0.22798353,-0.19178003,-0.30437773
2024-01-07 07:30:00,MEO-02,MEO,0.56510806,-0.24742629,-0.13174859,0.14901991
2024-01-07 07:45:00,MEO-02,MEO,0.85145956,-0.06328298,-0.38183355,-0.1406357
2024-01-07 08:00:00,MEO-02,MEO,-1.2769642,-0.26793712,0.305392,0.04470825
2024-01-07 08:15:00,MEO-02,MEO,-1.7145905,-0.08285637,-0.26589698,-0.20571816
2024-01-07 08:30:00,MEO-02,MEO,-0.9731693,-0.27759588,0.23364736,0.35691467
2024-01-07 08:45:00,MEO-02,MEO,-1.8844335,-0.22487251,-0.005469707,0.13689986
2024-01-07 09:00:00,MEO-02,MEO,-1.6611644,-0.080960095,-0.08794007,0.30529672
2024-01-07 09:15:00,MEO-02,MEO,-1.6498486,-0.21247609,0.24312682,-0.17759852
2024-01-07 09:30:00,MEO-02,MEO,-0.03524912,-0.32887086,0.27053502,0.24536777
2024-01-07 09:45:00,MEO-02,MEO,-0.8347958,-0.1513864,0.43844903,0.25880927
2024-01-07 10:00:00,MEO-02,MEO,-1.4294387,-0.32030934,0.27163318,0.5397328
2024-01-07 10:15:00,MEO-02,MEO,-3.3020227,-0.09065131,0.43205732,0.06872311
2024-01-07 10:30:00,MEO-02,MEO,0.26144826,-0.044862013,0.8201442,0.20765096
2024-01-07 10:45:00,MEO-02,MEO,-3.402177,-0.13681374,0.94873506,0.55133456
2024-01-07 11:00:00,MEO-02,MEO,-1.6479206,-0.16950245,1.1199229,0.37237164
2024-01-07 11:15:00,MEO-02,MEO,-0.13033336,-0.044370085,1.1213934,0.31857225
2024-01-07 11:30:00,MEO-02,MEO,1.965142,-0.11236427,1.6765743,0.28858653
2024-01-07 11:45:00,MEO-02,MEO,0.6965528,0.15598592,1.9758903,0.4068916
2024-01-07 12:00:00,MEO-02,MEO,0.1479487,0.02530283,1.790643,0.368342
2024-01-07 12:15:00,MEO-02,MEO,-0.012037052,0.13482587,1.5842892,0.20646796
2024-01-07 12:30:00,MEO-02,MEO,3.1897967,0.29187214,2.0329108,0.20584057
2024-01-07 12:45:00,MEO-02,MEO,1.426611,0.1785948,1.9957985,0.051093973
2024-01-07 13:00:00,MEO-02,MEO,4.1779184,0.41422808,1.6660845,0.3192921
2024-01-07 13:15:00,MEO-02,MEO,3.3340087,0.25683114,1.697791,-0.072883114
2024-01-07 13:30:00,MEO-02,MEO,3.0567567,0.3189182,1.530693,0.04040067
2024-01-07 13:45:00,MEO-02,MEO,3.6346269,0.22371183,1.7131494,0.09035436
2024-01-07 14:00:00,MEO-02,MEO,4.197857,0.41364396,1.7739916,0.06909242
2024-01-07 14:15:00,MEO-02,MEO,3.7101135,0.3627424,1.3635343,-0.32612222
2024-01-07 14:30:00,MEO-02,MEO,1.0687733,0.22819239,1.0220144,-0.17664103
2024-01-07 14:45:00,MEO-02,MEO,3.8265452,0.20617846,0.4192073,-0.21799615
2024-01-07 15:00:00,MEO-02,MEO,0.22464171,0.2966447,0.48350498,-0.21241173
2024-01-07 15:15:00,MEO-02,MEO,2.4562738,0.16703504,0.2508844,-0.492872
2024-01-07 15:30:00,MEO-02,MEO,1.1667747,0.105909556,0.233835,-0.4030835
2024-01-07 15:45:00,MEO-02,MEO,1.1927713,0.0989791,-0.015552655,-0.46578938
2024-01-07 16:00:00,MEO-02,MEO,0.8876886,0.01602711,-0.10015745,-0.5821864
2024-01-07 16:15:00,MEO-02,MEO,0.85160476,-0.057550818,-0.08174932,-0.68627083
2024-01-07 16:30:00,MEO-02,MEO,1.2979933,-0.09563849,-0.24165168,-0.7271724
2024-01-07 16:45:00,MEO-02,MEO,0.4111682,-0.33465806,-0.29853654,-0.68369937
2024-01-07 17:00:00,MEO-02,MEO,1.3191816,-0.24852598,-0.13175672,-0.54271525
2024-01-07 17:15:00,MEO-02,MEO,0.21338397,-0.4901118,-0.33612853,-0.49175113
2024-01-07 17:30:00,MEO-02,MEO,-2.1973443,-0.14799216,-0.4763548,-0.53798664
2024-01-07 17:45:00,MEO-02,MEO,-0.931971,-0.28872943,-0.4977643,-0.38842005
2024-01-07 18:00:00,MEO-02,MEO,-0.3563569,-0.12875135,-0.18654191,-0.58847374
2024-01-07 18:15:00,MEO-02,MEO,-0.25665128,-0.42530733,0.14988963,-0.3812384
2024-01-07 18:30:00,MEO-02,MEO,-0.5333165,-0.3185448,0.065507434,-0.3102423
2024-01-07 18:45:00,MEO-02,MEO,-0.2612137,-0.29735613,-0.2815726,-0.3636291
2024-01-07 19:00:00,MEO-02,MEO,0.58923584,-0.1716079,-0.071839005,-0.2611848
2024-01-07 19:15:00,MEO-02,MEO,0.020775815,-0.22391692,-0.37664047,-0.065709315
2024-01-07 19:30:00,MEO-02,MEO,1.0872868,-0.13135354,0.07785232,-0.19121009
2024-01-07 19:45:00,MEO-02,MEO,-0.6138933,-0.18340677,-0.3919775,-0.23258996
2024-01-07 20:00:00,MEO-02,MEO,-1.7646028,-0.42068776,-0.46389666,-0.24719073
2024-01-07 20:15:00,MEO-02,MEO,-0.7617038,-0.08801073,-0.40349057,0.0033795857
2024-01-07 20:30:00,MEO-02,MEO,-1.0592585,-0.14086156,-0.42880115,0.42605984
2024-01-07 20:45:00,MEO-02,MEO,-0.3914656,-0.23129696,-0.033617314,0.2702895
2024-01-07 21:00:00,MEO-02,MEO,-1.9786474,-0.32134512,0.1576239,0.45814222
2024-01-07 21:15:00,MEO-02,MEO,-0.64729804,-0.40826106,0.0442357,0.12327667
2024-01-07 21:30:00,MEO-02,MEO,-3.2320955,-0.5580715,-0.13777691,0.63606435
2024-01-07 21:45:00,MEO-02,MEO,-2.3236666,-0.4296613,0.05316147,0.63029504
2024-01-07 22:00:00,MEO-02,MEO,-1.8617566,-0.51310515,0.44362724,0.7163951
2024-01-07 22:15:00,MEO-02,MEO,0.4759754,-0.20464192,0.60234946,0.60847294
2024-01-07 22:30:00,MEO-02,MEO,-0.981778,-0.035597,0.57499284,0.5796125
2024-01-07 22:45:00,MEO-02,MEO,-3.016593,-0.088722035,0.930233,0.5250477
2024-01-07 23:00:00,MEO-02,MEO,-0.61487097,-0.09130127,1.2159667,0.456103
2024-01-07 23:15:00,MEO-02,MEO,0.76169294,-0.06339063,1.6013173,0.5537297
2024-01-07 23:30:00,MEO-02,MEO,-0.9864572,0.16643319,1.606034,0.7170792
2024-01-07 23:45:00,MEO-02,MEO,0.32187703,0.08109255,1.7762167,0.7380718
2024-01-08 00:00:00,MEO-02,MEO,2.6442955,0.2676258,1.9396458,0.73575616
2024-01-08 00:15:00,MEO-02,MEO,2.678368,0.23399624,2.1554549,0.71853304
2024-01-08 00:30:00,MEO-02,MEO,0.5930748,0.3517713,2.3273742,0.7180161
2024-01-08 00:45:00,MEO-02,MEO,1.128214,0.2217657,2.014976,0.60904807
2024-01-08 01:00:00,MEO-02,MEO,3.6618404,0.4595746,2.0380201,0.53114927
2024-01-08 01:15:00,MEO-02,MEO,3.6754835,0.5009331,2.047893,0.41597593
2024-01-08 01:30:00,MEO-02,MEO,1.5273563,0.4521278,2.0659416,0.3632031
2024-01-08 01:45:00,MEO-02,MEO,3.5531409,0.53944546,2.0192888,0.40613806
2024-01-08 02:00:00,MEO-02,MEO,4.530461,0.3901927,2.0425973,0.34788164
2024-01-08 02:15:00,MEO-02,MEO,5.5481663,0.43886665,1.751896,0.29631355
2024-01-08 02:30:00,MEO-02,MEO,1.8578613,0.4589196,1.2873433,0.0605927
2024-01-08 02:45:00,MEO-02,MEO,2.0071304,0.5412819,1.0312496,-0.34376898
2024-01-08 03:00:00,MEO-02,MEO,4.213175,0.33122838,0.77318764,-0.08963177
2024-01-08 03:15:00,MEO-02,MEO,1.211055,0.3533573,0.89002115,-0.3046955
2024-01-08 03:30:00,MEO-02,MEO,1.9553382,0.26821172,0.84969735,-0.42789757
2024-01-08 03:45:00,MEO-02,MEO,1.6530508,0.023226133,0.35876328,-0.2996936
2024-01-08 04:00:00,MEO-02,MEO,0.82443845,0.19711512,0.5925758,-0.297008
2024-01-08 04:15:00,MEO-02,MEO,0.5006721,0.12201381,0.19321907,-0.43490553
2024-01-08 04:30:00,MEO-02,MEO,0.10460938,0.12582894,0.19344154,-0.5356216
2024-01-08 04:45:00,MEO-02,MEO,0.5950061,0.06563195,0.30303958,-0.16574842
2024-01-08 05:00:00,MEO-02,MEO,0.2848143,0.09245016,-0.2227184,-0.442726
2024-01-08 05:15:00,MEO-02,MEO,-0.04394212,-0.14167964,0.094246365,-0.5092748
2024-01-08 05:30:00,MEO-02,MEO,-0.9358053,-0.16672213,0.18981783,-0.67006534
2024-01-08 05:45:00,MEO-02,MEO,2.282567,-0.14219901,0.010207962,-0.3664335
2024-01-08 06:00:00,MEO-02,MEO,1.0147469,-0.095893875,0.36289275,-0.483297
2024-01-08 06:15:00,MEO-02,MEO,0.7175403,-0.061474487,0.21860637,-0.47350338
2024-01-08 06:30:00,MEO-02,MEO,1.292248,0.12976117,0.23602903,-0.306411
2024-01-08 06:45:00,MEO-02,MEO,-0.68130136,-0.059796724,0.28901288,-0.8255414
2024-01-08 07:00:00,MEO-02,MEO,0.21181412,-0.21711332,0.4417998,-0.2860783
2024-01-08 07:15:00,MEO-02,MEO,1.5466313,-0.13729234,-0.16133948,-0.52717584
2024-01-08 07:30:00,MEO-02,MEO,1.3176067,-0.059080202,0.2792006,-0.20517989
2024-01-08 07:45:00,MEO-02,MEO,-0.5215372,-0.11245981,-0.12293498,-0.13876832
2024-01-08 08:00:00,MEO-02,MEO,0.298905,-0.20958716,-0.094469,-0.37705228
2024-01-08 08:15:00,MEO-02,MEO,-0.8607256,-0.1774987,0.13045502,0.0088685965
2024-01-08 08:30:00,MEO-02,MEO,-0.47199377,-0.14513302,0.50256276,0.03871512
2024-01-08 08:45:00,MEO-02,MEO,-1.0629702,-0.2074559,-0.05654782,-0.043442488
2024-01-08 09:00:00,MEO-02,MEO,-3.8277605,-0.04326904,-0.24947107,0.23104244
2024-01-08 09:15:00,MEO-02,MEO,0.07035426,-0.16231301,0.09382374,0.073595986
2024-01-08 09:30:00,MEO-02,MEO,-1.0750693,-0.22144336,0.5191757,0.1202832
2024-01-08 09:45:00,MEO-02,MEO,-2.5427365,-0.104419656,0.13141404,0.06275478
2024-01-08 10:00:00,MEO-02,MEO,-2.0782425,-0.04703323,0.3506374,0.22347608
2024-01-08 10:15:00,MEO-02,MEO,-1.8570756,-0.15426336,0.6803809,0.46055886
2024-01-08 10:30:00,MEO-02,MEO,-0.6904674,-0.17725012,0.8798648,0.019556759
2024-01-08 10:45:00,MEO-02,MEO,-0.19816168,-0.20679818,0.9539571,0.324204
2024-01-08 11:00:00,MEO-02,MEO,0.07895597,-0.07684833,0.7481621,0.2950357
2024-01-08 11:15:00,MEO-02,MEO,0.078493945,-0.06636869,1.1954043,0.28964004
2024-01-08 11:30:00,MEO-02,MEO,-1.4581484,0.06508497,1.5521581,0.33139166
2024-01-08 11:45:00,MEO-02,MEO,0.7899907,-0.062719695,1.4394009,0.27906534
2024-01-08 12:00:00,MEO-02,MEO,0.88315046,0.051258385,1.8108077,0.1356821
2024-01-08 12:15:00,MEO-02,MEO,0.8003274,0.09350575,1.8120093,0.31265253
2024-01-08 12:30:00,MEO-02,MEO,1.3243213,0.20516525,1.673872,0.05701423
2024-01-08 12:45:00,MEO-02,MEO,2.745976,0.11165946,1.5523908,0.02942463
2024-01-08 13:00:00,MEO-02,MEO,2.97734,0.33752728,1.7131876,0.037830733
2024-01-08 13:15:00,MEO-02,MEO,2.5310683,0.26866883,1.7820418,-0.013063062
2024-01-08 13:30:00,MEO-02,MEO,0.82759494,0.36530685,1.1785415,-0.11290308
2024-01-08 13:45:00,MEO-02,MEO,1.1772254,0.14677943,1.6352917,0.14303024
2024-01-08 14:00:00,MEO-02,MEO,1.3690472,0.21726657,1.2105918,0.023219312
2024-01-08 14:15:00,MEO-02,MEO,2.8243496,0.4182662,0.9880612,-0.1413372
2024-01-08 14:30:00,MEO-02,MEO,3.19084,0.23859061,1.1509,-0.06369584
2024-01-08 14:45:00,MEO-02,MEO,3.3434117,0.41305876,1.0194541,-0.32408315
2024-01-08 15:00:00,MEO-02,MEO,3.909246,0.053607304,0.49051234,-0.15720989
2024-01-08 15:15:00,MEO-02,MEO,2.6516268,0.12815812,0.12719934,-0.18473046
2024-01-08 15:30:00,MEO-02,MEO,0.401005,-0.03541803,-0.32898223,-0.4543249
2024-01-08 15:45:00,MEO-02,MEO,3.1823535,0.014375635,-0.45612338,-0.47396415
2024-01-08 16:00:00,MEO-02,MEO,3.6295316,-0.33131212,-0.17562436,-0.66371566
2024-01-08 16:15:00,MEO-02,MEO,2.3590107,0.009826164,-0.32621902,-0.66129696
2024-01-08 16:30:00,MEO-02,MEO,1.7192552,-0.0528145,-0.122800775,-0.3246926
2024-01-08 16:45:00,MEO-02,MEO,2.4854345,-0.017741283,-0.1854075,-0.5274524
2024-01-08 17:00:00,MEO-02,MEO,0.20449309,-0.12205242,-0.31321958,-0.33765435
2024-01-08 17:15:00,MEO-02,MEO,1.6402893,-0.16928007,-0.5607221,-0.55733824
2024-01-08 17:30:00,MEO-02,MEO,0.9186087,-0.28739858,-0.61863315,-0.7027521
2024-01-08 17:45:00,MEO-02,MEO,0.4278212,-0.33153296,-0.18595622,-0.43894815
2024-01-08 18:00:00,MEO-02,MEO,-2.1289182,-0.48197585,-0.40427583,-0.45198414
2024-01-08 18:15:00,MEO-02,MEO,-0.82729995,-0.08494535,-0.52896637,-0.332313
2024-01-08 18:30:00,MEO-02,MEO,0.8041323,-0.35889295,-0.297813,-0.2766626
2024-01-08 18:45:00,MEO-02,MEO,1.1567408,-0.2873326,0.03080204,-0.55483997
2024-01-08 19:00:00,MEO-02,MEO,-0.12917578,-0.3321594,-0.10753959,-0.2310195
2024-01-08 19:15:00,MEO-02,MEO,0.5540793,-0.165654,0.19361527,-0.011397772
2024-01-08 19:30:00,MEO-02,MEO,-0.54922515,-0.27326792,-0.5979334,-0.29052666
2024-01-08 19:45:00,MEO-02,MEO,-0.6316152,-0.32320756,-0.10618665,-0.2303674
2024-01-08 20:00:00,MEO-02,MEO,-1.4094167,-0.19894618,-0.11304142,-0.06813087
2024-01-08 20:15:00,MEO-02,MEO,-0.99957806,-0.30884284,-0.23502462,0.17533946
2024-01-08 20:30:00,MEO-02,MEO,-0.56165695,-0.21042196,0.017057335,0.14999561
2024-01-08 20:45:00,MEO-02,MEO,-0.6991979,-0.24746326,-0.20695752,0.37096077
2024-01-08 21:00:00,MEO-02,MEO,-1.0490711,-0.34238702,0.08907503,0.32729042
2024-01-08 21:15:00,MEO-02,MEO,-2.278679,-0.352352,-0.33112127,0.375714
2024-01-08 21:30:00,MEO-02,MEO,-2.328952,-0.29707292,0.12269199,0.5199565
2024-01-08 21:45:00,MEO-02,MEO,-2.039883,-0.36860153,-0.0821636,0.38851953
2024-01-08 22:00:00,MEO-02,MEO,-2.7172813,-0.24647422,0.5029179,0.5982747
2024-01-08 22:15:00,MEO-02,MEO,-2.5698936,-0.31928894,0.29409108,0.701657
2024-01-08 22:30:00,MEO-02,MEO,-1.6712359,-0.16450927,0.58274305,0.8845333
2024-01-08 22:45:00,MEO-02,MEO,-2.270789,-0.15132272,0.9608234,0.36307463
2024-01-08 23:00:00,MEO-02,MEO,-1.5860461,-0.15327072,1.4932201,0.7147185
2024-01-08 23:15:00,MEO-02,MEO,-1.9741168,-0.14796248,1.2039677,0.5460362
2024-01-08 23:30:00,MEO-02,MEO,-0.08624668,0.104637824,1.6421077,0.7833443
2024-01-08 23:45:00,MEO-02,MEO,0.039804634,0.05838717,1.9348123,0.6651829
2024-01-01 00:00:00,MEO-03,MEO,0.11024531,0.23191519,1.5247651,0.5371499
2024-01-01 00:15:00,MEO-03,MEO,0.65816075,0.17877097,1.5284325,0.6837115
2024-01-01 00:30:00,MEO-03,MEO,-0.05287254,0.17330876,1.6673839,0.36871892
2024-01-01 00:45:00,MEO-03,MEO,1.3974283,0.29656202,1.3220823,0.2226935
2024-01-01 01:00:00,MEO-03,MEO,4.3785458,0.45635545,1.6026,0.15571465
2024-01-01 01:15:00,MEO-03,MEO,1.4461993,0.38760233,1.1385494,0.54379797
2024-01-01 01:30:00,MEO-03,MEO,0.6815255,0.32128885,1.5069914,0.34586024
2024-01-01 01:45:00,MEO-03,MEO,1.3625538,0.7104611,1.2018266,0.10402622
2024-01-01 02:00:00,MEO-03,MEO,1.4906096,0.4784109,0.80426115,-0.11341856
2024-01-01 02:15:00,MEO-03,MEO,1.5462662,0.26167265,1.1481175,0.15624909
2024-01-01 02:30:00,MEO-03,MEO,1.5994134,0.51253515,0.8614377,0.21625802
2024-01-01 02:45:00,MEO-03,MEO,1.900182,0.53528464,0.50780326,0.09151848
2024-01-01 03:00:00,MEO-03,MEO,0.7810266,0.31394693,0.07092026,-0.06930935
2024-01-01 03:15:00,MEO-03,MEO,1.9629551,0.19051787,-0.008713335,-0.2446906
2024-01-01 03:30:00,MEO-03,MEO,1.2690405,0.36783105,0.23479842,-0.280602
2024-01-01 03:45:00,MEO-03,MEO,1.3557806,0.29191124,-0.28634733,-0.107931964
2024-01-01 04:00:00,MEO-03,MEO,-0.93430763,0.24096064,-0.38518545,-0.47662154
2024-01-01 04:15:00,MEO-03,MEO,1.8938224,-0.080381684,-0.50438863,-0.43101537
2024-01-01 04:30:00,MEO-03,MEO,2.562571,0.19428058,-0.030235372,-0.18203072
2024-01-01 04:45:00,MEO-03,MEO,0.38676363,0.24345426,-0.2692522,-0.315258
2024-01-01 05:00:00,MEO-03,MEO,-0.031104136,-0.11513509,-0.5038002,-0.5490991
2024-01-01 05:15:00,MEO-03,MEO,-0.1098921,0.001743079,-0.544313,-0.5133421
2024-01-01 05:30:00,MEO-03,MEO,1.4568487,0.027508518,-0.42067394,-0.38280624
2024-01-01 05:45:00,MEO-03,MEO,-2.0032034,-0.011173959,-0.3020345,-0.6187658
2024-01-01 06:00:00,MEO-03,MEO,1.2028606,-0.109837405,-0.17402694,-0.6852206
2024-01-01 06:15:00,MEO-03,MEO,-1.3396869,-0.036607932,-0.51664567,-0.52121705
2024-01-01 06:30:00,MEO-03,MEO,1.407668,0.06693543,-0.39194703,-0.34259257
2024-01-01 06:45:00,MEO-03,MEO,0.14869374,-0.072560675,-0.24026963,-0.23050341
2024-01-01 07:00:00,MEO-03,MEO,-0.43314907,-0.15771775,-0.24782124,-0.23449588
2024-01-01 07:15:00,MEO-03,MEO,-1.660841,-0.11662937,-0.31572956,-0.3897317
2024-01-01 07:30:00,MEO-03,MEO,-2.954925,-0.113771796,-0.30647215,-0.18098438
2024-01-01 07:45:00,MEO-03,MEO,-2.8983405,-0.10485928,-0.22409078,-0.3156885
2024-01-01 08:00:00,MEO-03,MEO,-1.8576583,-0.1403089,-0.5607292,-0.10971785
2024-01-01 08:15:00,MEO-03,MEO,-0.20607053,0.03242009,-0.39244568,-0.047268115
2024-01-01 08:30:00,MEO-03,MEO,-2.366906,-0.048141107,-0.53760785,0.052853946
2024-01-01 08:45:00,MEO-03,MEO,-3.9185388,-0.37361073,-0.1346854,-0.037384197
2024-01-01 09:00:00,MEO-03,MEO,-2.4039874,-0.2277834,-0.25970635,0.07082755
2024-01-01 09:15:00,MEO-03,MEO,-3.0898614,-0.28931248,-0.24418877,0.11913352
2024-01-01 09:30:00,MEO-03,MEO,-2.5436952,-0.24708465,-0.3248036,0.20104495
2024-01-01 09:45:00,MEO-03,MEO,-3.456292,-0.17537643,-0.7136357,-0.08315828
2024-01-01 10:00:00,MEO-03,MEO,-3.96903,-0.25313097,0.19281167,0.28988937
2024-01-01 10:15:00,MEO-03,MEO,-3.305381,-0.17894702,0.14962612,0.27501377
2024-01-01 10:30:00,MEO-03,MEO,-3.314005,-0.22428651,0.22767371,0.10033766
2024-01-01 10:45:00,MEO-03,MEO,-1.0520082,0.049250387,0.5246274,0.22758794
2024-01-01 11:00:00,MEO-03,MEO,-1.7590417,-0.16367531,0.54948616,0.38705477
2024-01-01 11:15:00,MEO-03,MEO,-1.0052383,-0.017184095,0.82363313,0.5755876
2024-01-01 11:30:00,MEO-03,MEO,-1.882484,0.10617916,1.3346063,0.41652256
2024-01-01 11:45:00,MEO-03,MEO,-0.93755704,0.12007325,1.481799,0.4127371
2024-01-01 12:00:00,MEO-03,MEO,-1.2541282,-0.037175067,1.272985,0.48930165
2024-01-01 12:15:00,MEO-03,MEO,0.7542318,0.13970305,1.4669257,0.17934324
2024-01-01 12:30:00,MEO-03,MEO,-0.13885275,0.28016832,1.5630074,0.2297898
2024-01-01 12:45:00,MEO-03,MEO,1.0632498,0.124695554,1.5055795,0.33556145
2024-01-01 13:00:00,MEO-03,MEO,0.7996604,0.21341956,1.575761,-0.35935977
2024-01-01 13:15:00,MEO-03,MEO,2.2337897,0.34089968,1.4376868,-0.12875077
2024-01-01 13:30:00,MEO-03,MEO,3.1060576,0.37616324,1.4905424,0.22206214
2024-01-01 13:45:00,MEO-03,MEO,1.9543704,0.16695556,0.6918407,-0.0015373986
2024-01-01 14:00:00,MEO-03,MEO,3.1837246,0.19885747,1.0749348,0.06315256
2024-01-01 14:15:00,MEO-03,MEO,2.5971944,0.2959786,0.80846727,-0.2837585
2024-01-01 14:30:00,MEO-03,MEO,2.7384799,0.15118906,0.31132537,-0.3235414
2024-01-01 14:45:00,MEO-03,MEO,2.8042035,0.40409473,0.36112487,-0.3762302
2024-01-01 15:00:00,MEO-03,MEO,1.9689289,0.26312774,0.28370354,-0.24321935
2024-01-01 15:15:00,MEO-03,MEO,1.582641,0.21916303,-0.11689014,-0.5223699
2024-01-01 15:30:00,MEO-03,MEO,-0.18801998,0.052598517,-0.23154236,-0.41342336
2024-01-01 15:45:00,MEO-03,MEO,0.2978268,-0.045787163,-0.15568581,-0.36543322
2024-01-01 16:00:00,MEO-03,MEO,1.0417244,-0.26627758,-0.68066984,-0.3890583
2024-01-01 16:15:00,MEO-03,MEO,2.788369,-0.051977936,-0.5231065,-0.33394542
2024-01-01 16:30:00,MEO-03,MEO,0.9976547,-0.15037826,-0.30059746,-0.71002114
2024-01-01 16:45:00,MEO-03,MEO,-0.4521411,-0.25960758,-0.7567629,-0.44608206
2024-01-01 17:00:00,MEO-03,MEO,0.7119348,-0.15383735,-0.601882,-0.34803602
2024-01-01 17:15:00,MEO-03,MEO,1.6169177,-0.25631693,-0.3504387,-0.62774456
2024-01-01 17:30:00,MEO-03,MEO,-0.6709379,-0.2796942,-0.6608616,-0.46942458
2024-01-01 17:45:00,MEO-03,MEO,0.6510883,-0.25573823,-0.59537494,-0.2572953
2024-01-01 18:00:00,MEO-03,MEO,0.51090777,-0.1958623,-0.43461964,-0.3801079
2024-01-01 18:15:00,MEO-03,MEO,-0.92224246,-0.27577615,-0.34971946,-0.284704
2024-01-01 18:30:00,MEO-03,MEO,-0.7308945,-0.38611156,-0.96589833,-0.39877725
2024-01-01 18:45:00,MEO-03,MEO,-1.6390629,-0.39335257,-0.6241723,-0.38808987
2024-01-01 19:00:00,MEO-03,MEO,0.18085936,-0.14106935,-0.56141466,-0.23565474
2024-01-01 19:15:00,MEO-03,MEO,0.53875864,-0.2355243,-0.39559898,-0.3891897
2024-01-01 19:30:00,MEO-03,MEO,-1.150988,-0.09899564,-0.17118558,-0.32513
2024-01-01 19:45:00,MEO-03,MEO,-0.23934996,-0.31110293,-0.79517907,-0.43978074
2024-01-01 20:00:00,MEO-03,MEO,-1.1415688,-0.27425343,-0.62186986,-0.025757458
2024-01-01 20:15:00,MEO-03,MEO,-1.4724619,-0.31244868,-0.48762536,0.022940194
2024-01-01 20:30:00,MEO-03,MEO,-2.1033578,-0.39453164,-0.26362193,0.1464322
2024-01-01 20:45:00,MEO-03,MEO,-2.1994934,-0.46656877,-0.1651555,0.4496278
2024-01-01 21:00:00,MEO-03,MEO,-2.5493348,-0.15351753,-0.3765223,0.1671713
2024-01-01 21:15:00,MEO-03,MEO,-2.0253258,-0.39648345,-0.30482915,0.43455458
2024-01-01 21:30:00,MEO-03,MEO,-2.0423393,-0.44037744,-0.324543,0.62842166
2024-01-01 21:45:00,MEO-03,MEO,-2.4192045,-0.25156662,-0.09565785,0.34366354
2024-01-01 22:00:00,MEO-03,MEO,-1.5764287,-0.24590997,0.2468046,0.6170895
2024-01-01 22:15:00,MEO-03,MEO,-3.3876717,-0.098666824,-0.16408727,0.6923152
2024-01-01 22:30:00,MEO-03,MEO,-2.377925,-0.16099404,0.3680979,0.49703676
2024-01-01 22:45:00,MEO-03,MEO,-2.8454838,-0.2436536,0.85049134,0.5726057
2024-01-01 23:00:00,MEO-03,MEO,-1.4436432,-0.26109874,0.6963458,0.2601553
2024-01-01 23:15:00,MEO-03,MEO,-0.78523195,-0.078231215,1.4168596,0.68203473
2024-01-01 23:30:00,MEO-03,MEO,-2.737354,0.1881012,1.156127,0.5727182
2024-01-01 23:45:00,MEO-03,MEO,-0.07727968,-0.14815485,1.2694932,0.64018875
2024-01-02 00:00:00,MEO-03,MEO,0.83484024,0.07013794,1.3493282,0.3585186
2024-01-02 00:15:00,MEO-03,MEO,0.44314125,0.15079369,1.5206803,0.7993418
2024-01-02 00:30:00,MEO-03,MEO,-1.3837676,0.25966403,1.418866,0.28458646
2024-01-02 00:45:00,MEO-03,MEO,3.1186018,0.2927259,1.605694,0.32644838
2024-01-02 01:00:00,MEO-03,MEO,0.7616059,0.60358894,1.4873177,0.29083872
2024-01-02 01:15:00,MEO-03,MEO,1.5850163,0.40687048,1.3291099,0.41681865
2024-01-02 01:30:00,MEO-03,MEO,3.6747358,0.35668316,1.3842875,0.13208939
2024-01-02 01:45:00,MEO-03,MEO,1.5969337,0.4839777,1.2639363,0.1374579
2024-01-02 02:00:00,MEO-03,MEO,1.9259974,0.423244,1.0197009,0.26725462
2024-01-02 02:15:00,MEO-03,MEO,3.4562256,0.37368223,1.1436136,-0.07700471
2024-01-02 02:30:00,MEO-03,MEO,2.442873,0.25897315,0.5334952,-0.07532351
2024-01-02 02:45:00,MEO-03,MEO,2.5004675,0.38547137,0.7163412,-0.032291897
2024-01-02 03:00:00,MEO-03,MEO,1.5576283,0.30545628,0.28156933,-0.2301465
2024-01-02 03:15:00,MEO-03,MEO,1.3743359,0.32063287,0.24017671,-0.0478965
2024-01-02 03:30:00,MEO-03,MEO,1.7677171,0.49115634,0.18780509,-0.20940425
2024-01-02 03:45:00,MEO-03,MEO,-0.62201774,0.10500154,-0.10237265,-0.29838833
2024-01-02 04:00:00,MEO-03,MEO,-0.5356849,0.0013992225,-0.12537333,-0.49635276
2024-01-02 04:15:00,MEO-03,MEO,-0.14401458,0.004653424,-0.29197958,-0.45768127
2024-01-02 04:30:00,MEO-03,MEO,-0.6943687,-0.0037449729,-0.32109287,-0.40669918
2024-01-02 04:45:00,MEO-03,MEO,1.2054856,0.0034164744,-0.1978249,-0.35784593
2024-01-02 05:00:00,MEO-03,MEO,-0.4007212,0.07726943,-0.43857545,-0.4662349
2024-01-02 05:15:00,MEO-03,MEO,-0.3325249,-0.017228326,-0.5085251,-0.47257078
2024-01-02 05:30:00,MEO-03,MEO,-1.4569004,-0.23455095,-0.19570008,-0.4106015
2024-01-02 05:45:00,MEO-03,MEO,0.33763146,-0.014967709,-0.3709436,-0.261314
2024-01-02 06:00:00,MEO-03,MEO,-0.6610417,-0.049910504,-0.5301897,-0.48275128
2024-01-02 06:15:00,MEO-03,MEO,-1.011083,-0.07473678,-0.23901822,-0.6442963
2024-01-02 06:30:00,MEO-03,MEO,-1.0493184,0.0063325698,-0.38803935,-0.41112944
2024-01-02 06:45:00,MEO-03,MEO,-1.2920576,-0.15718842,0.011781486,-0.45502305
2024-01-02 07:00:00,MEO-03,MEO,-1.6875182,-0.15072367,-0.24250907,-0.16158132
2024-01-02 07:15:00,MEO-03,MEO,-0.8708578,-0.21592389,-0.012141544,-0.20914519
2024-01-02 07:30:00,MEO-03,MEO,-0.26590464,-0.00061507797,-0.06265097,-0.3507946
2024-01-02 07:45:00,MEO-03,MEO,0.15366825,-0.180769,-0.24193619,-0.18752067
2024-01-02 08:00:00,MEO-03,MEO,-3.2670212,-0.1458369,-0.29761887,-0.005429005
2024-01-02 08:15:00,MEO-03,MEO,-1.9222169,-0.17017177,-0.5193599,-0.2746844
2024-01-02 08:30:00,MEO-03,MEO,0.4867028,-0.0044454825,-0.014737792,0.13281842
2024-01-02 08:45:00,MEO-03,MEO,-1.8252374,-0.18168904,-0.02211069,0.5260205
2024-01-02 09:00:00,MEO-03,MEO,-3.2773085,-0.17918076,-0.37162328,0.2739894
2024-01-02 09:15:00,MEO-03,MEO,-2.4167645,-0.2223441,-0.43902984,-0.018900232
2024-01-02 09:30:00,MEO-03,MEO,-3.2710135,-0.20774859,-0.13983323,0.09703812
2024-01-02 09:45:00,MEO-03,MEO,-1.8613924,-0.19742714,-0.17791699,0.26885727
2024-01-02 10:00:00,MEO-03,MEO,-1.9775623,-0.15665542,0.4580015,0.5492303
2024-01-02 10:15:00,MEO-03,MEO,-2.762518,-0.03961664,0.13898616,0.23033871
2024-01-02 10:30:00,MEO-03,MEO,-1.6348774,-0.2154172,0.26916906,0.5120717
2024-01-02 10:45:00,MEO-03,MEO,-1.5847578,-0.24715035,0.8015653,0.015107553
2024-01-02 11:00:00,MEO-03,MEO,-0.9611919,-0.05270446,0.5680824,0.55930424
2024-01-02 11:15:00,MEO-03,MEO,-0.9872798,0.08027832,1.2422147,0.27081624
2024-01-02 11:30:00,MEO-03,MEO,-1.0730002,0.23710164,1.4190356,0.26000056
2024-01-02 11:45:00,MEO-03,MEO,-1.3078392,-0.11656705,1.147651,0.41989118
2024-01-02 12:00:00,MEO-03,MEO,1.8685461,-0.0043481304,1.4420807,0.30172035
2024-01-02 12:15:00,MEO-03,MEO,0.47302207,0.124579504,1.235466,0.6138189
2024-01-02 12:30:00,MEO-03,MEO,0.24373886,0.15152462,1.5313455,0.29223955
2024-01-02 12:45:00,MEO-03,MEO,0.65514004,0.30268326,1.6704918,-0.04379417
2024-01-02 13:00:00,MEO-03,MEO,3.7154534,0.3517309,1.4420708,0.21659532
2024-01-02 13:15:00,MEO-03,MEO,2.6987526,0.32434887,1.6813364,0.12049013
2024-01-02 13:30:00,MEO-03,MEO,0.46602985,0.3580201,1.0416205,0.25296462
2024-01-02 13:45:00,MEO-03,MEO,2.9736931,0.24036816,1.004584,-0.32408547
2024-01-02 14:00:00,MEO-03,MEO,1.8717352,0.14117482,0.7193051,-0.24097984
2024-01-02 14:15:00,MEO-03,MEO,2.0616593,0.30978,0.6301291,-0.15937302
2024-01-02 14:30:00,MEO-03,MEO,1.3599352,0.1819951,0.8987482,-0.17704576
2024-01-02 14:45:00,MEO-03,MEO,2.501689,0.37693438,0.13453901,-0.36269477
2024-01-02 15:00:00,MEO-03,MEO,3.6523204,0.23186176,0.46218786,-0.4029854
2024-01-02 15:15:00,MEO-03,MEO,-0.11388779,0.15360418,0.030346574,-0.36702093
2024-01-02 15:30:00,MEO-03,MEO,0.48396528,0.0041772686,-0.20714207,-0.50884795
2024-01-02 15:45:00,MEO-03,MEO,0.14190516,0.08996123,-0.34397945,-0.51041424
2024-01-02 16:00:00,MEO-03,MEO,0.008580082,-0.05675902,-0.53389156,-0.16181216
2024-01-02 16:15:00,MEO-03,MEO,-0.88889897,-0.05972492,-0.7748083,-0.41768515
2024-01-02 16:30:00,MEO-03,MEO,-0.63249505,-0.35160947,-0.8257093,-0.47384185
2024-01-02 16:45:00,MEO-03,MEO,-0.2921606,-0.12977211,-1.0540051,-0.6548774
2024-01-02 17:00:00,MEO-03,MEO,1.2070742,-0.034993857,-0.78271514,-0.74059737
2024-01-02 17:15:00,MEO-03,MEO,-2.3808315,-0.19933502,-0.9068615,-0.64759576
2024-01-02 17:30:00,MEO-03,MEO,-0.4819812,-0.222486,-0.865611,-0.6018268
2024-01-02 17:45:00,MEO-03,MEO,0.46494508,-0.13229224,-1.3108784,-0.393642
2024-01-02 18:00:00,MEO-03,MEO,-1.0915053,-0.18238409,-0.78290313,-0.19993317
2024-01-02 18:15:00,MEO-03,MEO,1.0252671,-0.26187864,-0.6238558,-0.6234294
2024-01-02 18:30:00,MEO-03,MEO,0.58056384,-0.17782202,-0.7040688,-0.3527134
2024-01-02 18:45:00,MEO-03,MEO,-0.23075575,-0.298103,-0.8248014,-0.33822945
2024-01-02 19:00:00,MEO-03,MEO,1.0947368,-0.1848127,-0.85576427,-0.49113494
2024-01-02 19:15:00,MEO-03,MEO,-0.06253839,-0.1643322,-0.9102,-0.30456546
2024-01-02 19:30:00,MEO-03,MEO,0.2991982,-0.3319571,-1.2413722,-0.102901034
2024-01-02 19:45:00,MEO-03,MEO,-2.5203583,-0.33178502,-0.7345195,-0.30494085
2024-01-02 20:00:00,MEO-03,MEO,-0.86741257,-0.25734898,-0.83601105,0.07677002
2024-01-02 20:15:00,MEO-03,MEO,-2.145857,-0.27548113,-0.6469965,0.31113833
2024-01-02 20:30:00,MEO-03,MEO,-3.1879525,-0.18672241,-0.9543025,0.10119186
2024-01-02 20:45:00,MEO-03,MEO,-2.2001138,-0.43503973,-0.39936194,0.14693823
2024-01-02 21:00:00,MEO-03,MEO,-1.7056338,-0.5588141,-0.58888036,0.24809496
2024-01-02 21:15:00,MEO-03,MEO,-2.987026,-0.24541482,-0.27369913,0.1622223
2024-01-02 21:30:00,MEO-03,MEO,-2.0063188,-0.5969331,-0.508368,0.49651745
2024-01-02 21:45:00,MEO-03,MEO,-1.3384867,-0.2775716,-0.27867064,0.36926964
2024-01-02 22:00:00,MEO-03,MEO,-3.0360596,-0.35631198,-0.19456396,0.50130993
2024-01-02 22:15:00,MEO-03,MEO,-2.8928144,-0.34260598,0.16386868,0.584437
2024-01-02 22:30:00,MEO-03,MEO,-2.2530093,-0.13298017,0.23133942,0.48975918
2024-01-02 22:45:00,MEO-03,MEO,-2.10052,-0.17561756,0.46059528,0.4169907
2024-01-02 23:00:00,MEO-03,MEO,-0.70376146,-0.17733046,0.67970806,0.66226393
2024-01-02 23:15:00,MEO-03,MEO,-3.9989393,-0.08009051,0.47723985,0.78473896
2024-01-02 23:30:00,MEO-03,MEO,-0.68940884,0.05852609,1.332859,0.83289367
2024-01-02 23:45:00,MEO-03,MEO,-1.3044411,-0.07943633,1.1797906,0.37616163
2024-01-03 00:00:00,MEO-03,MEO,-1.1431072,0.28527305,1.5143287,0.35220644
2024-01-03 00:15:00,MEO-03,MEO,2.416433,0.39404222,1.2505854,0.6913335
2024-01-03 00:30:00,MEO-03,MEO,0.6938403,0.36653864,1.9837873,0.57358944
2024-01-03 00:45:00,MEO-03,MEO,0.64761966,0.40054622,1.8030378,0.47147283
2024-01-03 01:00:00,MEO-03,MEO,3.3063624,0.5206592,1.7006725,0.38961533
2024-01-03 01:15:00,MEO-03,MEO,2.1844583,0.4178504,1.6002706,0.43544582
2024-01-03 01:30:00,MEO-03,MEO,1.5477487,0.43744192,1.3756064,0.22384356
2024-01-03 01:45:00,MEO-03,MEO,2.6536207,0.66792405,1.6872334,0.4004614
2024-01-03 02:00:00,MEO-03,MEO,2.435909,0.5052312,0.9121072,0.20047848
2024-01-03 02:15:00,MEO-03,MEO,0.82739204,0.5202529,1.1834025,0.11522488
2024-01-03 02:30:00,MEO-03,MEO,1.2179984,0.3977403,1.257928,-0.23022962
2024-01-03 02:45:00,MEO-03,MEO,1.3202543,0.49916583,0.3323667,0.04899821
2024-01-03 03:00:00,MEO-03,MEO,1.2548059,0.3957963,0.9574984,-0.25169274
2024-01-03 03:15:00,MEO-03,MEO,1.8935819,0.4130608,0.2677256,-0.15431787
2024-01-03 03:30:00,MEO-03,MEO,0.5106312,0.23757818,0.25010633,-0.08607113
2024-01-03 03:45:00,MEO-03,MEO,0.06835498,0.21105415,0.21403788,-0.24440633
2024-01-03 04:00:00,MEO-03,MEO,1.1200012,0.22695553,0.20595905,-0.20787592
2024-01-03 04:15:00,MEO-03,MEO,0.74399525,0.09005261,-0.5351164,-0.2979984
2024-01-03 04:30:00,MEO-03,MEO,-1.1751878,0.3293499,0.4159292,-0.511111
2024-01-03 04:45:00,MEO-03,MEO,-0.44716698,0.044260066,0.23057956,-0.5548368
2024-01-03 05:00:00,MEO-03,MEO,0.25646144,0.0670737,-0.24401584,-0.41288093
2024-01-03 05:15:00,MEO-03,MEO,1.7668755,0.08945608,-0.4156589,-0.5878172
2024-01-03 05:30:00,MEO-03,MEO,-0.113638125,-0.17445943,-0.26898336,-0.83030766
2024-01-03 05:45:00,MEO-03,MEO,0.073918544,-0.12971298,0.04578502,-0.4814801
2024-01-03 06:00:00,MEO-03,MEO,-0.35527226,0.055174418,0.19116344,-0.19238286
2024-01-03 06:15:00,MEO-03,MEO,-0.4238047,-0.120069906,0.019475557,-0.3862332
2024-01-03 06:30:00,MEO-03,MEO,-2.3336022,-0.22910194,0.22016987,-0.5544146
2024-01-03 06:45:00,MEO-03,MEO,0.8620744,-0.03848262,-0.09703161,-0.19795196
2024-01-03 07:00:00,MEO-03,MEO,-0.26371503,0.034541056,-0.41662484,-0.3410736
2024-01-03 07:15:00,MEO-03,MEO,0.18568802,-0.024262073,0.51207775,0.05719924
2024-01-03 07:30:00,MEO-03,MEO,-2.261555,-0.1972851,-0.1630849,-0.3051597
2024-01-03 07:45:00,MEO-03,MEO,-1.9102018,-0.107595384,0.3059395,0.008782877
2024-01-03 08:00:00,MEO-03,MEO,-1.0400852,-0.10847165,-0.18663292,-0.210058
2024-01-03 08:15:00,MEO-03,MEO,-2.1316495,-0.09483597,0.0040876023,-0.023638325
2024-01-03 08:30:00,MEO-03,MEO,-2.4503562,-0.31530407,-0.27582127,0.061523475
2024-01-03 08:45:00,MEO-03,MEO,-0.10756785,-0.16088718,-0.120730944,0.13547432
2024-01-03 09:00:00,MEO-03,MEO,-3.097484,-0.15779853,-0.31046355,-0.040420484
2024-01-03 09:15:00,MEO-03,MEO,-2.5515857,-0.32469696,0.06642514,0.23648614
2024-01-03 09:30:00,MEO-03,MEO,-2.8632774,-0.22912423,-0.17228127,0.31009272
2024-01-03 09:45:00,MEO-03,MEO,-4.2200227,-0.32835698,-0.054072816,0.36473468
2024-01-03 10:00:00,MEO-03,MEO,-2.9845095,-0.05625031,0.3922863,0.26046306
2024-01-03 10:15:00,MEO-03,MEO,-0.9343547,-0.28224614,0.30408102,0.2886644
2024-01-03 10:30:00,MEO-03,MEO,-3.1302383,-0.08082726,0.8376463,0.22082533
2024-01-03 10:45:00,MEO-03,MEO,-1.2770506,0.038995173,0.8331017,0.32071266
2024-01-03 11:00:00,MEO-03,MEO,-2.0895767,0.06870336,0.83933055,0.37529454
2024-01-03 11:15:00,MEO-03,MEO,-1.4192677,-0.06539485,1.465294,0.47492635
2024-01-03 11:30:00,MEO-03,MEO,-1.6537043,0.018040035,1.5756496,0.30874023
2024-01-03 11:45:00,MEO-03,MEO,-0.39594865,0.028394548,1.5263394,0.42326555
2024-01-03 12:00:00,MEO-03,MEO,-0.5434875,0.045276485,1.6496078,0.4526442
2024-01-03 12:15:00,MEO-03,MEO,1.7603695,0.25801146,1.6994934,0.25873184
2024-01-03 12:30:00,MEO-03,MEO,-0.30071852,0.2536866,1.8084536,0.14089501
2024-01-03 12:45:00,MEO-03,MEO,0.7170594,0.2591953,1.7041646,0.099856846
2024-01-03 13:00:00,MEO-03,MEO,-0.55991966,0.34977725,1.9059316,0.052916463
2024-01-03 13:15:00,MEO-03,MEO,2.9761941,0.38097373,1.1657845,0.019705024
2024-01-03 13:30:00,MEO-03,MEO,2.550484,0.28290817,1.474183,-0.12982996
2024-01-03 13:45:00,MEO-03,MEO,2.7467444,0.46014172,0.99776715,-0.30661577
2024-01-03 14:00:00,MEO-03,MEO,1.6249053,0.40643996,0.9762586,-0.11708154
2024-01-03 14:15:00,MEO-03,MEO,2.631365,0.34806824,0.896875,-0.30042845
2024-01-03 14:30:00,MEO-03,MEO,3.0613198,0.30838022,0.854008,-0.09711868
2024-01-03 14:45:00,MEO-03,MEO,1.2561519,0.26279595,0.4008024,-0.28192163
2024-01-03 15:00:00,MEO-03,MEO,3.4333322,0.21734776,0.36205384,-0.47679323
2024-01-03 15:15:00,MEO-03,MEO,1.043792,0.12814826,-0.094213374,-0.29063922
2024-01-03 15:30:00,MEO-03,MEO,0.28820416,0.09448727,-0.224948,-0.30143836
2024-01-03 15:45:00,MEO-03,MEO,2.1187444,-0.16166915,-0.037832897,-0.345239
2024-01-03 16:00:00,MEO-03,MEO,0.5626896,-0.11866953,-0.4173539,-0.42806548
2024-01-03 16:15:00,MEO-03,MEO,0.2900489,-0.116100445,-0.46122146,-0.87215346
2024-01-03 16:30:00,MEO-03,MEO,0.9036594,-0.086314455,-0.38801235,-0.5599694
2024-01-03 16:45:00,MEO-03,MEO,0.7797305,-0.20628189,-0.3273337,-0.4384351
2024-01-03 17:00:00,MEO-03,MEO,-1.0394614,-0.20859453,-0.57566667,-0.7322426
2024-01-03 17:15:00,MEO-03,MEO,-0.114036106,-0.3178381,-0.6711422,-0.68788433
2024-01-03 17:30:00,MEO-03,MEO,0.062237304,-0.3654897,-0.7869852,-0.19738553
2024-01-03 17:45:00,MEO-03,MEO,0.030538969,-0.12743308,-0.59380174,-0.8056272
2024-01-03 18:00:00,MEO-03,MEO,1.2153238,-0.19646092,-0.28325036,-0.43053538
2024-01-03 18:15:00,MEO-03,MEO,-1.0512301,-0.0738161,-0.19594498,-0.2881304
2024-01-03 18:30:00,MEO-03,MEO,-1.2962265,-0.20513098,-0.6481147,-0.32679668
2024-01-03 18:45:00,MEO-03,MEO,-2.067765,-0.22314934,-0.6071524,-0.07075886
2024-01-03 19:00:00,MEO-03,MEO,0.0044332896,-0.28322092,-0.18569994,-0.34080604
2024-01-03 19:15:00,MEO-03,MEO,-2.0206308,-0.44108608,-0.41894165,-0.18921934
2024-01-03 19:30:00,MEO-03,MEO,-1.6053014,-0.16661182,-0.27336937,-0.09882219
2024-01-03 19:45:00,MEO-03,MEO,-2.657156,-0.2699085,-0.665206,-0.32914007
2024-01-03 20:00:00,MEO-03,MEO,-2.9951017,-0.25823596,-0.70082086,-0.091236986
2024-01-03 20:15:00,MEO-03,MEO,-1.8774544,-0.24618097,-0.66689456,0.091492265
2024-01-03 20:30:00,MEO-03,MEO,-1.3320292,-0.49189872,-0.66192544,0.0273836
2024-01-03 20:45:00,MEO-03,MEO,-3.774961,-0.22551069,0.006816478,0.20244871
2024-01-03 21:00:00,MEO-03,MEO,-2.3229682,-0.25905764,-0.38253108,0.5716856
2024-01-03 21:15:00,MEO-03,MEO,-2.839186,-0.34249568,-0.028084086,0.36710265
2024-01-03 21:30:00,MEO-03,MEO,-3.879133,-0.4794548,-0.050072372,0.52207685
2024-01-03 21:45:00,MEO-03,MEO,-3.5640006,-0.15328665,-0.05114305,0.56503785
2024-01-03 22:00:00,MEO-03,MEO,-3.20212,-0.40473965,-0.24230872,0.6123765
2024-01-03 22:15:00,MEO-03,MEO,-3.788598,-0.09847028,0.30641577,0.51795924
2024-01-03 22:30:00,MEO-03,MEO,-4.786986,-0.42709672,0.19680172,0.7736611
2024-01-03 22:45:00,MEO-03,MEO,-1.609426,-0.01224464,0.55386645,0.57856685
2024-01-03 23:00:00,MEO-03,MEO,-0.9892368,-0.05367502,0.77803737,0.70443386
2024-01-03 23:15:00,MEO-03,MEO,-2.447231,-0.00066690426,0.9385728,0.5386733
2024-01-03 23:30:00,MEO-03,MEO,-0.8183941,0.16871792,1.3084974,0.4699726
2024-01-03 23:45:00,MEO-03,MEO,-0.22111546,0.0055529983,1.5080931,0.6378172
2024-01-04 00:00:00,MEO-03,MEO,-0.42739344,0.104091085,1.3852463,0.429608
2024-01-04 00:15:00,MEO-03,MEO,-1.4760056,0.2576503,1.701346,0.5433789
2024-01-04 00:30:00,MEO-03,MEO,0.032705422,0.2774802,1.8551284,0.37705383
2024-01-04 00:45:00,MEO-03,MEO,0.08430406,0.35815358,2.0210679,0.5412008
2024-01-04 01:00:00,MEO-03,MEO,0.98823005,0.3658743,1.7502664,0.58047485
2024-01-04 01:15:00,MEO-03,MEO,0.4550323,0.49247926,1.879704,0.21748872
2024-01-04 01:30:00,MEO-03,MEO,3.0058248,0.25830773,1.5337865,0.3997714
2024-01-04 01:45:00,MEO-03,MEO,1.119518,0.27382585,1.4362308,0.30446377
2024-01-04 02:00:00,MEO-03,MEO,1.588288,0.4402645,1.0546557,0.15361111
2024-01-04 02:15:00,MEO-03,MEO,0.9885022,0.5520961,1.0995221,-0.10203849
2024-01-04 02:30:00,MEO-03,MEO,0.6219375,0.33409697,0.92317146,-0.23331852
2024-01-04 02:45:00,MEO-03,MEO,2.1250732,0.38957256,0.6122449,-0.059089817
2024-01-04 03:00:00,MEO-03,MEO,1.1570934,0.32944974,0.79705155,0.1025432
2024-01-04 03:15:00,MEO-03,MEO,2.8885863,0.45674002,0.2508754,-0.1586824
2024-01-04 03:30:00,MEO-03,MEO,-1.6409186,0.20421638,0.36536226,-0.33107033
2024-01-04 03:45:00,MEO-03,MEO,2.4553528,0.32568437,0.44096985,-0.30823877
2024-01-04 04:00:00,MEO-03,MEO,-0.7030845,0.062958494,-0.04250872,-0.23366237
2024-01-04 04:15:00,MEO-03,MEO,0.25160798,0.03766949,-0.032772142,-0.34681094
2024-01-04 04:30:00,MEO-03,MEO,-1.1616743,0.16955313,-0.654612,-0.6227429
2024-01-04 04:45:00,MEO-03,MEO,0.7111836,-0.0010306882,-0.214162,-0.6045996
2024-01-04 05:00:00,MEO-03,MEO,-0.27938843,0.13425635,-0.29043162,-0.28831682
2024-01-04 05:15:00,MEO-03,MEO,-0.4908623,-0.07480723,-0.15445499,-0.3878125
2024-01-04 05:30:00,MEO-03,MEO,-0.975661,0.04866811,-0.1779775,-0.25959533
2024-01-04 05:45:00,MEO-03,MEO,0.15399982,0.080401406,-0.277351,-0.18061511
2024-01-04 06:00:00,MEO-03,MEO,0.7373954,-0.088506885,-0.44782063,-0.53606313
2024-01-04 06:15:00,MEO-03,MEO,-1.0039299,-0.31209645,-0.041816134,-0.51265687
2024-01-04 06:30:00,MEO-03,MEO,0.7385084,-0.25735667,0.04849974,-0.3632179
2024-01-04 06:45:00,MEO-03,MEO,-0.15496528,0.06371782,-0.5564298,-0.24876949
2024-01-04 07:00:00,MEO-03,MEO,-0.9014978,-0.08870068,-0.2458773,-0.15840577
2024-01-04 07:15:00,MEO-03,MEO,-1.5184449,-0.008784952,0.066919126,-0.226949
2024-01-04 07:30:00,MEO-03,MEO,-3.452481,-0.23294647,-0.35284725,-0.43272364
2024-01-04 07:45:00,MEO-03,MEO,-0.47911376,-0.07098638,-0.019228643,-0.3147705
2024-01-04 08:00:00,MEO-03,MEO,-1.8827416,-0.041088667,-0.08390299,-0.0018218531
2024-01-04 08:15:00,MEO-03,MEO,-0.890756,-0.23731671,-0.38461182,-0.07974122
2024-01-04 08:30:00,MEO-03,MEO,-2.51268,-0.22510973,-0.46593583,-0.32024932
2024-01-04 08:45:00,MEO-03,MEO,-1.2582802,-0.24151346,-0.27971372,0.2922997
2024-01-04 09:00:00,MEO-03,MEO,-0.8951433,-0.28147846,-0.17958477,0.010562563
2024-01-04 09:15:00,MEO-03,MEO,-2.9077697,-0.20374557,-0.04855586,0.24972287
2024-01-04 09:30:00,MEO-03,MEO,-3.7524714,-0.32690316,-0.132437,0.4978448
2024-01-04 09:45:00,MEO-03,MEO,-4.5291324,-0.06962317,-0.1913242,0.5343127
2024-01-04 10:00:00,MEO-03,MEO,-0.9078495,-0.26232788,0.5158628,0.29425147
2024-01-04 10:15:00,MEO-03,MEO,-2.7012916,-0.08658564,0.32332647,0.34115672
2024-01-04 10:30:00,MEO-03,MEO,-2.4183471,-0.2908826,0.57901627,0.18984678
2024-01-04 10:45:00,MEO-03,MEO,-1.8344427,-0.18797766,0.42813027,0.56026405
2024-01-04 11:00:00,MEO-03,MEO,-3.0429115,-0.2387951,0.49980167,0.35089505
2024-01-04 11:15:00,MEO-03,MEO,-2.8722653,-0.052122008,1.0895153,0.5205789
2024-01-04 11:30:00,MEO-03,MEO,0.010143496,-0.06933257,1.4616146,0.5413887
2024-01-04 11:45:00,MEO-03,MEO,-1.456743,-0.051124923,1.5063909,0.14415018
2024-01-04 12:00:00,MEO-03,MEO,0.25410762,0.028688284,1.6197275,0.2491338
2024-01-04 12:15:00,MEO-03,MEO,0.908883,0.15468885,1.6346878,0.449105
2024-01-04 12:30:00,MEO-03,MEO,0.62643576,0.1892831,1.6164786,0.049112763
2024-01-04 12:45:00,MEO-03,MEO,0.98411727,0.25758335,1.5194341,0.33928037
2024-01-04 13:00:00,MEO-03,MEO,4.141359,0.0758303,1.6421474,-0.08430236
2024-01-04 13:15:00,MEO-03,MEO,3.3754072,0.44377735,1.1544976,0.13033456
2024-01-04 13:30:00,MEO-03,MEO,1.5566967,0.38363096,1.4512331,0.20122103
2024-01-04 13:45:00,MEO-03,MEO,2.155668,0.23329656,1.2138804,-0.16116457
2024-01-04 14:00:00,MEO-03,MEO,3.4849215,0.40892583,1.1556796,-0.4058644
2024-01-04 14:15:00,MEO-03,MEO,4.336914,0.55806226,0.51392984,-0.11002581
2024-01-04 14:30:00,MEO-03,MEO,3.7225738,0.29329297,0.311474,-0.2154543
2024-01-04 14:45:00,MEO-03,MEO,1.6175008,0.26437184,0.013798716,-0.37654853
2024-01-04 15:00:00,MEO-03,MEO,1.3962857,0.10465136,-0.066649124,-0.22212103
2024-01-04 15:15:00,MEO-03,MEO,1.7540807,0.17873023,0.15414958,-0.32124916
2024-01-04 15:30:00,MEO-03,MEO,2.640631,-0.0018645256,-0.535847,-0.5449074
2024-01-04 15:45:00,MEO-03,MEO,1.6617291,-0.08144701,-0.016494624,-0.45867956
2024-01-04 16:00:00,MEO-03,MEO,2.018093,0.020983653,-0.64026767,-0.23464398
2024-01-04 16:15:00,MEO-03,MEO,0.64939386,-0.099242136,-0.898023,-0.35093307
2024-01-04 16:30:00,MEO-03,MEO,1.5288012,-0.38143423,-0.8379626,-0.2807618
2024-01-04 16:45:00,MEO-03,MEO,0.5268467,-0.17327203,-0.9117243,-0.71366346
2024-01-04 17:00:00,MEO-03,MEO,-1.139696,-0.3714234,-0.8518179,-0.5683879
2024-01-04 17:15:00,MEO-03,MEO,-0.12651472,-0.26325995,-0.66356313,-0.59103525
2024-01-04 17:30:00,MEO-03,MEO,-1.015305,-0.25968397,-0.8359499,-0.40574864
2024-01-04 17:45:00,MEO-03,MEO,1.6279333,-0.1724363,-0.6525002,-0.40890354
2024-01-04 18:00:00,MEO-03,MEO,-0.13977674,-0.40659815,-0.51600516,-0.51401395
2024-01-04 18:15:00,MEO-03,MEO,-0.11037293,-0.2942493,-0.52961725,-0.23414524
2024-01-04 18:30:00,MEO-03,MEO,0.48210323,-0.15673117,-0.65144485,-0.41255218
2024-01-04 18:45:00,MEO-03,MEO,-0.3835561,-0.39644668,-0.58591765,0.030700676
2024-01-04 19:00:00,MEO-03,MEO,0.26816127,-0.29695457,-0.28886664,-0.30307162
2024-01-04 19:15:00,MEO-03,MEO,1.0907408,-0.10546418,-0.7714236,-0.23141494
2024-01-04 19:30:00,MEO-03,MEO,-1.3368071,-0.39361742,-0.5512598,-0.116444714
2024-01-04 19:45:00,MEO-03,MEO,-0.65689933,-0.12519147,-0.5694789,0.23426265
2024-01-04 20:00:00,MEO-03,MEO,-0.28131515,-0.4513828,-1.1014731,0.02029537
2024-01-04 20:15:00,MEO-03,MEO,-2.8069227,-0.26088026,-0.95058304,-0.008754063
2024-01-04 20:30:00,MEO-03,MEO,0.4580646,-0.25128347,-0.5828148,0.0064465185
2024-01-04 20:45:00,MEO-03,MEO,-1.9147049,-0.5305935,-0.76835805,0.24534273
2024-01-04 21:00:00,MEO-03,MEO,-2.7517068,-0.42919603,-0.8247609,0.51468277
2024-01-04 21:15:00,MEO-03,MEO,-2.00152,-0.3662436,-0.41800895,0.35909313
2024-01-04 21:30:00,MEO-03,MEO,-1.6882628,-0.3020117,-0.14591068,0.45111087
2024-01-04 21:45:00,MEO-03,MEO,-1.8903365,-0.21409075,-0.6890115,0.53752106
2024-01-04 22:00:00,MEO-03,MEO,-1.5656385,-0.35589144,-0.16312543,0.6051719
2024-01-04 22:15:00,MEO-03,MEO,-2.625948,-0.32258463,-0.09894725,0.5520363
2024-01-04 22:30:00,MEO-03,MEO,-1.1019531,-0.027929833,0.12361575,0.5664697
2024-01-04 22:45:00,MEO-03,MEO,-0.9384778,-0.25144768,0.6661589,0.5021743
2024-01-04 23:00:00,MEO-03,MEO,-1.933282,-0.04665315,0.49578005,0.5113728
2024-01-04 23:15:00,MEO-03,MEO,-0.010723764,-0.026723266,0.9706933,0.5739117
2024-01-04 23:30:00,MEO-03,MEO,-0.61248165,-0.045701165,1.0472009,0.59480035
2024-01-04 23:45:00,MEO-03,MEO,1.0987613,0.09757364,1.2706895,0.44819683
2024-01-05 00:00:00,MEO-03,MEO,-1.2155035,0.224347,1.5027771,0.7670827
2024-01-05 00:15:00,MEO-03,MEO,1.7883981,0.32677326,1.5028459,0.58337647
2024-01-05 00:30:00,MEO-03,MEO,2.0380707,0.35701853,1.451304,0.52208525
2024-01-05 00:45:00,MEO-03,MEO,2.365321,0.27960134,1.6936191,0.4123855
2024-01-05 01:00:00,MEO-03,MEO,3.2368462,0.15878303,1.6212974,0.45514283
2024-01-05 01:15:00,MEO-03,MEO,2.7847228,0.2528025,1.6650653,0.416038
2024-01-05 01:30:00,MEO-03,MEO,4.349282,0.5137741,1.5115708,0.09652731
2024-01-05 01:45:00,MEO-03,MEO,2.0527496,0.31547257,1.0788329,0.34831798
2024-01-05 02:00:00,MEO-03,MEO,2.4564862,0.5475295,1.0843831,0.16846412
2024-01-05 02:15:00,MEO-03,MEO,1.8240285,0.40771544,0.98368996,-0.02919148
2024-01-05 02:30:00,MEO-03,MEO,2.401066,0.54858714,0.71653587,0.18087165
2024-01-05 02:45:00,MEO-03,MEO,2.5488434,0.4110687,0.57485396,0.057239052
2024-01-05 03:00:00,MEO-03,MEO,1.757886,0.5000289,0.16441305,0.09653869
2024-01-05 03:15:00,MEO-03,MEO,3.3062994,0.36087412,0.3364263,-0.0047150226
2024-01-05 03:30:00,MEO-03,MEO,0.93418413,0.25564602,0.33098614,-0.4499807
2024-01-05 03:45:00,MEO-03,MEO,0.7079885,0.11324557,-0.390008,-0.547545
2024-01-05 04:00:00,MEO-03,MEO,2.633689,0.27559316,-0.43794543,-0.38239378
2024-01-05 04:15:00,MEO-03,MEO,0.8222177,0.12894498,-0.55245954,-0.32180026
2024-01-05 04:30:00,MEO-03,MEO,1.5186555,0.06441471,-0.4776357,-0.13167769
2024-01-05 04:45:00,MEO-03,MEO,0.77388406,0.10918344,-0.6256856,-0.67645997
2024-01-05 05:00:00,MEO-03,MEO,2.0518534,-0.2022126,-0.794586,-0.453412
2024-01-05 05:15:00,MEO-03,MEO,1.0406469,0.12837178,-0.59520435,-0.33614948
2024-01-05 05:30:00,MEO-03,MEO,-0.5748626,0.05444406,-0.7192292,-0.4776297
2024-01-05 05:45:00,MEO-03,MEO,-1.4859163,-0.09612309,-0.43636966,-0.27601665
2024-01-05 06:00:00,MEO-03,MEO,0.045245126,-0.12578675,-0.12527865,-0.6630042
2024-01-05 06:15:00,MEO-03,MEO,-0.096700884,-0.030253984,-0.5013933,-0.4369545
2024-01-05 06:30:00,MEO-03,MEO,-0.034822248,-0.021495974,-0.5701731,-0.41711676
2024-01-05 06:45:00,MEO-03,MEO,-2.0150907,-0.104099326,-0.28103635,-0.3097231
2024-01-05 07:00:00,MEO-03,MEO,2.449766,-0.09066867,-0.47524095,-0.49116144
2024-01-05 07:15:00,MEO-03,MEO,1.4380121,-0.05498852,-0.5558762,-0.36523792
2024-01-05 07:30:00,MEO-03,MEO,0.5001833,-0.11112093,-0.42293692,-0.18346046
2024-01-05 07:45:00,MEO-03,MEO,-0.0026524873,-0.12182256,-0.067092866,-0.5688705
2024-01-05 08:00:00,MEO-03,MEO,-0.44425508,-0.12325509,-0.4051011,-0.043119326
2024-01-05 08:15:00,MEO-03,MEO,-0.5648605,-0.018981056,-0.7131161,-0.04836477
2024-01-05 08:30:00,MEO-03,MEO,-2.3245862,-0.06308805,-0.4646013,-0.19077453
2024-01-05 08:45:00,MEO-03,MEO,-3.7740998,-0.3588203,-0.2890742,0.06697688
2024-01-05 09:00:00,MEO-03,MEO,-1.2338084,-0.42851543,-0.30217245,-0.022846358
2024-01-05 09:15:00,MEO-03,MEO,-1.0664552,-0.12914148,-0.25512934,0.12994553
2024-01-05 09:30:00,MEO-03,MEO,-1.7916332,-0.002170198,-0.12868316,0.056314025
2024-01-05 09:45:00,MEO-03,MEO,-0.9368024,-0.3434447,-0.09248732,0.23679064
2024-01-05 10:00:00,MEO-03,MEO,-1.3586092,-0.25754875,-0.26307222,0.14044791
2024-01-05 10:15:00,MEO-03,MEO,-2.2861693,-0.24705985,0.019691976,0.5436493
2024-01-05 10:30:00,MEO-03,MEO,-3.2978857,-0.15198036,-0.14152089,0.2633937
2024-01-05 10:45:00,MEO-03,MEO,-2.8576446,-0.031928442,0.56619626,0.36770353
2024-01-05 11:00:00,MEO-03,MEO,-2.0303638,-0.16287649,0.549748,0.50371134
2024-01-05 11:15:00,MEO-03,MEO,-1.07395,0.0014179604,0.85374004,0.29536232
2024-01-05 11:30:00,MEO-03,MEO,-0.3334995,-0.060670827,0.9912759,0.6747048
2024-01-05 11:45:00,MEO-03,MEO,-0.7225825,0.18216085,1.203934,0.119613804
2024-01-05 12:00:00,MEO-03,MEO,1.6044294,0.10267762,1.4337928,0.5429844
2024-01-05 12:15:00,MEO-03,MEO,2.6083138,0.17187911,1.7049608,0.16692986
2024-01-05 12:30:00,MEO-03,MEO,1.21182,0.29264396,1.2885127,-0.0024439467
2024-01-05 12:45:00,MEO-03,MEO,1.7975848,0.2462375,0.98932356,0.11469656
2024-01-05 13:00:00,MEO-03,MEO,0.9397623,0.39617735,1.2806816,0.038893018
2024-01-05 13:15:00,MEO-03,MEO,3.7599192,0.3078277,1.4648786,-0.07634036
2024-01-05 13:30:00,MEO-03,MEO,4.456072,0.3867988,1.0231646,0.07470778
2024-01-05 13:45:00,MEO-03,MEO,2.936619,0.5026915,1.0051503,0.28088856
2024-01-05 14:00:00,MEO-03,MEO,1.3210049,0.3349768,0.70764774,-0.26775485
2024-01-05 14:15:00,MEO-03,MEO,3.087148,0.3753043,0.70851916,-0.27847594
2024-01-05 14:30:00,MEO-03,MEO,2.853661,0.32277203,0.64897627,-0.12982902
2024-01-05 14:45:00,MEO-03,MEO,3.0619512,-0.13540061,-0.14558049,-0.43327856
2024-01-05 15:00:00,MEO-03,MEO,2.6663125,0.25773385,0.48150554,-0.3609187
2024-01-05 15:15:00,MEO-03,MEO,1.4425305,0.10648356,-0.07471893,-0.35214606
2024-01-05 15:30:00,MEO-03,MEO,1.526658,0.11828883,-0.23632343,-0.18596715
2024-01-05 15:45:00,MEO-03,MEO,1.1370391,-0.2600894,-0.36995283,-0.16479382
2024-01-05 16:00:00,MEO-03,MEO,0.5864184,-0.06811998,-0.3493673,-0.3217347
2024-01-05 16:15:00,MEO-03,MEO,0.98826325,0.24662484,-0.42590633,-0.6676366
2024-01-05 16:30:00,MEO-03,MEO,1.704377,-0.022008693,-0.37839124,-0.39739984
2024-01-05 16:45:00,MEO-03,MEO,-0.36738098,-0.10018196,-0.8840597,-0.5874613
2024-01-05 17:00:00,MEO-03,MEO,0.7880964,-0.28101385,-0.64770955,-0.9069771
2024-01-05 17:15:00,MEO-03,MEO,0.97324735,-0.23954727,-0.6612874,-0.6351764
2024-01-05 17:30:00,MEO-03,MEO,0.19590607,-0.32252622,-1.0633564,-0.51550126
2024-01-05 17:45:00,MEO-03,MEO,0.037771445,-0.10504924,-0.6942632,-0.6196002
2024-01-05 18:00:00,MEO-03,MEO,1.4865452,-0.23413415,-0.82449186,-0.31463927
2024-01-05 18:15:00,MEO-03,MEO,0.730554,-0.38022113,-0.5614119,-0.6455294
2024-01-05 18:30:00,MEO-03,MEO,-0.5847188,0.02497531,-0.5898878,-0.32734922
2024-01-05 18:45:00,MEO-03,MEO,0.3881586,-0.23825698,-0.45989743,-0.35708657
2024-01-05 19:00:00,MEO-03,MEO,0.56608105,-0.31594467,-0.65396065,0.11412875
2024-01-05 19:15:00,MEO-03,MEO,-0.11431132,-0.20599867,-0.7280213,-0.28246176
2024-01-05 19:30:00,MEO-03,MEO,0.735727,-0.3027669,-0.7259525,-0.011299009
2024-01-05 19:45:00,MEO-03,MEO,0.21194027,-0.36868334,-0.59188807,-0.058231942
2024-01-05 20:00:00,MEO-03,MEO,-0.17074418,-0.26525372,-0.74980223,0.008122226
2024-01-05 20:15:00,MEO-03,MEO,-1.5024344,-0.226096,-0.83036286,-0.027832685
2024-01-05 20:30:00,MEO-03,MEO,0.6737218,-0.12431304,-0.5648934,0.49298853
2024-01-05 20:45:00,MEO-03,MEO,-1.5365123,-0.48788786,-0.8505368,0.26716256
2024-01-05 21:00:00,MEO-03,MEO,-1.889355,-0.27812248,-0.47291934,0.20275472
2024-01-05 21:15:00,MEO-03,MEO,-0.34794343,-0.3158706,-0.43972257,0.45378292
2024-01-05 21:30:00,MEO-03,MEO,-1.6193874,-0.32523707,-0.5068137,0.4300293
2024-01-05 21:45:00,MEO-03,MEO,-3.1259506,-0.63893294,-0.42074585,0.6072073
2024-01-05 22:00:00,MEO-03,MEO,-1.0333312,-0.30777323,0.11998786,0.49919873
2024-01-05 22:15:00,MEO-03,MEO,-2.5862234,-0.2809318,0.052934438,0.67414755
2024-01-05 22:30:00,MEO-03,MEO,-2.3959422,0.03178366,0.54120356,0.4562914
2024-01-05 22:45:00,MEO-03,MEO,-1.2655194,-0.044280067,0.71241635,0.6721639
2024-01-05 23:00:00,MEO-03,MEO,-0.93746585,-0.106888846,0.8116291,0.7980894
2024-01-05 23:15:00,MEO-03,MEO,-0.17367253,0.026512386,1.0251653,0.6379097
2024-01-05 23:30:00,MEO-03,MEO,-0.9318703,0.10002225,1.0892471,0.69786364
2024-01-05 23:45:00,MEO-03,MEO,-0.1651873,-0.050157078,1.0642267,0.43872148
2024-01-06 00:00:00,MEO-03,MEO,0.7949199,-0.028232144,1.2964214,0.59531295
2024-01-06 00:15:00,MEO-03,MEO,1.8245499,0.2830135,1.6425885,0.9509486
2024-01-06 00:30:00,MEO-03,MEO,1.4480352,0.27055955,1.5169127,0.4249491
2024-01-06 00:45:00,MEO-03,MEO,3.2283118,0.4299784,1.7640736,0.6176641
2024-01-06 01:00:00,MEO-03,MEO,1.9112182,0.3527432,1.7109444,0.28992653
2024-01-06 01:15:00,MEO-03,MEO,3.369277,0.52889764,1.6670563,0.40219092
2024-01-06 01:30:00,MEO-03,MEO,3.170287,0.33866492,1.7045901,0.53163165
2024-01-06 01:45:00,MEO-03,MEO,3.2921185,0.67080164,1.5817473,0.2305289
2024-01-06 02:00:00,MEO-03,MEO,3.7738464,0.44866177,1.3721519,0.050082147
2024-01-06 02:15:00,MEO-03,MEO,4.2405124,0.5524257,1.1138237,0.19327135
2024-01-06 02:30:00,MEO-03,MEO,3.6398463,0.49681488,1.301056,-0.121027045
2024-01-06 02:45:00,MEO-03,MEO,2.2481704,0.3931939,0.65514845,-0.090927236
2024-01-06 03:00:00,MEO-03,MEO,1.7899806,0.26491538,0.87646276,-0.05875146
2024-01-06 03:15:00,MEO-03,MEO,0.66533804,0.05965525,0.37377462,0.04732496
2024-01-06 03:30:00,MEO-03,MEO,2.26648,0.2267893,0.26206815,-0.15405668
2024-01-06 03:45:00,MEO-03,MEO,0.82725126,0.12874441,-0.07967498,-0.36271286
2024-01-06 04:00:00,MEO-03,MEO,0.8239984,0.099873826,0.21670479,-0.33075762
2024-01-06 04:15:00,MEO-03,MEO,2.9762094,0.17183644,-0.2808545,-0.2702513
2024-01-06 04:30:00,MEO-03,MEO,0.74713904,-0.025418807,0.11564997,-0.30341706
2024-01-06 04:45:00,MEO-03,MEO,-0.32007048,0.030851766,-0.3061016,-0.5349368
2024-01-06 05:00:00,MEO-03,MEO,1.4615434,0.053774808,-0.24579,-0.40827975
2024-01-06 05:15:00,MEO-03,MEO,1.1504824,-0.00036317232,-0.5042353,-0.68170375
2024-01-06 05:30:00,MEO-03,MEO,0.56402063,-0.078810215,-0.44949886,-0.5020066
2024-01-06 05:45:00,MEO-03,MEO,-0.11541133,0.058509305,-0.100528084,-0.4032548
2024-01-06 06:00:00,MEO-03,MEO,0.15359728,-0.10393227,-0.22003852,-0.49078068
2024-01-06 06:15:00,MEO-03,MEO,0.03772017,-0.037254807,-0.124853015,-0.38901356
2024-01-06 06:30:00,MEO-03,MEO,0.31097296,-0.04947654,0.025455056,-0.28693172
2024-01-06 06:45:00,MEO-03,MEO,-0.08225444,-0.027814405,0.09867044,-0.3375014
2024-01-06 07:00:00,MEO-03,MEO,-0.11809339,-0.08288395,-0.29139993,-0.43880653
2024-01-06 07:15:00,MEO-03,MEO,0.9035296,-0.09767495,-0.2872027,-0.22325484
2024-01-06 07:30:00,MEO-03,MEO,-0.1299414,-0.24509408,0.013693026,-0.16519493
2024-01-06 07:45:00,MEO-03,MEO,-0.8217107,-0.15606749,-0.27801463,-0.30870882
2024-01-06 08:00:00,MEO-03,MEO,-0.70916206,0.05571558,-0.4213504,-0.25194123
2024-01-06 08:15:00,MEO-03,MEO,-1.0885279,-0.16222706,-0.39480242,-0.26052505
2024-01-06 08:30:00,MEO-03,MEO,-3.097004,-0.25717732,-0.028690128,0.34479064
2024-01-06 08:45:00,MEO-03,MEO,-1.4176432,-0.1530375,-0.24253136,-0.31124827
2024-01-06 09:00:00,MEO-03,MEO,-0.2829568,-0.1837362,-0.06029851,-0.17503989
2024-01-06 09:15:00,MEO-03,MEO,-1.9125334,-0.19202396,0.106290996,-0.026777558
2024-01-06 09:30:00,MEO-03,MEO,-2.8796873,-0.082784265,-0.12145587,0.010049575
2024-01-06 09:45:00,MEO-03,MEO,-1.9240134,-0.30483642,0.19280675,0.20711532
2024-01-06 10:00:00,MEO-03,MEO,-2.109142,-0.23604523,0.022455981,0.26502475
2024-01-06 10:15:00,MEO-03,MEO,-0.6171627,-0.21906275,0.440485,0.21064577
2024-01-06 10:30:00,MEO-03,MEO,-1.8338901,-0.19178928,0.3613651,0.12161474
2024-01-06 10:45:00,MEO-03,MEO,-1.7246367,-0.10149658,0.5342043,0.4628171
2024-01-06 11:00:00,MEO-03,MEO,-0.08385803,-0.27999896,0.84538466,0.2579957
2024-01-06 11:15:00,MEO-03,MEO,-1.253448,-0.11524865,1.2752542,0.2838334
2024-01-06 11:30:00,MEO-03,MEO,-0.9914927,0.11371081,1.0550803,0.56096077
2024-01-06 11:45:00,MEO-03,MEO,-0.059062205,0.014830038,1.4369837,0.2094963
2024-01-06 12:00:00,MEO-03,MEO,1.516957,0.034004174,1.4025066,0.21720935
2024-01-06 12:15:00,MEO-03,MEO,0.9866819,0.12839776,1.4455614,0.056938905
2024-01-06 12:30:00,MEO-03,MEO,1.7569162,0.26499495,1.9294399,0.17171966
2024-01-06 12:45:00,MEO-03,MEO,2.127597,0.1741781,1.5859494,0.22903842
2024-01-06 13:00:00,MEO-03,MEO,2.159228,0.1786323,1.8974065,0.089618966
2024-01-06 13:15:00,MEO-03,MEO,2.6705902,0.28675833,1.4570467,0.0648614
2024-01-06 13:30:00,MEO-03,MEO,3.8451362,0.18405578,1.6552166,0.31326562
2024-01-06 13:45:00,MEO-03,MEO,3.6183558,0.47673908,1.3547014,-0.3818428
2024-01-06 14:00:00,MEO-03,MEO,1.8905716,0.25812322,0.75623745,-0.007202517
2024-01-06 14:15:00,MEO-03,MEO,3.8243754,0.39191964,0.9504798,-0.09188768
2024-01-06 14:30:00,MEO-03,MEO,4.1909246,0.3197567,0.6586189,-0.32865328
2024-01-06 14:45:00,MEO-03,MEO,2.3823366,0.10190102,0.23526406,-0.3686872
2024-01-06 15:00:00,MEO-03,MEO,3.2440553,0.1974756,0.3481669,-0.32335418
2024-01-06 15:15:00,MEO-03,MEO,0.18550988,-0.040013198,0.15941148,-0.33932683
2024-01-06 15:30:00,MEO-03,MEO,2.374877,0.17743388,-0.105639085,-0.408366
2024-01-06 15:45:00,MEO-03,MEO,1.2344378,0.054313667,-0.38816246,-0.2297898
2024-01-06 16:00:00,MEO-03,MEO,1.6621075,-0.065395795,-0.1444419,-0.5620568
2024-01-06 16:15:00,MEO-03,MEO,2.1996698,-0.18679614,-0.53645414,-0.42706788
2024-01-06 16:30:00,MEO-03,MEO,0.60531104,0.043512534,-0.41966707,-0.5972417
2024-01-06 16:45:00,MEO-03,MEO,0.6520414,-0.31245944,-0.5832971,-0.66141015
2024-01-06 17:00:00,MEO-03,MEO,1.4436164,-0.23971613,-0.35194492,-0.6020111
2024-01-06 17:15:00,MEO-03,MEO,1.5896381,-0.16870883,-0.7050611,-0.5666473
2024-01-06 17:30:00,MEO-03,MEO,2.0322125,-0.16809013,-0.6432571,-0.65537155
2024-01-06 17:45:00,MEO-03,MEO,3.196226,-0.31832063,-0.22123222,-0.4276138
2024-01-06 18:00:00,MEO-03,MEO,-1.0584333,-0.13777716,-0.573551,-0.2195006
2024-01-06 18:15:00,MEO-03,MEO,2.2969513,-0.20238224,-0.45017096,-0.1549426
2024-01-06 18:30:00,MEO-03,MEO,1.9351019,-0.24351077,-0.6169834,-0.3989102
2024-01-06 18:45:00,MEO-03,MEO,0.6649077,-0.19355477,-0.85392344,-0.35642582
2024-01-06 19:00:00,MEO-03,MEO,-0.19166516,-0.20989361,-1.0238321,-0.20983867
2024-01-06 19:15:00,MEO-03,MEO,1.3968359,-0.4244713,-0.25645518,-0.10615561
2024-01-06 19:30:00,MEO-03,MEO,1.4083624,-0.25597456,-0.5695763,-0.15501302
2024-01-06 19:45:00,MEO-03,MEO,-0.14930558,-0.3347996,-0.29768646,-0.0055813817
2024-01-06 20:00:00,MEO-03,MEO,3.0146587,-0.415386,-0.6474235,-0.08571584
2024-01-06 20:15:00,MEO-03,MEO,-1.3572882,-0.32324392,-0.27676153,-0.04683708
2024-01-06 20:30:00,MEO-03,MEO,-1.792012,-0.35444906,-0.7897815,-0.053784516
2024-01-06 20:45:00,MEO-03,MEO,-2.726131,-0.25250167,-0.68503165,0.5988744
2024-01-06 21:00:00,MEO-03,MEO,-1.6082455,-0.29981372,-0.45674527,0.20838434
2024-01-06 21:15:00,MEO-03,MEO,-1.0740196,-0.49373975,-0.33477017,0.4504576
2024-01-06 21:30:00,MEO-03,MEO,0.71160877,-0.35749415,-0.20474526,0.27469286
2024-01-06 21:45:00,MEO-03,MEO,-1.6738693,-0.43129617,-0.15232515,0.5995445
2024-01-06 22:00:00,MEO-03,MEO,-1.7587631,-0.24997766,-0.103917085,0.25754052
2024-01-06 22:15:00,MEO-03,MEO,-2.2700267,-0.14255188,0.24395207,0.51522994
2024-01-06 22:30:00,MEO-03,MEO,-2.2848027,-0.16124175,0.13135731,0.7170504
2024-01-06 22:45:00,MEO-03,MEO,-0.39437294,-0.23098558,0.5559144,0.62655014
2024-01-06 23:00:00,MEO-03,MEO,-1.3976685,-0.021825705,0.7308111,0.54503393
2024-01-06 23:15:00,MEO-03,MEO,-0.49142784,-0.111980006,1.2760936,0.67989385
2024-01-06 23:30:00,MEO-03,MEO,0.1535551,-0.039312664,1.1561948,0.49396157
2024-01-06 23:45:00,MEO-03,MEO,0.88623124,-0.018504633,1.1737807,0.7379571
2024-01-07 00:00:00,MEO-03,MEO,1.0115873,0.15340291,1.584279,0.5279015
2024-01-07 00:15:00,MEO-03,MEO,0.875864,0.20272982,1.906446,0.3868367
2024-01-07 00:30:00,MEO-03,MEO,2.7018442,0.2636099,1.586587,0.727144
2024-01-07 00:45:00,MEO-03,MEO,2.727384,0.49507058,1.7932246,0.59694934
2024-01-07 01:00:00,MEO-03,MEO,4.305486,0.48842505,1.5219233,0.49118122
2024-01-07 01:15:00,MEO-03,MEO,1.4128546,0.35342747,1.4207581,0.29733866
2024-01-07 01:30:00,MEO-03,MEO,1.0984023,0.61280584,1.4016823,0.1901581
2024-01-07 01:45:00,MEO-03,MEO,3.5219402,0.54432786,1.7209909,0.39002508
2024-01-07 02:00:00,MEO-03,MEO,2.4741492,0.3555956,1.0967375,0.4211427
2024-01-07 02:15:00,MEO-03,MEO,2.1154954,0.40842116,0.7299012,-0.11391756
2024-01-07 02:30:00,MEO-03,MEO,1.9760545,0.43111566,0.66978675,0.13497852
2024-01-07 02:45:00,MEO-03,MEO,1.8883383,0.40991187,0.4089595,0.024931056
2024-01-07 03:00:00,MEO-03,MEO,2.8593993,0.33776426,0.51465034,-0.028114961
2024-01-07 03:15:00,MEO-03,MEO,3.5962636,0.19716933,0.64814436,-0.07903214
2024-01-07 03:30:00,MEO-03,MEO,3.6098778,0.21816838,0.038819183,-0.6115296
2024-01-07 03:45:00,MEO-03,MEO,1.2501433,0.120955974,-0.17961387,0.22251682
2024-01-07 04:00:00,MEO-03,MEO,2.24504,0.21884994,-0.027151667,-0.24864466
2024-01-07 04:15:00,MEO-03,MEO,1.6108154,0.23595494,-0.091498464,-0.42081037
2024-01-07 04:30:00,MEO-03,MEO,0.29549554,0.002310614,0.06100155,-0.26078513
2024-01-07 04:45:00,MEO-03,MEO,0.94966185,0.07521149,-0.35423577,-0.34753472
2024-01-07 05:00:00,MEO-03,MEO,2.4793334,0.07112997,0.03552147,-0.35152245
2024-01-07 05:15:00,MEO-03,MEO,0.7351764,-0.03577209,-0.31200367,-0.5031896
2024-01-07 05:30:00,MEO-03,MEO,0.61816263,0.134554,-0.48342025,-0.37457728
2024-01-07 05:45:00,MEO-03,MEO,2.8968887,0.004104703,-0.492252,-0.4634845
2024-01-07 06:00:00,MEO-03,MEO,2.1594064,0.16540504,-0.5066493,-0.19030492
2024-01-07 06:15:00,MEO-03,MEO,2.0914433,0.055653736,-0.23592168,-0.35350966
2024-01-07 06:30:00,MEO-03,MEO,0.69331145,-0.14332108,-0.58855206,-0.5760961
2024-01-07 06:45:00,MEO-03,MEO,1.2785244,-0.1643981,-0.03346488,-0.19210003
2024-01-07 07:00:00,MEO-03,MEO,1.0004637,-0.10569885,0.100569636,-0.29651555
2024-01-07 07:15:00,MEO-03,MEO,0.9093251,-0.22296566,-0.3697082,-0.14205788
2024-01-07 07:30:00,MEO-03,MEO,0.9603496,0.01901975,-0.5629463,-0.19099614
2024-01-07 07:45:00,MEO-03,MEO,-0.098286435,-0.09092745,-0.44965282,-0.2972639
2024-01-07 08:00:00,MEO-03,MEO,-2.0978248,-0.30074227,-0.20907879,-0.24605115
2024-01-07 08:15:00,MEO-03,MEO,0.5941675,-0.2874519,-0.44581822,-0.1061975
2024-01-07 08:30:00,MEO-03,MEO,0.7755498,-0.19803417,-0.3466037,0.008538033
2024-01-07 08:45:00,MEO-03,MEO,-0.7859446,-0.057510078,-0.38257718,0.1932073
2024-01-07 09:00:00,MEO-03,MEO,1.1481922,-0.109384924,-0.74551725,0.19011228
2024-01-07 09:15:00,MEO-03,MEO,-0.7888268,-0.040786594,-0.25037155,0.025931552
2024-01-07 09:30:00,MEO-03,MEO,-2.2295036,-0.40094715,0.017820511,0.43639722
2024-01-07 09:45:00,MEO-03,MEO,-2.8610034,-0.28542417,-0.3042447,0.09817639
2024-01-07 10:00:00,MEO-03,MEO,-1.1397213,-0.2560584,0.06937652,0.2999113
2024-01-07 10:15:00,MEO-03,MEO,-1.9914901,-0.19678308,-0.023776282,0.25594527
2024-01-07 10:30:00,MEO-03,MEO,-0.8016022,-0.24945001,0.027243726,0.5210376
2024-01-07 10:45:00,MEO-03,MEO,-0.5768862,-0.09683081,0.65202975,0.0045135836
2024-01-07 11:00:00,MEO-03,MEO,-0.6326599,-0.069608524,0.79077727,0.34598002
2024-01-07 11:15:00,MEO-03,MEO,0.076941155,0.16302615,0.6450709,0.37409055
2024-01-07 11:30:00,MEO-03,MEO,1.1288038,0.11936542,0.7173311,0.2173686
2024-01-07 11:45:00,MEO-03,MEO,-0.3245883,0.16119128,0.9053976,0.40925962
2024-01-07 12:00:00,MEO-03,MEO,0.29237732,0.18935372,1.3467462,0.3206289
2024-01-07 12:15:00,MEO-03,MEO,0.36855388,-0.004856391,1.496554,-0.02390918
2024-01-07 12:30:00,MEO-03,MEO,2.4724789,0.116374455,1.4866866,0.14666538
2024-01-07 12:45:00,MEO-03,MEO,-0.1487445,0.20049915,1.5109466,0.42670858
2024-01-07 13:00:00,MEO-03,MEO,2.3387907,0.4232501,1.6292361,0.2692037
2024-01-07 13:15:00,MEO-03,MEO,3.3868287,0.29103282,1.5046389,-0.07141589
2024-01-07 13:30:00,MEO-03,MEO,2.117735,0.47640568,1.1968863,0.1412208
2024-01-07 13:45:00,MEO-03,MEO,3.1929595,0.420529,1.0059865,0.0036641462
2024-01-07 14:00:00,MEO-03,MEO,1.006394,0.4601716,0.6406045,-0.23250417
2024-01-07 14:15:00,MEO-03,MEO,2.2440317,0.38922325,0.9446854,-0.13514803
2024-01-07 14:30:00,MEO-03,MEO,3.2622976,0.30492026,0.46655717,-0.31065375
2024-01-07 14:45:00,MEO-03,MEO,4.512987,0.13328634,0.6220462,-0.061366756
2024-01-07 15:00:00,MEO-03,MEO,1.6250548,0.24035862,0.038363554,-0.1603959
2024-01-07 15:15:00,MEO-03,MEO,2.1673717,0.099928066,-0.14562446,-0.33246738
2024-01-07 15:30:00,MEO-03,MEO,1.5813057,0.03672489,-0.46003872,-0.43518054
2024-01-07 15:45:00,MEO-03,MEO,1.2562525,-0.037689857,-0.32148927,-0.51712734
2024-01-07 16:00:00,MEO-03,MEO,1.4243604,0.024876243,-0.33743462,-0.38384086
2024-01-07 16:15:00,MEO-03,MEO,1.4994484,-0.10064401,-0.56884444,-0.5829198
2024-01-07 16:30:00,MEO-03,MEO,1.2539732,0.005840681,-0.37703663,-0.3866455
2024-01-07 16:45:00,MEO-03,MEO,0.5399149,-0.058752496,-0.73191816,-0.42103103
2024-01-07 17:00:00,MEO-03,MEO,1.2302693,-0.13721447,-0.9155756,-0.4204457
2024-01-07 17:15:00,MEO-03,MEO,0.12023373,-0.07970874,-0.8186873,-0.66072345
2024-01-07 17:30:00,MEO-03,MEO,1.9565536,-0.23078567,-0.51126546,-0.35249105
2024-01-07 17:45:00,MEO-03,MEO,1.54273,-0.18814407,-0.7263046,-0.8182936
2024-01-07 18:00:00,MEO-03,MEO,1.3421984,-0.2276105,-0.59077513,-0.31690383
2024-01-07 18:15:00,MEO-03,MEO,0.85016084,-0.26606503,-0.723851,-0.38098747
2024-01-07 18:30:00,MEO-03,MEO,1.130816,-0.15004687,-0.63239884,-0.42785347
2024-01-07 18:45:00,MEO-03,MEO,2.8281162,-0.31527027,-0.56092554,-0.56507784
2024-01-07 19:00:00,MEO-03,MEO,-1.417212,-0.22879513,-0.7036728,-0.32698432
2024-01-07 19:15:00,MEO-03,MEO,-0.31675282,-0.24679892,-0.74133885,-0.029671121
2024-01-07 19:30:00,MEO-03,MEO,0.5754901,-0.18783881,-0.57829595,-0.067735724
2024-01-07 19:45:00,MEO-03,MEO,0.5540157,-0.15045384,-0.43535256,0.044584177
2024-01-07 20:00:00,MEO-03,MEO,0.2992443,-0.11703555,-1.012289,0.0038481099
2024-01-07 20:15:00,MEO-03,MEO,0.13832305,-0.37552223,-0.9463612,0.1370395
2024-01-07 20:30:00,MEO-03,MEO,-0.075881734,-0.37070185,-0.875585,0.11614274
2024-01-07 20:45:00,MEO-03,MEO,-1.9848286,-0.42702246,-0.67476517,-0.17257096
2024-01-07 21:00:00,MEO-03,MEO,-3.111266,-0.3100859,-0.38139656,0.46612176
2024-01-07 21:15:00,MEO-03,MEO,-0.64061344,-0.3070425,-0.8894684,0.5785901
2024-01-07 21:30:00,MEO-03,MEO,0.106657706,-0.27478233,-0.75898427,0.41644317
2024-01-07 21:45:00,MEO-03,MEO,-2.0183015,-0.37733915,-0.41401562,0.44567028
2024-01-07 22:00:00,MEO-03,MEO,-1.7345659,-0.37993184,0.20425135,0.6594959
2024-01-07 22:15:00,MEO-03,MEO,-1.8512298,-0.4153536,0.27416337,0.66149086
2024-01-07 22:30:00,MEO-03,MEO,-2.4895656,-0.30681807,0.22852714,0.5387395
2024-01-07 22:45:00,MEO-03,MEO,-2.7737334,-0.14036109,0.118040346,0.47749373
2024-01-07 23:00:00,MEO-03,MEO,-1.2115595,-0.0338696,0.93241346,0.5952838
2024-01-07 23:15:00,MEO-03,MEO,0.047142696,0.35437074,0.7054035,0.5576108
2024-01-07 23:30:00,MEO-03,MEO,-0.55826813,-0.040645294,1.3935361,0.60536975
2024-01-07 23:45:00,MEO-03,MEO,1.370911,0.13454652,1.0573533,0.9498888
2024-01-08 00:00:00,MEO-03,MEO,0.2189739,0.32157612,1.5309035,0.6779655
2024-01-08 00:15:00,MEO-03,MEO,2.2373426,0.25155088,1.4024723,0.4549243
2024-01-08 00:30:00,MEO-03,MEO,1.4293956,0.3998157,1.2639143,0.47022915
2024-01-08 00:45:00,MEO-03,MEO,2.5776634,0.28847158,1.5290201,0.43663839
2024-01-08 01:00:00,MEO-03,MEO,1.5056473,0.47881198,1.8044966,0.6782065
2024-01-08 01:15:00,MEO-03,MEO,0.2390501,0.40269637,1.1461662,0.4370749
2024-01-08 01:30:00,MEO-03,MEO,4.0661273,0.33443055,1.3081844,0.14317071
2024-01-08 01:45:00,MEO-03,MEO,2.7108364,0.3820975,1.4419829,0.22500904
2024-01-08 02:00:00,MEO-03,MEO,4.8993754,0.53115463,1.3415288,-0.06287394
2024-01-08 02:15:00,MEO-03,MEO,4.321122,0.5747918,0.9137881,0.04376928
2024-01-08 02:30:00,MEO-03,MEO,1.4600879,0.43078822,0.96695423,0.24754575
2024-01-08 02:45:00,MEO-03,MEO,4.859028,0.39290273,0.9234029,-0.16501988
2024-01-08 03:00:00,MEO-03,MEO,1.7038857,0.31750488,0.61234796,-0.084466144
2024-01-08 03:15:00,MEO-03,MEO,3.9333408,0.20071806,0.25531852,-0.10688958
2024-01-08 03:30:00,MEO-03,MEO,2.9157197,0.46953866,-0.4069066,-0.35554704
2024-01-08 03:45:00,MEO-03,MEO,2.0989373,0.20108491,0.009376537,-0.20308268
2024-01-08 04:00:00,MEO-03,MEO,2.469404,0.04579538,-0.19192883,-0.35778883
2024-01-08 04:15:00,MEO-03,MEO,0.7523747,0.063128084,-0.29293358,-0.5506919
2024-01-08 04:30:00,MEO-03,MEO,1.8784969,0.18600926,-0.21232332,-0.40457067
2024-01-08 04:45:00,MEO-03,MEO,0.15954301,0.018450059,-0.5065204,-0.43027627
2024-01-08 05:00:00,MEO-03,MEO,2.010817,-0.06320604,-0.30463412,-0.3853717
2024-01-08 05:15:00,MEO-03,MEO,1.2135077,-0.12850462,-0.43438494,-0.48979524
2024-01-08 05:30:00,MEO-03,MEO,1.4982013,-0.042467922,-0.48750812,-0.59956336
2024-01-08 05:45:00,MEO-03,MEO,-1.0595394,-0.0761342,-0.6166794,-0.38419497
2024-01-08 06:00:00,MEO-03,MEO,-0.5676411,0.10042992,-0.6790325,-0.4415097
2024-01-08 06:15:00,MEO-03,MEO,0.15912813,-0.08720445,-0.34846747,-0.46877372
2024-01-08 06:30:00,MEO-03,MEO,-0.07718829,0.018972224,-0.42103428,-0.50354093
2024-01-08 06:45:00,MEO-03,MEO,-1.4563098,0.081598654,-0.4258046,-0.5024396
2024-01-08 07:00:00,MEO-03,MEO,0.36485916,-0.22413528,-0.35731763,-0.27904043
2024-01-08 07:15:00,MEO-03,MEO,-0.7631745,-0.1849279,-0.22399428,-0.09449973
2024-01-08 07:30:00,MEO-03,MEO,0.5432557,-0.05170532,-0.23605813,-0.43194363
2024-01-08 07:45:00,MEO-03,MEO,0.052923407,-0.09293731,-0.6038937,-0.2672925
2024-01-08 08:00:00,MEO-03,MEO,2.0954127,-0.2221634,-0.5793261,-0.13164687
2024-01-08 08:15:00,MEO-03,MEO,-0.25835314,-0.15690672,-0.50047654,-0.19496392
2024-01-08 08:30:00,MEO-03,MEO,-2.1339512,-0.41094175,-0.52982,-0.113789216
2024-01-08 08:45:00,MEO-03,MEO,0.27277395,-0.16853866,-0.6008929,0.37263572
2024-01-08 09:00:00,MEO-03,MEO,-0.2391141,-0.15734604,-0.64379615,-0.024225231
2024-01-08 09:15:00,MEO-03,MEO,-2.8534873,-0.2864043,-0.39440748,0.06680854
2024-01-08 09:30:00,MEO-03,MEO,-0.4097306,-0.29751015,-0.118044354,0.21791615
2024-01-08 09:45:00,MEO-03,MEO,-1.1844974,-0.2604022,-0.1650636,0.4411942
2024-01-08 10:00:00,MEO-03,MEO,-2.208661,-0.22822267,-0.34421226,0.2552953
2024-01-08 10:15:00,MEO-03,MEO,-0.8963376,-0.17140809,0.02379886,0.49215978
2024-01-08 10:30:00,MEO-03,MEO,-1.4946197,-0.24949667,0.13450631,0.42426378
2024-01-08 10:45:00,MEO-03,MEO,-1.3950802,-0.19376794,0.40114984,0.29764017
2024-01-08 11:00:00,MEO-03,MEO,0.90230536,-0.04620274,0.30011535,0.260382
2024-01-08 11:15:00,MEO-03,MEO,0.47217137,-0.0211665,0.71260816,0.46911535
2024-01-08 11:30:00,MEO-03,MEO,-1.1509585,0.037264943,1.0213687,0.42269185
2024-01-08 11:45:00,MEO-03,MEO,1.0216353,0.09529752,1.3552848,0.11220733
2024-01-08 12:00:00,MEO-03,MEO,1.0990382,0.11043115,1.2492574,0.2140066
2024-01-08 12:15:00,MEO-03,MEO,3.4169755,0.20119876,1.2492726,0.13232921
2024-01-08 12:30:00,MEO-03,MEO,0.45412198,-0.009323353,1.3813616,0.34850442
2024-01-08 12:45:00,MEO-03,MEO,2.3172681,0.2775428,0.9855838,0.1599453
2024-01-08 13:00:00,MEO-03,MEO,2.1497629,0.36500806,1.2632099,-0.117019504
2024-01-08 13:15:00,MEO-03,MEO,2.8297064,0.30415875,1.1195123,0.20063682
2024-01-08 13:30:00,MEO-03,MEO,3.712446,0.3531369,1.2248015,0.18320452
2024-01-08 13:45:00,MEO-03,MEO,2.8636,0.24564227,0.9642822,-0.022036947
2024-01-08 14:00:00,MEO-03,MEO,3.6463172,0.40493774,0.5272903,-0.25323877
2024-01-08 14:15:00,MEO-03,MEO,2.2454164,0.09845041,0.71615213,-0.21797165
2024-01-08 14:30:00,MEO-03,MEO,2.0868337,0.27295735,0.058808964,-0.19023864
2024-01-08 14:45:00,MEO-03,MEO,4.485999,0.26311263,0.116046086,-0.08639497
2024-01-08 15:00:00,MEO-03,MEO,2.198303,0.09563572,-0.026481042,-0.17987068
2024-01-08 15:15:00,MEO-03,MEO,2.7842495,0.38733724,-0.36202493,-0.38485193
2024-01-08 15:30:00,MEO-03,MEO,3.3740597,-0.057414472,-0.61809194,-0.4054117
2024-01-08 15:45:00,MEO-03,MEO,2.8111274,-0.13448183,-0.4768761,-0.28575093
2024-01-08 16:00:00,MEO-03,MEO,1.6360731,-0.0020589717,-0.75986505,-0.5167272
2024-01-08 16:15:00,MEO-03,MEO,2.4390647,-0.07778776,-1.0738909,-0.4808063
2024-01-08 16:30:00,MEO-03,MEO,3.384049,-0.3404037,-0.96594274,-0.5560918
2024-01-08 16:45:00,MEO-03,MEO,-0.104548484,-0.027306274,-0.72622395,-0.57231426
2024-01-08 17:00:00,MEO-03,MEO,0.49567005,-0.24341142,-0.9934159,-0.66394496
2024-01-08 17:15:00,MEO-03,MEO,1.0085515,-0.0776903,-0.8582552,-0.5396811
2024-01-08 17:30:00,MEO-03,MEO,-0.20691477,-0.44057882,-0.8513305,-0.7875695
2024-01-08 17:45:00,MEO-03,MEO,0.725677,-0.2464139,-0.66638285,-0.31938648
2024-01-08 18:00:00,MEO-03,MEO,0.8049962,-0.13283265,-0.517064,-0.34112483
2024-01-08 18:15:00,MEO-03,MEO,2.2108357,-0.29832318,-0.94585794,-0.3190972
2024-01-08 18:30:00,MEO-03,MEO,-0.04540097,-0.30018228,-0.4870441,-0.21487892
2024-01-08 18:45:00,MEO-03,MEO,0.71013,-0.31349838,-0.6782316,-0.29840916
2024-01-08 19:00:00,MEO-03,MEO,1.4193296,-0.34140658,-1.0292398,-0.24562657
2024-01-08 19:15:00,MEO-03,MEO,-0.59026575,-0.24601641,-1.1145904,-0.2810678
2024-01-08 19:30:00,MEO-03,MEO,0.046016365,-0.18968074,-0.99516004,-0.02180225
2024-01-08 19:45:00,MEO-03,MEO,1.6510471,-0.3019081,-0.79780346,0.25559637
2024-01-08 20:00:00,MEO-03,MEO,-2.677595,-0.37150192,-0.93818283,-0.11499389
2024-01-08 20:15:00,MEO-03,MEO,-0.29218504,-0.31843776,-1.1405369,0.24697503
2024-01-08 20:30:00,MEO-03,MEO,-1.5186049,-0.52760154,-1.1747806,0.1080994
2024-01-08 20:45:00,MEO-03,MEO,-0.6147088,-0.32035026,-0.39960814,0.01866411
2024-01-08 21:00:00,MEO-03,MEO,-2.54002,-0.45623177,-0.7064195,0.3564269
2024-01-08 21:15:00,MEO-03,MEO,-1.5119208,-0.25492567,-0.26640272,0.55580604
2024-01-08 21:30:00,MEO-03,MEO,-1.6681118,-0.17882743,-0.77284026,0.39874068
2024-01-08 21:45:00,MEO-03,MEO,-1.5157295,-0.3319482,-0.21812372,0.36433512
2024-01-08 22:00:00,MEO-03,MEO,-1.2567276,-0.3061118,0.016088948,0.42378375
2024-01-08 22:15:00,MEO-03,MEO,-0.8132975,-0.05995298,0.1637732,0.76240957
2024-01-08 22:30:00,MEO-03,MEO,-1.0038028,-0.05481069,-0.106388174,0.7032428
2024-01-08 22:45:00,MEO-03,MEO,-0.9300909,-0.08709699,0.4757561,0.5994682
2024-01-08 23:00:00,MEO-03,MEO,0.28362772,-0.08326325,0.11238622,0.51230365
2024-01-08 23:15:00,MEO-03,MEO,-1.2947222,0.15312265,0.5695184,0.8969636
2024-01-08 23:30:00,MEO-03,MEO,0.7724585,0.13236567,1.0283064,0.88322777
2024-01-08 23:45:00,MEO-03,MEO,0.32822755,0.06937548,1.2197486,0.66844594
2024-01-01 00:00:00,MEO-04,MEO,0.7992874,0.30969876,1.1223046,0.5689738
2024-01-01 00:15:00,MEO-04,MEO,2.3815482,0.19875728,1.5469381,0.5861924
2024-01-01 00:30:00,MEO-04,MEO,2.351109,0.29533955,1.4847909,0.51701593
2024-01-01 00:45:00,MEO-04,MEO,3.5039897,0.18620795,1.3098024,0.54428625
2024-01-01 01:00:00,MEO-04,MEO,0.48152032,0.5572791,1.5542506,0.23368675
2024-01-01 01:15:00,MEO-04,MEO,0.9045484,0.45689702,1.5822346,0.56126827
2024-01-01 01:30:00,MEO-04,MEO,-0.025009409,0.5297792,1.6730944,0.30729598
2024-01-01 01:45:00,MEO-04,MEO,1.0089447,0.5913712,1.3375775,0.21725354
2024-01-01 02:00:00,MEO-04,MEO,4.220158,0.8148453,1.0063026,0.33778897
2024-01-01 02:15:00,MEO-04,MEO,0.3729588,0.3568629,0.8662761,0.3064526
2024-01-01 02:30:00,MEO-04,MEO,2.7734754,0.50633943,0.60765934,0.074718095
2024-01-01 02:45:00,MEO-04,MEO,0.44983354,0.4146179,0.54947895,-0.22626384
2024-01-01 03:00:00,MEO-04,MEO,1.2542307,0.47148585,0.64358824,-0.09857355
2024-01-01 03:15:00,MEO-04,MEO,1.0992104,0.28924245,0.08638125,-0.2978277
2024-01-01 03:30:00,MEO-04,MEO,2.6413574,0.3290948,0.40349478,-0.05131216
2024-01-01 03:45:00,MEO-04,MEO,0.69031334,0.3392095,-0.2489988,-0.39920205
2024-01-01 04:00:00,MEO-04,MEO,0.47371346,0.20640273,-0.26985908,-0.73260057
2024-01-01 04:15:00,MEO-04,MEO,1.939023,0.11505858,-0.1825791,-0.4189536
2024-01-01 04:30:00,MEO-04,MEO,0.01845611,0.1292872,-0.6155648,-0.52061874
2024-01-01 04:45:00,MEO-04,MEO,0.33704868,-0.0076440815,-0.35350078,-0.42877582
2024-01-01 05:00:00,MEO-04,MEO,0.549998,0.089192614,-0.5939602,-0.3408428
2024-01-01 05:15:00,MEO-04,MEO,-0.5300794,0.1030966,-0.36776036,-0.53026074
2024-01-01 05:30:00,MEO-04,MEO,0.4685177,-0.111902244,-0.23825638,-0.536846
2024-01-01 05:45:00,MEO-04,MEO,-1.0116776,-0.008039825,-0.27018276,-0.29092565
2024-01-01 06:00:00,MEO-04,MEO,-1.5773857,-0.048852928,-0.34691662,-0.55697846
2024-01-01 06:15:00,MEO-04,MEO,-0.08745894,-0.0066155912,-0.11101857,-0.3127435
2024-01-01 06:30:00,MEO-04,MEO,0.66340345,-0.08199812,-0.43491992,-0.25345528
2024-01-01 06:45:00,MEO-04,MEO,0.70851123,-0.22301409,-0.24185383,-0.58669055
2024-01-01 07:00:00,MEO-04,MEO,-0.87375087,0.078770615,-0.32273012,-0.46955574
2024-01-01 07:15:00,MEO-04,MEO,-1.7904774,-0.062366854,-0.30119708,-0.37293774
2024-01-01 07:30:00,MEO-04,MEO,-0.32800946,0.05395034,-0.5889794,-0.14518994
2024-01-01 07:45:00,MEO-04,MEO,-0.5805009,-0.064957246,-0.10851401,-0.16977347
2024-01-01 08:00:00,MEO-04,MEO,-1.4345089,-0.07421594,-0.42258215,-0.07819948
2024-01-01 08:15:00,MEO-04,MEO,-2.7797928,-0.34095106,-0.099671066,-0.21719134
2024-01-01 08:30:00,MEO-04,MEO,-3.9918644,-0.022972915,-0.22300564,-0.045638286
2024-01-01 08:45:00,MEO-04,MEO,-2.124044,-0.018510778,-0.106039256,0.06349371
2024-01-01 09:00:00,MEO-04,MEO,-2.199201,-0.21744429,-0.10963287,0.062339053
2024-01-01 09:15:00,MEO-04,MEO,-2.2703757,-0.31983477,-0.16828175,0.09339121
2024-01-01 09:30:00,MEO-04,MEO,-1.7421207,-0.18956402,-0.4530125,0.10929969
2024-01-01 09:45:00,MEO-04,MEO,-2.1147628,-0.40832642,0.041401833,0.30529332
2024-01-01 10:00:00,MEO-04,MEO,-3.5159075,-0.330591,-0.019591836,0.19121489
2024-01-01 10:15:00,MEO-04,MEO,-2.5940826,-0.20916615,0.37202066,0.25656447
2024-01-01 10:30:00,MEO-04,MEO,-3.205509,-0.18641268,0.48195732,0.31390232
2024-01-01 10:45:00,MEO-04,MEO,-0.4725874,-0.11396181,0.51101106,0.19428848
2024-01-01 11:00:00,MEO-04,MEO,-1.856052,-0.13763236,1.2361425,0.15370846
2024-01-01 11:15:00,MEO-04,MEO,-1.5823587,0.0017669493,0.9799638,0.45692736
2024-01-01 11:30:00,MEO-04,MEO,-2.6587071,-0.028335802,1.320668,0.028589185
2024-01-01 11:45:00,MEO-04,MEO,-0.3154738,-0.049013752,1.3459405,0.4704218
2024-01-01 12:00:00,MEO-04,MEO,-1.9921126,0.17781581,1.8605967,0.5691938
2024-01-01 12:15:00,MEO-04,MEO,-0.096846126,0.07784385,1.4349279,0.35140675
2024-01-01 12:30:00,MEO-04,MEO,1.1826864,0.17159486,1.4914144,0.41422915
2024-01-01 12:45:00,MEO-04,MEO,-1.3360878,0.050578646,1.3935612,0.3302035
2024-01-01 13:00:00,MEO-04,MEO,1.5367485,0.30153644,1.7143162,0.24402314
2024-01-01 13:15:00,MEO-04,MEO,1.9425874,0.34567606,1.6923485,0.25256023
2024-01-01 13:30:00,MEO-04,MEO,2.2059221,0.051815912,1.2752253,-0.13206649
2024-01-01 13:45:00,MEO-04,MEO,1.1571273,0.32476526,1.5087811,0.0039366153
2024-01-01 14:00:00,MEO-04,MEO,0.68536574,0.38891262,1.4245744,-0.21663824
2024-01-01 14:15:00,MEO-04,MEO,2.3447864,0.30783147,1.3687205,-0.23798804
2024-01-01 14:30:00,MEO-04,MEO,2.4867473,0.24991398,0.77656454,-0.08496428
2024-01-01 14:45:00,MEO-04,MEO,3.4783568,0.22985242,0.25410378,-0.13657394
2024-01-01 15:00:00,MEO-04,MEO,0.21815963,0.09577555,-0.053124297,-0.3767433
2024-01-01 15:15:00,MEO-04,MEO,1.0295063,0.2003091,0.10891572,-0.26190564
2024-01-01 15:30:00,MEO-04,MEO,1.1078124,-0.033599887,-0.30580732,-0.51748365
2024-01-01 15:45:00,MEO-04,MEO,0.23767832,0.28730687,0.17882806,-0.34356013
2024-01-01 16:00:00,MEO-04,MEO,1.835712,-0.047101542,-0.4706047,-0.5234639
2024-01-01 16:15:00,MEO-04,MEO,0.8093152,-0.11518072,-1.0776877,-0.70247424
2024-01-01 16:30:00,MEO-04,MEO,-1.4248245,-0.13966669,-0.4529959,-0.1491307
2024-01-01 16:45:00,MEO-04,MEO,0.24240527,-0.27523538,-0.46741816,-0.66615206
2024-01-01 17:00:00,MEO-04,MEO,-0.4481872,-0.21809849,-0.5202991,-0.48834205
2024-01-01 17:15:00,MEO-04,MEO,-1.532561,-0.10149126,-0.743328,-0.7404784
2024-01-01 17:30:00,MEO-04,MEO,-1.4915868,-0.19542545,-0.35276294,-0.58936656
2024-01-01 17:45:00,MEO-04,MEO,-0.73662704,-0.15820648,-0.5720313,-0.5057404
2024-01-01 18:00:00,MEO-04,MEO,-0.6606751,-0.31395504,-0.7450722,-0.34958816
2024-01-01 18:15:00,MEO-04,MEO,-1.819069,-0.03725294,-0.30493513,-0.19818188
2024-01-01 18:30:00,MEO-04,MEO,0.008860718,-0.08425015,-0.5285397,-0.2621037
2024-01-01 18:45:00,MEO-04,MEO,0.04452129,-0.11636062,-0.35294572,-0.26496205
2024-01-01 19:00:00,MEO-04,MEO,0.7747634,-0.15762661,-0.84081453,-0.18594638
2024-01-01 19:15:00,MEO-04,MEO,2.092272,-0.14471433,-0.7851287,-0.2844517
2024-01-01 19:30:00,MEO-04,MEO,-1.5468568,-0.10267357,-0.5257624,-0.17452596
2024-01-01 19:45:00,MEO-04,MEO,1.7061011,-0.11402798,-0.5454379,-0.13518506
2024-01-01 20:00:00,MEO-04,MEO,-1.0890659,-0.16936775,-0.400699,-0.04563482
2024-01-01 20:15:00,MEO-04,MEO,-0.22562507,-0.22036116,-0.7532007,-0.05839907
2024-01-01 20:30:00,MEO-04,MEO,-2.2697768,-0.3338873,-0.5956928,0.033343427
2024-01-01 20:45:00,MEO-04,MEO,-2.1045928,-0.18235959,-0.72242504,0.39246202
2024-01-01 21:00:00,MEO-04,MEO,-1.9943464,-0.22729588,-0.68513113,0.3868498
2024-01-01 21:15:00,MEO-04,MEO,-2.916928,-0.460716,-0.57892376,0.32956833
2024-01-01 21:30:00,MEO-04,MEO,-1.8577882,-0.39483464,-0.1140337,0.033974938
2024-01-01 21:45:00,MEO-04,MEO,-3.6068797,-0.23317648,0.20120366,0.44725257
2024-01-01 22:00:00,MEO-04,MEO,-3.9653301,-0.23433909,-0.33550984,0.47197396
2024-01-01 22:15:00,MEO-04,MEO,-3.483374,-0.20936964,0.26006413,0.5306651
2024-01-01 22:30:00,MEO-04,MEO,-3.7066226,-0.25206918,0.4866437,0.530919
2024-01-01 22:45:00,MEO-04,MEO,-2.7432263,-0.21611395,0.45445937,0.65935874
2024-01-01 23:00:00,MEO-04,MEO,-1.5413077,-0.16462648,0.7960452,0.51550096
2024-01-01 23:15:00,MEO-04,MEO,-4.2419834,-0.034156576,1.1902888,0.7638346
2024-01-01 23:30:00,MEO-04,MEO,-0.9244025,-0.12524407,1.450757,0.7537883
2024-01-01 23:45:00,MEO-04,MEO,1.0835744,0.20756988,1.3755426,0.82738143
2024-01-02 00:00:00,MEO-04,MEO,-0.53148323,0.15066509,1.5999053,0.6884626
2024-01-02 00:15:00,MEO-04,MEO,-0.64573663,0.033923175,1.9336663,0.65804636
2024-01-02 00:30:00,MEO-04,MEO,-0.016871821,0.36273637,1.5209541,0.5258383
2024-01-02 00:45:00,MEO-04,MEO,0.022655493,0.34708872,1.7208731,0.5873674
2024-01-02 01:00:00,MEO-04,MEO,2.0544431,0.35951293,1.6533905,0.38491964
2024-01-02 01:15:00,MEO-04,MEO,2.839881,0.26035625,1.6045394,0.2784956
2024-01-02 01:30:00,MEO-04,MEO,3.2838776,0.4972573,1.0795878,0.22208034
2024-01-02 01:45:00,MEO-04,MEO,2.3649142,0.33392632,1.3387389,0.22869688
2024-01-02 02:00:00,MEO-04,MEO,2.489361,0.5037721,1.0908973,0.26055053
2024-01-02 02:15:00,MEO-04,MEO,2.4346397,0.40426028,1.1715193,0.22783174
2024-01-02 02:30:00,MEO-04,MEO,1.3458605,0.4024648,1.0373992,0.08537574
2024-01-02 02:45:00,MEO-04,MEO,2.3145585,0.22902113,0.52742684,-0.014939729
2024-01-02 03:00:00,MEO-04,MEO,0.91741633,0.24818471,0.5373294,0.093539245
2024-01-02 03:15:00,MEO-04,MEO,3.0658627,0.34927794,0.042126786,-0.17252365
2024-01-02 03:30:00,MEO-04,MEO,3.5187335,0.15394568,0.23497514,-0.28002372
2024-01-02 03:45:00,MEO-04,MEO,1.6288735,0.14799523,0.04071024,0.021302313
2024-01-02 04:00:00,MEO-04,MEO,0.064581685,0.07894161,-0.25770238,-0.24077223
2024-01-02 04:15:00,MEO-04,MEO,0.5652057,0.14576574,-0.42665145,-0.15941814
2024-01-02 04:30:00,MEO-04,MEO,-0.08350648,0.12496851,-0.20074013,-0.48465022
2024-01-02 04:45:00,MEO-04,MEO,-0.77135366,0.15232852,-0.0020644541,-0.6652792
2024-01-02 05:00:00,MEO-04,MEO,-1.3825952,0.13731402,-0.57058054,-0.2009318
2024-01-02 05:15:00,MEO-04,MEO,-0.5355872,-0.15293095,-0.1600763,-0.3819534
2024-01-02 05:30:00,MEO-04,MEO,0.3643638,0.02145818,-0.5176588,-0.3593245
2024-01-02 05:45:00,MEO-04,MEO,-0.64358723,-0.07064293,-0.41004038,-0.6193106
2024-01-02 06:00:00,MEO-04,MEO,-1.2807343,-0.1196408,-0.2716124,-0.19175622
2024-01-02 06:15:00,MEO-04,MEO,-0.82240236,-0.029462654,0.104652844,-0.42248216
2024-01-02 06:30:00,MEO-04,MEO,0.9405542,-0.024814969,0.17223056,-0.60327494
2024-01-02 06:45:00,MEO-04,MEO,0.43388605,-0.25292817,-0.25881934,-0.38488576
2024-01-02 07:00:00,MEO-04,MEO,-1.6128254,-0.31941056,-0.325002,-0.357965
2024-01-02 07:15:00,MEO-04,MEO,-1.5755455,0.042806827,-0.33561546,-0.023593638
2024-01-02 07:30:00,MEO-04,MEO,0.010783154,-0.1204159,-0.5301343,-0.15547444
2024-01-02 07:45:00,MEO-04,MEO,-1.2486297,-0.059906766,-0.14732674,-0.25103095
2024-01-02 08:00:00,MEO-04,MEO,-1.5597918,-0.07927198,-0.25198683,-0.1630678
2024-01-02 08:15:00,MEO-04,MEO,-2.6684518,-0.16662088,-0.44585785,-0.27889994
2024-01-02 08:30:00,MEO-04,MEO,-1.8130113,-0.18627094,-0.5283013,0.13530128
2024-01-02 08:45:00,MEO-04,MEO,-3.8489144,-0.17463762,-0.5445246,-0.009605997
2024-01-02 09:00:00,MEO-04,MEO,-1.3769552,-0.04294014,-0.5437741,0.010473126
2024-01-02 09:15:00,MEO-04,MEO,-3.68076,-0.43683502,-0.25161067,0.28791034
2024-01-02 09:30:00,MEO-04,MEO,-2.6592977,-0.4041172,-0.08438888,0.38992208
2024-01-02 09:45:00,MEO-04,MEO,-3.4344869,-0.3246324,-0.32821172,0.19431691
2024-01-02 10:00:00,MEO-04,MEO,-3.410024,-0.3795516,0.029198151,0.19727084
2024-01-02 10:15:00,MEO-04,MEO,-3.146455,-0.03145365,0.09016521,0.43902302
2024-01-02 10:30:00,MEO-04,MEO,-1.4488575,-0.19601041,0.035180148,0.4143927
2024-01-02 10:45:00,MEO-04,MEO,-3.0331984,-0.21112855,0.67614263,0.27498287
2024-01-02 11:00:00,MEO-04,MEO,-2.2968495,-0.08236658,0.5926215,0.2780451
2024-01-02 11:15:00,MEO-04,MEO,-2.7262418,-0.055693258,1.0497134,0.4251215
2024-01-02 11:30:00,MEO-04,MEO,-0.49400938,0.0034422637,1.1206943,0.40645733
2024-01-02 11:45:00,MEO-04,MEO,-1.8268414,0.31440172,1.5472072,0.24741374
2024-01-02 12:00:00,MEO-04,MEO,-0.9446727,0.2698793,1.5204074,0.3050034
2024-01-02 12:15:00,MEO-04,MEO,0.5110141,0.23694405,1.3893298,0.3889253
2024-01-02 12:30:00,MEO-04,MEO,2.446634,0.15245341,1.3422207,0.28853017
2024-01-02 12:45:00,MEO-04,MEO,0.3399118,0.22611582,1.1826148,-0.00018674432
2024-01-02 13:00:00,MEO-04,MEO,-0.57744354,0.12766631,1.5342577,0.24822855
2024-01-02 13:15:00,MEO-04,MEO,0.121759005,0.29829222,1.2176535,0.27905318
2024-01-02 13:30:00,MEO-04,MEO,1.2653009,0.3033315,0.80850804,0.111314885
2024-01-02 13:45:00,MEO-04,MEO,0.9390407,0.39094847,1.0486851,-0.101030156
2024-01-02 14:00:00,MEO-04,MEO,2.1300054,0.288265,0.80834484,-0.13560101
2024-01-02 14:15:00,MEO-04,MEO,1.8403687,0.3233086,0.72509253,-0.03352119
2024-01-02 14:30:00,MEO-04,MEO,0.23408192,0.25157407,0.6895803,-0.26740798
2024-01-02 14:45:00,MEO-04,MEO,1.4845693,0.18924676,0.5718222,-0.08848736
2024-01-02 15:00:00,MEO-04,MEO,2.3988032,0.12416419,-0.08653413,-0.3141691
2024-01-02 15:15:00,MEO-04,MEO,1.6467098,0.1739717,-0.17989051,-0.34208664
2024-01-02 15:30:00,MEO-04,MEO,2.2450478,0.10011939,-0.44864148,-0.39753777
2024-01-02 15:45:00,MEO-04,MEO,1.4628685,0.08353862,-0.45945728,-0.18167335
2024-01-02 16:00:00,MEO-04,MEO,1.3811297,-0.061005335,-0.86176986,-0.8249291
2024-01-02 16:15:00,MEO-04,MEO,0.32337585,-0.12917642,-0.8147534,-0.3707952
2024-01-02 16:30:00,MEO-04,MEO,0.1612701,-0.18393703,-0.8200115,-0.74924135
2024-01-02 16:45:00,MEO-04,MEO,-1.9125993,-0.09276563,-0.8676095,-0.40170363
2024-01-02 17:00:00,MEO-04,MEO,1.287417,-0.04962448,-0.8529528,-0.67652476
2024-01-02 17:15:00,MEO-04,MEO,-0.22322978,-0.17515205,-1.0058125,-0.5354069
2024-01-02 17:30:00,MEO-04,MEO,-0.030003278,-0.33837724,-1.0261004,-0.61038077
2024-01-02 17:45:00,MEO-04,MEO,0.39318365,-0.11602965,-0.8515599,-0.8648835
2024-01-02 18:00:00,MEO-04,MEO,1.6126671,-0.2509209,-0.7266492,-0.8125782
2024-01-02 18:15:00,MEO-04,MEO,-0.15853,-0.43660983,-0.94485176,-0.3115842
2024-01-02 18:30:00,MEO-04,MEO,-0.91095877,-0.16707005,-0.7796753,-0.4121538
2024-01-02 18:45:00,MEO-04,MEO,0.57953155,-0.30419147,-0.6120721,-0.35212973
2024-01-02 19:00:00,MEO-04,MEO,0.6413524,-0.17216344,-0.65240645,-0.17077965
2024-01-02 19:15:00,MEO-04,MEO,0.05297952,-0.2370086,-0.8213041,-0.20779607
2024-01-02 19:30:00,MEO-04,MEO,0.62320346,-0.2902808,-0.6781258,0.056069013
2024-01-02 19:45:00,MEO-04,MEO,-1.3130734,-0.24891031,-0.87917906,-0.043209538
2024-01-02 20:00:00,MEO-04,MEO,-1.6288629,-0.24741939,-0.9871198,0.04069559
2024-01-02 20:15:00,MEO-04,MEO,-1.6759479,-0.43769127,-0.65336555,0.18871713
2024-01-02 20:30:00,MEO-04,MEO,-0.48617786,-0.2679661,-0.79175055,0.5184723
2024-01-02 20:45:00,MEO-04,MEO,-3.1185148,-0.2661432,-0.8427202,0.17835096
2024-01-02 21:00:00,MEO-04,MEO,-1.0857941,-0.20354474,-0.6754448,0.50465435
2024-01-02 21:15:00,MEO-04,MEO,-0.050317675,-0.28766,-0.8075751,0.34386808
2024-01-02 21:30:00,MEO-04,MEO,-0.8480958,-0.44010073,-0.5054051,0.20917805
2024-01-02 21:45:00,MEO-04,MEO,-2.8521607,-0.2057928,-0.42957443,0.48146826
2024-01-02 22:00:00,MEO-04,MEO,-3.2263346,-0.253828,-0.3153533,0.31197292
2024-01-02 22:15:00,MEO-04,MEO,-2.3667142,0.038426764,-0.18629757,0.60835826
2024-01-02 22:30:00,MEO-04,MEO,-0.9959428,-0.21247351,0.19283074,0.5106585
2024-01-02 22:45:00,MEO-04,MEO,-1.2594123,-0.24737553,0.22614038,0.91043746
2024-01-02 23:00:00,MEO-04,MEO,-1.6695927,-0.054647535,0.58744484,0.47100452
2024-01-02 23:15:00,MEO-04,MEO,0.09058627,0.09984123,1.0818479,0.69432837
2024-01-02 23:30:00,MEO-04,MEO,-1.4569031,0.1182275,0.6514521,0.8004629
2024-01-02 23:45:00,MEO-04,MEO,-0.6971553,0.15611783,0.932213,0.93984795
2024-01-03 00:00:00,MEO-04,MEO,-0.32477993,0.4406773,1.1723144,0.5754907
2024-01-03 00:15:00,MEO-04,MEO,-0.28516337,0.18024513,1.5915015,0.3969812
2024-01-03 00:30:00,MEO-04,MEO,1.0285494,0.15545915,1.1971238,0.57254446
2024-01-03 00:45:00,MEO-04,MEO,0.7187439,0.19691141,1.4676257,0.5851734
2024-01-03 01:00:00,MEO-04,MEO,1.1263351,0.31801197,1.6697282,0.55720216
2024-01-03 01:15:00,MEO-04,MEO,2.811212,0.34846085,0.8472974,0.32536766
2024-01-03 01:30:00,MEO-04,MEO,2.75937,0.49573445,1.1441936,0.13418317
2024-01-03 01:45:00,MEO-04,MEO,2.0465126,0.49297354,1.2718152,0.14056036
2024-01-03 02:00:00,MEO-04,MEO,2.1593115,0.28466958,0.88280326,0.09728496
2024-01-03 02:15:00,MEO-04,MEO,1.2984949,0.44386378,0.49257293,-0.21767963
2024-01-03 02:30:00,MEO-04,MEO,1.5204601,0.4699215,0.35077673,0.21114902
2024-01-03 02:45:00,MEO-04,MEO,1.6802429,0.41126135,-0.0056371912,-0.08309303
2024-01-03 03:00:00,MEO-04,MEO,-0.52196,0.3953018,-0.3044938,-0.28850463
2024-01-03 03:15:00,MEO-04,MEO,2.16362,0.5288279,-0.43210638,-0.27491692
2024-01-03 03:30:00,MEO-04,MEO,2.7563293,0.24973905,-0.666213,-0.1644771
2024-01-03 03:45:00,MEO-04,MEO,1.9826902,0.08556971,-0.58970183,-0.2828692
2024-01-03 04:00:00,MEO-04,MEO,1.5724303,0.29848146,-0.5159086,-0.22873208
2024-01-03 04:15:00,MEO-04,MEO,1.3772389,0.21714373,-0.65321493,-0.5929875
2024-01-03 04:30:00,MEO-04,MEO,1.3726821,0.18495017,-1.1097069,-0.3897035
2024-01-03 04:45:00,MEO-04,MEO,-0.046732754,0.023804408,-0.6644539,-0.28189334
2024-01-03 05:00:00,MEO-04,MEO,1.1539723,-0.04733416,-1.0402834,-0.53275126
2024-01-03 05:15:00,MEO-04,MEO,-1.4238015,0.015112292,-0.79065067,-0.5388868
2024-01-03 05:30:00,MEO-04,MEO,0.27678066,0.02747815,-0.74731565,-0.44508278
2024-01-03 05:45:00,MEO-04,MEO,-0.6474149,0.0612553,-0.58001316,-0.23968801
2024-01-03 06:00:00,MEO-04,MEO,-0.34202284,0.005437461,-0.8838894,-0.6830063
2024-01-03 06:15:00,MEO-04,MEO,0.3520865,-0.1118474,-1.098855,-0.45675945
2024-01-03 06:30:00,MEO-04,MEO,-0.12007278,-0.17162693,-0.5390451,-0.62756234
2024-01-03 06:45:00,MEO-04,MEO,-2.2251034,-0.20886473,-0.73050016,-0.39479616
2024-01-03 07:00:00,MEO-04,MEO,1.667646,0.04070733,-0.89194614,-0.42688906
2024-01-03 07:15:00,MEO-04,MEO,-0.10479628,-0.021359622,-0.97548646,-0.13484028
2024-01-03 07:30:00,MEO-04,MEO,-0.92988396,0.0041535744,-0.6712534,-0.28199005
2024-01-03 07:45:00,MEO-04,MEO,-0.44956753,-0.13326517,-0.88113606,-0.24002628
2024-01-03 08:00:00,MEO-04,MEO,-0.95512724,-0.16634557,-1.0196078,-0.094355896
2024-01-03 08:15:00,MEO-04,MEO,-1.4533134,-0.26281217,-0.8209148,-0.15951942
2024-01-03 08:30:00,MEO-04,MEO,-0.9703765,-0.32582548,-1.1507515,0.14114136
2024-01-03 08:45:00,MEO-04,MEO,-2.438897,-0.1264801,-0.9862196,-0.13383554
2024-01-03 09:00:00,MEO-04,MEO,-3.442568,-0.421046,-0.5186586,0.068480216
2024-01-03 09:15:00,MEO-04,MEO,-2.4952555,-0.10969892,-0.802,0.11001388
2024-01-03 09:30:00,MEO-04,MEO,-3.1003792,-0.36276644,-0.9173696,0.059265103
2024-01-03 09:45:00,MEO-04,MEO,-3.6687193,-0.04801599,-0.64368165,0.14267911
2024-01-03 10:00:00,MEO-04,MEO,-1.861538,-0.44521967,-0.3045701,0.33383468
2024-01-03 10:15:00,MEO-04,MEO,-2.1152785,-0.30049747,-0.24020602,0.19757515
2024-01-03 10:30:00,MEO-04,MEO,-1.3545325,-0.15126488,-0.19561002,0.034677483
2024-01-03 10:45:00,MEO-04,MEO,-1.0573503,-0.09436907,0.04774401,0.3859743
2024-01-03 11:00:00,MEO-04,MEO,-0.79957104,-0.07309073,0.31461093,0.2684445
2024-01-03 11:15:00,MEO-04,MEO,-0.3592717,-0.11145353,0.7066384,0.0405706
2024-01-03 11:30:00,MEO-04,MEO,-0.11377506,0.00937751,0.88064694,0.5821714
2024-01-03 11:45:00,MEO-04,MEO,1.9305221,-0.051689666,0.86957,0.4670232
2024-01-03 12:00:00,MEO-04,MEO,-0.4735679,0.119074345,1.004824,0.50743073
2024-01-03 12:15:00,MEO-04,MEO,0.8278701,0.15976338,1.0712079,-0.027729936
2024-01-03 12:30:00,MEO-04,MEO,1.5739133,0.32943815,0.89056796,0.29841152
2024-01-03 12:45:00,MEO-04,MEO,1.4229898,0.22566043,0.8137049,-0.00090267666
2024-01-03 13:00:00,MEO-04,MEO,2.252959,0.38587236,0.812744,0.031079594
2024-01-03 13:15:00,MEO-04,MEO,2.651224,0.34720382,0.78626555,0.018246014
2024-01-03 13:30:00,MEO-04,MEO,2.319111,0.09988006,0.9034106,-0.3426394
2024-01-03 13:45:00,MEO-04,MEO,3.8104823,0.32104084,0.6982021,0.054692585
2024-01-03 14:00:00,MEO-04,MEO,2.2481868,0.27803087,0.30358988,-0.22719271
2024-01-03 14:15:00,MEO-04,MEO,3.011846,0.1627172,0.39508045,-0.13097334
2024-01-03 14:30:00,MEO-04,MEO,3.1141407,0.35087112,-0.29023227,-0.23354852
2024-01-03 14:45:00,MEO-04,MEO,2.4292088,0.21331841,0.050964057,-0.054236446
2024-01-03 15:00:00,MEO-04,MEO,1.976734,0.34880072,-0.47747788,-0.49114484
2024-01-03 15:15:00,MEO-04,MEO,0.26429108,0.11205394,-0.2822764,-0.57176095
2024-01-03 15:30:00,MEO-04,MEO,-0.34132347,0.023831649,-0.71257347,-0.47024664
2024-01-03 15:45:00,MEO-04,MEO,1.2314374,-0.11088468,-0.6320971,-0.40362203
2024-01-03 16:00:00,MEO-04,MEO,0.44608703,0.012435102,-0.8117056,-0.2564577
2024-01-03 16:15:00,MEO-04,MEO,0.18604545,-0.06821537,-0.7005244,-0.5969816
2024-01-03 16:30:00,MEO-04,MEO,0.96026355,-0.17160936,-1.1923271,-0.54468876
2024-01-03 16:45:00,MEO-04,MEO,1.737141,-0.39619684,-0.65888095,-0.6163763
2024-01-03 17:00:00,MEO-04,MEO,0.4418605,-0.10221444,-1.1461583,-0.39115837
2024-01-03 17:15:00,MEO-04,MEO,-1.1729333,-0.21824002,-1.1229292,-0.53892016
2024-01-03 17:30:00,MEO-04,MEO,-0.20928718,-0.19744943,-0.9204356,-0.38191476
2024-01-03 17:45:00,MEO-04,MEO,2.2362895,-0.13244802,-1.0811876,-0.11150428
2024-01-03 18:00:00,MEO-04,MEO,-0.6716587,-0.07122073,-1.0000646,-0.5376938
2024-01-03 18:15:00,MEO-04,MEO,0.2412346,-0.25231645,-1.0276839,-0.27910045
2024-01-03 18:30:00,MEO-04,MEO,-0.58720267,-0.19658151,-0.8302307,-0.48577896
2024-01-03 18:45:00,MEO-04,MEO,0.018763518,-0.2374,-1.2556622,-0.462736
2024-01-03 19:00:00,MEO-04,MEO,2.0079947,-0.25206882,-1.1056246,-0.10525105
2024-01-03 19:15:00,MEO-04,MEO,0.49298513,-0.094386175,-0.63058645,0.087543964
2024-01-03 19:30:00,MEO-04,MEO,-0.8086568,-0.17685707,-0.8296321,-0.17277506
2024-01-03 19:45:00,MEO-04,MEO,-0.6183144,-0.3251362,-1.1430104,-0.1252121
2024-01-03 20:00:00,MEO-04,MEO,0.59436065,-0.20155776,-0.8816462,0.22811136
2024-01-03 20:15:00,MEO-04,MEO,-1.4748508,-0.42227703,-0.9050387,-0.0021674547
2024-01-03 20:30:00,MEO-04,MEO,-1.0075248,-0.30578506,-0.81897503,0.02864534
2024-01-03 20:45:00,MEO-04,MEO,-0.57290375,-0.20856601,-1.077436,0.64745563
2024-01-03 21:00:00,MEO-04,MEO,-1.4352672,-0.17995754,-0.87008315,0.1975427
2024-01-03 21:15:00,MEO-04,MEO,-2.5335014,-0.44313854,-0.45672944,0.23039435
2024-01-03 21:30:00,MEO-04,MEO,-1.7705334,-0.30641648,-0.58181137,0.5770612
2024-01-03 21:45:00,MEO-04,MEO,-2.303465,-0.38028583,-0.38935143,0.4657351
2024-01-03 22:00:00,MEO-04,MEO,-2.017107,-0.4881442,-0.16292079,0.60388476
2024-01-03 22:15:00,MEO-04,MEO,-1.5000983,-0.27634636,-0.42595863,0.60341305
2024-01-03 22:30:00,MEO-04,MEO,-2.0430124,-0.23491584,0.31728086,0.5713486
2024-01-03 22:45:00,MEO-04,MEO,-2.3167179,-0.29706106,0.22156312,0.2404546
2024-01-03 23:00:00,MEO-04,MEO,-0.5785192,0.11087612,0.42173675,0.79581726
2024-01-03 23:15:00,MEO-04,MEO,-0.56377655,-0.079844,0.7826432,0.69898283
2024-01-03 23:30:00,MEO-04,MEO,-0.03800759,0.010130609,0.9332335,0.9894938
2024-01-03 23:45:00,MEO-04,MEO,-0.13345656,0.12147408,0.759194,0.5487472
2024-01-04 00:00:00,MEO-04,MEO,1.8266207,0.12713292,0.61399716,0.6827923
2024-01-04 00:15:00,MEO-04,MEO,1.9323597,0.3558238,0.9254487,0.43934274
2024-01-04 00:30:00,MEO-04,MEO,1.0517944,0.27053207,1.441173,0.633242
2024-01-04 00:45:00,MEO-04,MEO,1.4019083,0.37232465,1.3521894,0.47629026
2024-01-04 01:00:00,MEO-04,MEO,2.9902864,0.26456916,1.2338663,0.74564177
2024-01-04 01:15:00,MEO-04,MEO,2.054479,0.49869442,1.403102,0.34612742
2024-01-04 01:30:00,MEO-04,MEO,3.4425228,0.70986366,1.2522008,0.10595461
2024-01-04 01:45:00,MEO-04,MEO,2.129359,0.7342029,0.99660057,0.16336025
2024-01-04 02:00:00,MEO-04,MEO,2.6057723,0.3767943,0.91852486,0.16019629
2024-01-04 02:15:00,MEO-04,MEO,2.6398528,0.4744704,0.44988123,0.34975958
2024-01-04 02:30:00,MEO-04,MEO,1.6563226,0.34861153,0.64050615,-0.038582344
2024-01-04 02:45:00,MEO-04,MEO,2.6295717,0.34703627,0.44870827,-0.028494604
2024-01-04 03:00:00,MEO-04,MEO,3.530013,0.17924802,-0.22564812,-0.1888729
2024-01-04 03:15:00,MEO-04,MEO,5.069273,0.23679565,-0.06928354,-0.040474873
2024-01-04 03:30:00,MEO-04,MEO,1.5989548,0.1355565,-0.5958973,0.10335034
2024-01-04 03:45:00,MEO-04,MEO,1.7288458,0.13669929,-0.115187354,-0.49489295
2024-01-04 04:00:00,MEO-04,MEO,2.357321,0.15430197,-0.5841722,-0.27573934
2024-01-04 04:15:00,MEO-04,MEO,0.6792008,0.14108597,-0.37951323,-0.4670852
2024-01-04 04:30:00,MEO-04,MEO,2.8854895,0.07955479,-0.29176337,-0.41337842
2024-01-04 04:45:00,MEO-04,MEO,0.38909715,-0.17297551,-0.5334961,-0.6582124
2024-01-04 05:00:00,MEO-04,MEO,1.0378219,0.09450766,-0.5464795,-0.11841641
2024-01-04 05:15:00,MEO-04,MEO,2.6275969,-0.089464225,-0.7323764,-0.4104277
2024-01-04 05:30:00,MEO-04,MEO,-0.16090801,0.05326816,-0.48017985,-0.31980458
2024-01-04 05:45:00,MEO-04,MEO,0.5559878,-0.023872403,-0.4463416,-0.36908633
2024-01-04 06:00:00,MEO-04,MEO,0.56424487,-0.048042867,-0.26030657,-0.45241237
2024-01-04 06:15:00,MEO-04,MEO,0.66611004,-0.2932274,-0.6275947,-0.3888702
2024-01-04 06:30:00,MEO-04,MEO,0.09089932,-0.031282574,-0.65725625,-0.38558146
2024-01-04 06:45:00,MEO-04,MEO,-0.4000061,-0.24719061,-0.46569636,-0.10268707
2024-01-04 07:00:00,MEO-04,MEO,-1.8445009,0.058391236,-0.26428595,-0.35153842
2024-01-04 07:15:00,MEO-04,MEO,-0.23041381,0.0019536752,-0.49627107,-0.5548205
2024-01-04 07:30:00,MEO-04,MEO,-0.15945995,-0.098586716,-0.49060938,-0.4356147
2024-01-04 07:45:00,MEO-04,MEO,-0.22428139,-0.07572536,-0.41949055,-0.23959579
2024-01-04 08:00:00,MEO-04,MEO,0.038220443,-0.24895738,-0.81506795,-0.18773891
2024-01-04 08:15:00,MEO-04,MEO,-0.59709734,-0.1719991,-0.65805143,-0.21730861
2024-01-04 08:30:00,MEO-04,MEO,-2.3000433,-0.10986809,-0.30223715,-0.06227706
2024-01-04 08:45:00,MEO-04,MEO,-3.4197474,-0.30816036,-0.42556223,0.062257838
2024-01-04 09:00:00,MEO-04,MEO,-1.9346118,-0.27106655,-0.67203677,0.2625427
2024-01-04 09:15:00,MEO-04,MEO,-2.0433536,-0.16457263,-0.5747486,-0.05745703
2024-01-04 09:30:00,MEO-04,MEO,-1.4522043,-0.43491337,-0.6012402,0.12569156
2024-01-04 09:45:00,MEO-04,MEO,-0.7648447,-0.10009123,-0.48294,0.38216186
2024-01-04 10:00:00,MEO-04,MEO,-2.2781355,-0.28977475,-0.33245063,0.45312935
2024-01-04 10:15:00,MEO-04,MEO,-2.436785,-0.1964258,-0.21610191,0.2820921
2024-01-04 10:30:00,MEO-04,MEO,-2.2095816,-0.18993229,-0.10034295,0.20985857
2024-01-04 10:45:00,MEO-04,MEO,-0.59766316,-0.13879171,0.43432117,0.021930424
2024-01-04 11:00:00,MEO-04,MEO,-1.622769,-0.1684468,0.45061284,0.23839562
2024-01-04 11:15:00,MEO-04,MEO,-1.2925563,-0.012176609,0.8593377,0.4320117
2024-01-04 11:30:00,MEO-04,MEO,-1.4037268,-0.12464332,1.0553173,0.37532485
2024-01-04 11:45:00,MEO-04,MEO,-2.1209154,-0.034666643,1.2288854,0.32136935
2024-01-04 12:00:00,MEO-04,MEO,0.26859447,0.21742919,1.2802422,0.36460403
2024-01-04 12:15:00,MEO-04,MEO,1.9336443,-0.03249602,0.6425632,0.2833814
2024-01-04 12:30:00,MEO-04,MEO,1.2867168,0.24123555,1.3698289,0.28203407
2024-01-04 12:45:00,MEO-04,MEO,0.97076523,0.12255037,1.4051756,0.23543851
2024-01-04 13:00:00,MEO-04,MEO,2.0408616,0.3426362,1.089227,0.2161979
2024-01-04 13:15:00,MEO-04,MEO,1.9095358,0.2582744,1.2120885,0.24248902
2024-01-04 13:30:00,MEO-04,MEO,0.4707219,0.4005909,1.2497956,0.054852683
2024-01-04 13:45:00,MEO-04,MEO,1.0085813,0.5315865,0.6060221,-0.104933195
2024-01-04 14:00:00,MEO-04,MEO,2.5819905,0.20988281,0.56722146,-0.4669142
2024-01-04 14:15:00,MEO-04,MEO,3.8173943,0.28533596,0.6573911,-0.21674341
2024-01-04 14:30:00,MEO-04,MEO,3.4886935,0.26047546,0.5253259,-0.2813067
2024-01-04 14:45:00,MEO-04,MEO,2.8205383,-0.0010065277,-0.1486534,-0.14152838
2024-01-04 15:00:00,MEO-04,MEO,1.1559162,0.100967646,-0.36155185,-0.04087642
2024-01-04 15:15:00,MEO-04,MEO,0.9495857,0.25627628,-0.7983325,-0.32384518
2024-01-04 15:30:00,MEO-04,MEO,2.9620614,0.0281946,-0.44843256,-0.5642533
2024-01-04 15:45:00,MEO-04,MEO,1.1424338,0.015167533,-0.61237484,-0.2166025
2024-01-04 16:00:00,MEO-04,MEO,0.9346472,-0.03772421,-1.0050365,-0.40300974
2024-01-04 16:15:00,MEO-04,MEO,1.60477,-0.1800998,-1.0440983,-0.54401624
2024-01-04 16:30:00,MEO-04,MEO,0.4307686,-0.23247705,-0.8453923,-0.54085225
2024-01-04 16:45:00,MEO-04,MEO,0.5851495,-0.19284157,-0.78631115,-0.62593687
2024-01-04 17:00:00,MEO-04,MEO,-1.5367093,-0.061518118,-1.151364,-0.6471824
2024-01-04 17:15:00,MEO-04,MEO,1.8398228,-0.1962365,-0.92341864,-0.27188954
2024-01-04 17:30:00,MEO-04,MEO,-0.7730098,-0.22747257,-0.7089453,-0.55016375
2024-01-04 17:45:00,MEO-04,MEO,-0.46568435,-0.2249195,-0.90323174,-0.6451993
2024-01-04 18:00:00,MEO-04,MEO,2.0766737,-0.28642958,-0.77713096,-0.43132585
2024-01-04 18:15:00,MEO-04,MEO,0.770323,-0.13563764,-0.21938811,-0.47304162
2024-01-04 18:30:00,MEO-04,MEO,2.1926842,-0.26348296,-0.8080072,-0.4250898
2024-01-04 18:45:00,MEO-04,MEO,0.73257697,-0.24419928,-0.9994113,-0.419151
2024-01-04 19:00:00,MEO-04,MEO,-0.5053964,-0.15611826,-1.0217892,-0.23248768
2024-01-04 19:15:00,MEO-04,MEO,0.2670606,-0.27628878,-0.88686013,-0.1185396
2024-01-04 19:30:00,MEO-04,MEO,-0.09290611,-0.18872309,-0.8869033,-0.2521842
2024-01-04 19:45:00,MEO-04,MEO,0.3387704,-0.30447447,-0.44559792,-0.17820032
2024-01-04 20:00:00,MEO-04,MEO,-0.7901979,-0.38978538,-0.9843424,0.19968016
2024-01-04 20:15:00,MEO-04,MEO,-0.4854214,-0.3973365,-1.0367724,0.19854483
2024-01-04 20:30:00,MEO-04,MEO,-2.0200431,-0.18384717,-0.91046774,0.2033125
2024-01-04 20:45:00,MEO-04,MEO,-0.42870352,-0.3036427,-0.54030377,0.28951612
2024-01-04 21:00:00,MEO-04,MEO,-1.6799228,-0.3208902,-0.6634427,0.22453828
2024-01-04 21:15:00,MEO-04,MEO,-2.3860776,-0.3558505,-0.51654315,0.36927107
2024-01-04 21:30:00,MEO-04,MEO,-1.9393811,-0.35687745,-0.37579456,0.36337835
2024-01-04 21:45:00,MEO-04,MEO,-2.3595736,-0.47878042,-0.4513961,0.610459
2024-01-04 22:00:00,MEO-04,MEO,-0.22084197,-0.20717065,-0.677136,0.48670703
2024-01-04 22:15:00,MEO-04,MEO,-2.5848618,-0.3012496,-0.27629343,0.5433623
2024-01-04 22:30:00,MEO-04,MEO,-1.9741356,-0.30496764,0.14434949,0.692874
2024-01-04 22:45:00,MEO-04,MEO,-4.0172896,-0.23182963,0.47718012,0.61415464
2024-01-04 23:00:00,MEO-04,MEO,-1.6900088,0.0108953435,0.5463867,0.56123024
2024-01-04 23:15:00,MEO-04,MEO,-2.282592,-0.08482178,0.4096667,0.7619354
2024-01-04 23:30:00,MEO-04,MEO,-1.6310128,0.11172285,0.50071454,0.74355537
2024-01-04 23:45:00,MEO-04,MEO,0.28360006,0.12468647,1.3155504,0.5225546
2024-01-05 00:00:00,MEO-04,MEO,-1.4448022,0.1536156,1.0098746,0.447316
2024-01-05 00:15:00,MEO-04,MEO,1.6235291,0.15477645,1.1900929,0.58118737
2024-01-05 00:30:00,MEO-04,MEO,2.067295,0.30428421,1.4713781,0.5095626
2024-01-05 00:45:00,MEO-04,MEO,1.4133984,0.29262742,1.3898668,0.65351355
2024-01-05 01:00:00,MEO-04,MEO,2.6284554,0.6122766,1.311565,0.1394294
2024-01-05 01:15:00,MEO-04,MEO,1.442712,0.53547686,1.4447945,0.39667034
2024-01-05 01:30:00,MEO-04,MEO,4.6177835,0.42809135,1.1481488,0.21370953
2024-01-05 01:45:00,MEO-04,MEO,1.7490263,0.35538688,0.92886615,0.2909453
2024-01-05 02:00:00,MEO-04,MEO,3.8174887,0.3798247,0.76165223,0.11338192
2024-01-05 02:15:00,MEO-04,MEO,3.0962307,0.53349143,0.5330972,0.15523033
2024-01-05 02:30:00,MEO-04,MEO,3.21135,0.35746923,0.17739818,0.2104222
2024-01-05 02:45:00,MEO-04,MEO,1.3342888,0.3751383,0.5297984,-0.06863414
2024-01-05 03:00:00,MEO-04,MEO,3.126917,0.5385644,0.07906686,-0.22025034
2024-01-05 03:15:00,MEO-04,MEO,2.1707406,0.27960378,-0.0007461953,-0.1094563
2024-01-05 03:30:00,MEO-04,MEO,1.8889507,0.2186475,-0.48355016,-0.24179535
2024-01-05 03:45:00,MEO-04,MEO,1.4860188,0.1287026,-0.5363019,-0.4454087
2024-01-05 04:00:00,MEO-04,MEO,1.2068318,0.042654082,-0.53406394,-0.25104046
2024-01-05 04:15:00,MEO-04,MEO,0.97945076,0.02884418,-0.4881829,-0.25451973
2024-01-05 04:30:00,MEO-04,MEO,0.46082407,0.0877613,-0.55744255,-0.49562794
2024-01-05 04:45:00,MEO-04,MEO,0.5761559,0.09066518,-0.61640126,-0.69828886
2024-01-05 05:00:00,MEO-04,MEO,0.03569406,-0.0438665,-0.36687702,-0.61313206
2024-01-05 05:15:00,MEO-04,MEO,-1.9227347,-0.042542662,-0.41449195,-0.23823565
2024-01-05 05:30:00,MEO-04,MEO,0.24832979,0.21325585,-0.3143947,-0.292913
2024-01-05 05:45:00,MEO-04,MEO,0.5173496,-0.05302757,-0.71671337,-0.51112753
2024-01-05 06:00:00,MEO-04,MEO,0.24166444,-0.1449453,-0.6825808,-0.565347
2024-01-05 06:15:00,MEO-04,MEO,-1.2642634,-0.1565347,-0.6549991,-0.42848098
2024-01-05 06:30:00,MEO-04,MEO,0.16357619,-0.21575089,-0.40589088,-0.5257022
2024-01-05 06:45:00,MEO-04,MEO,0.38589635,-0.1771545,-0.29631674,-0.55161756
2024-01-05 07:00:00,MEO-04,MEO,1.1004986,0.028280562,-0.4750898,-0.24816173
2024-01-05 07:15:00,MEO-04,MEO,-0.80857295,0.046076607,-0.61014116,-0.35660124
2024-01-05 07:30:00,MEO-04,MEO,-1.1290488,-0.3934349,-0.46420738,-0.09416118
2024-01-05 07:45:00,MEO-04,MEO,-2.1947818,-0.062540375,-0.57138515,-0.2126889
2024-01-05 08:00:00,MEO-04,MEO,-1.9755341,-0.23930873,-0.5198163,0.066028886
2024-01-05 08:15:00,MEO-04,MEO,0.44238976,-0.24252765,-0.46379355,-0.18057221
2024-01-05 08:30:00,MEO-04,MEO,-1.8493994,-0.22642043,-0.8510891,-0.0499454
2024-01-05 08:45:00,MEO-04,MEO,-3.0035603,-0.36259887,-0.8916238,-0.15527847
2024-01-05 09:00:00,MEO-04,MEO,-1.0075495,-0.18402863,-0.4840173,0.42096576
2024-01-05 09:15:00,MEO-04,MEO,-2.8048582,-0.29617727,-0.5046959,0.33840346
2024-01-05 09:30:00,MEO-04,MEO,-3.7925894,-0.3162768,-0.4603558,0.34060153
2024-01-05 09:45:00,MEO-04,MEO,-3.3213146,-0.29898944,-0.4074306,0.054207742
2024-01-05 10:00:00,MEO-04,MEO,-1.1477569,-0.14361487,-0.31389084,0.11715897
2024-01-05 10:15:00,MEO-04,MEO,-2.9337494,-0.25570202,-0.35139233,0.29026332
2024-01-05 10:30:00,MEO-04,MEO,-2.1917887,0.055188958,-0.022855397,0.5519501
2024-01-05 10:45:00,MEO-04,MEO,-1.8537132,-0.12557337,0.31499714,0.31550956
2024-01-05 11:00:00,MEO-04,MEO,-0.56526375,-0.1286086,0.7154494,0.22243421
2024-01-05 11:15:00,MEO-04,MEO,-0.6908038,-0.060565885,0.8998078,0.26941577
2024-01-05 11:30:00,MEO-04,MEO,0.18514962,0.080614634,1.1564486,0.34667566
2024-01-05 11:45:00,MEO-04,MEO,-1.9942042,0.12540376,1.4212914,0.5444271
2024-01-05 12:00:00,MEO-04,MEO,1.4060849,0.13420838,1.5812006,0.18618937
2024-01-05 12:15:00,MEO-04,MEO,1.5865904,0.23932494,1.3777337,0.22830032
2024-01-05 12:30:00,MEO-04,MEO,2.0182416,0.22096889,1.4166132,0.23799933
2024-01-05 12:45:00,MEO-04,MEO,0.57859915,0.37341848,1.7982244,-0.026887972
2024-01-05 13:00:00,MEO-04,MEO,1.4227762,0.43754604,0.90944237,-0.009879433
2024-01-05 13:15:00,MEO-04,MEO,1.9082317,0.34772187,1.1324564,-0.045002494
2024-01-05 13:30:00,MEO-04,MEO,0.97200716,0.34350076,0.7784024,0.081596665
2024-01-05 13:45:00,MEO-04,MEO,0.9305711,0.40690958,0.7928766,0.22703864
2024-01-05 14:00:00,MEO-04,MEO,0.11322856,0.31442577,1.0411824,-0.10940323
2024-01-05 14:15:00,MEO-04,MEO,1.5093794,0.2789035,0.524217,-0.16119932
2024-01-05 14:30:00,MEO-04,MEO,4.5409126,0.08864848,0.41682872,-0.19376607
2024-01-05 14:45:00,MEO-04,MEO,0.2028606,0.26810452,0.109393485,-0.14586113
2024-01-05 15:00:00,MEO-04,MEO,3.5518227,0.15117975,0.081178546,-0.33889297
2024-01-05 15:15:00,MEO-04,MEO,2.2414246,-0.042642258,-0.28383744,-0.31858107
2024-01-05 15:30:00,MEO-04,MEO,-0.62562525,0.006871442,-0.6220214,-0.4599813
2024-01-05 15:45:00,MEO-04,MEO,2.1162808,0.11712946,-0.4291879,-0.60268164
2024-01-05 16:00:00,MEO-04,MEO,0.67544454,0.064059824,-0.56545913,-0.35762686
2024-01-05 16:15:00,MEO-04,MEO,-0.6315751,0.059018992,-0.824196,-0.60004044
2024-01-05 16:30:00,MEO-04,MEO,1.9694629,-0.2292219,-0.69949114,-0.51427656
2024-01-05 16:45:00,MEO-04,MEO,-0.85674417,-0.07078485,-1.1336489,-0.15971003
2024-01-05 17:00:00,MEO-04,MEO,-0.5934597,-0.07464119,-0.98757476,-0.5584713
2024-01-05 17:15:00,MEO-04,MEO,0.15871088,-0.25724828,-0.8958921,-0.39403644
2024-01-05 17:30:00,MEO-04,MEO,1.0467519,-0.05446013,-1.0627745,-0.67896676
2024-01-05 17:45:00,MEO-04,MEO,1.6135908,-0.09451232,-0.92087233,-0.70756155
2024-01-05 18:00:00,MEO-04,MEO,-0.2196735,-0.21401954,-0.85354507,-0.34072956
2024-01-05 18:15:00,MEO-04,MEO,0.25470677,-0.47367278,-0.8633844,-0.27829304
2024-01-05 18:30:00,MEO-04,MEO,-0.6938028,-0.3450116,-1.2183163,-0.24627125
2024-01-05 18:45:00,MEO-04,MEO,-1.9533312,-0.15511133,-0.96597224,-0.48337206
2024-01-05 19:00:00,MEO-04,MEO,-0.3615596,-0.16189949,-0.99148375,-0.33102375
2024-01-05 19:15:00,MEO-04,MEO,-0.89118934,-0.09648924,-1.0950689,-0.10957936
2024-01-05 19:30:00,MEO-04,MEO,-1.3351274,-0.31720895,-0.91823274,-0.34862024
2024-01-05 19:45:00,MEO-04,MEO,-0.4775239,-0.12922932,-0.6562092,0.050446495
2024-01-05 20:00:00,MEO-04,MEO,-2.0368779,-0.4489706,-1.2836323,0.09847704
2024-01-05 20:15:00,MEO-04,MEO,-2.5388815,-0.32342774,-1.0990721,0.114515804
2024-01-05 20:30:00,MEO-04,MEO,-2.3403585,-0.30628255,-0.89767295,0.11440699
2024-01-05 20:45:00,MEO-04,MEO,-3.9479294,-0.3537077,-1.1065315,0.124393806
2024-01-05 21:00:00,MEO-04,MEO,-1.9562879,-0.476418,-0.8844701,0.49416152
2024-01-05 21:15:00,MEO-04,MEO,-1.2727257,-0.20716956,-0.8439379,0.3195337
2024-01-05 21:30:00,MEO-04,MEO,-3.2710168,-0.3642857,-0.6164694,0.617522
2024-01-05 21:45:00,MEO-04,MEO,-2.6199057,-0.37247148,-0.91600585,0.339184
2024-01-05 22:00:00,MEO-04,MEO,-0.48944467,-0.32173282,-0.7602157,0.4932942
2024-01-05 22:15:00,MEO-04,MEO,-2.3651476,-0.33798423,-0.67508215,0.73625946
2024-01-05 22:30:00,MEO-04,MEO,-2.8258126,-0.09421379,0.09861962,0.705453
2024-01-05 22:45:00,MEO-04,MEO,-2.253495,-0.31193814,0.32656398,0.86116064
2024-01-05 23:00:00,MEO-04,MEO,-1.0106611,0.026796035,0.08280493,0.6396746
2024-01-05 23:15:00,MEO-04,MEO,-0.25086606,0.03724123,0.7833409,0.48699364
2024-01-05 23:30:00,MEO-04,MEO,-1.390709,0.10620156,0.28377128,0.4621832
2024-01-05 23:45:00,MEO-04,MEO,-1.6692785,0.072035424,0.49019063,0.53042734
2024-01-06 00:00:00,MEO-04,MEO,-2.9371712,0.29340938,1.1687516,0.6944416
2024-01-06 00:15:00,MEO-04,MEO,-0.25549927,0.12616393,0.6090699,0.48920664
2024-01-06 00:30:00,MEO-04,MEO,-0.13593405,0.3493706,1.1686981,0.63824636
2024-01-06 00:45:00,MEO-04,MEO,-0.23200849,0.30377996,1.3782768,0.39918447
2024-01-06 01:00:00,MEO-04,MEO,2.2363791,0.42856506,1.039304,0.32223606
2024-01-06 01:15:00,MEO-04,MEO,1.9445796,0.45722735,1.2192409,0.35871622
2024-01-06 01:30:00,MEO-04,MEO,2.0789227,0.4706778,0.8607595,0.4542018
2024-01-06 01:45:00,MEO-04,MEO,1.7670062,0.39293578,0.7454556,0.2010648
2024-01-06 02:00:00,MEO-04,MEO,4.061719,0.41717473,0.35336342,0.22490959
2024-01-06 02:15:00,MEO-04,MEO,3.019536,0.4105388,0.29657784,0.040397298
2024-01-06 02:30:00,MEO-04,MEO,1.0242145,0.25405225,0.30556142,0.14277984
2024-01-06 02:45:00,MEO-04,MEO,2.935066,0.29842803,-0.072298676,-0.055614106
2024-01-06 03:00:00,MEO-04,MEO,0.6777925,0.4359485,-0.23469009,-0.022154735
2024-01-06 03:15:00,MEO-04,MEO,1.2290106,0.2737805,-0.63847333,-0.055841815
2024-01-06 03:30:00,MEO-04,MEO,1.2813474,0.31324515,-0.82248485,-0.17305338
2024-01-06 03:45:00,MEO-04,MEO,-0.5065666,0.26525104,-0.27943292,-0.3155112
2024-01-06 04:00:00,MEO-04,MEO,-0.37577942,0.2751062,-1.2724315,-0.21937504
2024-01-06 04:15:00,MEO-04,MEO,1.9779559,0.12381592,-0.7892021,-0.2061729
2024-01-06 04:30:00,MEO-04,MEO,0.82437915,0.17502995,-0.82474416,-0.40028924
2024-01-06 04:45:00,MEO-04,MEO,1.2985078,0.0854438,-0.8740614,-0.33336064
2024-01-06 05:00:00,MEO-04,MEO,-0.98735404,-0.13614987,-0.8052432,-0.41008553
2024-01-06 05:15:00,MEO-04,MEO,-1.6267283,-0.09179654,-1.4764632,-0.5769023
2024-01-06 05:30:00,MEO-04,MEO,-1.0531443,-0.20093022,-1.1418774,-0.4562502
2024-01-06 05:45:00,MEO-04,MEO,1.630179,-0.124599114,-1.3450077,-0.46789336
2024-01-06 06:00:00,MEO-04,MEO,0.260429,0.016197708,-0.91418743,-0.36713886
2024-01-06 06:15:00,MEO-04,MEO,1.1214157,-0.09192345,-1.1864617,-0.16856235
2024-01-06 06:30:00,MEO-04,MEO,-1.4381739,-0.12211172,-1.1386521,-0.386078
2024-01-06 06:45:00,MEO-04,MEO,-2.1970925,0.087919734,-1.1456908,-0.06968362
2024-01-06 07:00:00,MEO-04,MEO,-0.87569064,-0.10661185,-0.88946295,-0.3037305
2024-01-06 07:15:00,MEO-04,MEO,-0.0377533,-0.2919241,-0.92657465,-0.36852524
2024-01-06 07:30:00,MEO-04,MEO,-2.7470622,-0.17880867,-0.97930133,-0.51575893
2024-01-06 07:45:00,MEO-04,MEO,-2.4505832,-0.16277859,-1.1278428,0.08772884
2024-01-06 08:00:00,MEO-04,MEO,-3.3738391,-0.0030648364,-1.2144489,-0.07873829
2024-01-06 08:15:00,MEO-04,MEO,-0.28198358,-0.3303214,-1.1041567,0.08414022
2024-01-06 08:30:00,MEO-04,MEO,-1.9564626,-0.20363156,-1.2415597,-0.42924896
2024-01-06 08:45:00,MEO-04,MEO,-2.2574744,-0.21077918,-1.1180726,0.1153412
2024-01-06 09:00:00,MEO-04,MEO,-3.5872703,-0.30933988,-1.1584991,-0.05912867
2024-01-06 09:15:00,MEO-04,MEO,-2.0047638,-0.23550807,-1.1668755,-0.31361756
2024-01-06 09:30:00,MEO-04,MEO,-0.97468126,-0.24966648,-1.0216335,0.25181773
2024-01-06 09:45:00,MEO-04,MEO,-3.349889,-0.2105155,-0.5017742,0.2914494
2024-01-06 10:00:00,MEO-04,MEO,-2.7643423,-0.3687521,-0.736306,0.14885738
2024-01-06 10:15:00,MEO-04,MEO,-1.776969,-0.11964498,-0.18322317,0.31204677
2024-01-06 10:30:00,MEO-04,MEO,-1.2617688,-0.37124,-0.54710555,0.12727532
2024-01-06 10:45:00,MEO-04,MEO,-1.6825227,0.12411315,-0.2725467,0.49035946
2024-01-06 11:00:00,MEO-04,MEO,-0.7455529,-0.1727636,0.36352998,0.22019881
2024-01-06 11:15:00,MEO-04,MEO,-0.9410993,0.011281636,0.62205786,0.5334111
2024-01-06 11:30:00,MEO-04,MEO,-0.40527624,-0.0043616113,0.64540684,0.28268725
2024-01-06 11:45:00,MEO-04,MEO,-1.2730296,-0.21710211,0.7053982,0.17371991
2024-01-06 12:00:00,MEO-04,MEO,1.7931519,-0.14238143,0.99790835,0.09142484
2024-01-06 12:15:00,MEO-04,MEO,1.4785284,0.1923671,0.9079583,0.3692599
2024-01-06 12:30:00,MEO-04,MEO,0.5968148,0.322004,1.1362069,0.15273756
2024-01-06 12:45:00,MEO-04,MEO,1.0131736,0.121530585,1.0827243,0.042597204
2024-01-06 13:00:00,MEO-04,MEO,-0.5003152,0.3139896,1.2449596,0.36918867
2024-01-06 13:15:00,MEO-04,MEO,3.221812,0.36591804,1.2322973,0.14485611
2024-01-06 13:30:00,MEO-04,MEO,3.248722,0.22438239,0.7325277,0.0820359
2024-01-06 13:45:00,MEO-04,MEO,0.6750139,0.2184149,0.34502932,0.13303134
2024-01-06 14:00:00,MEO-04,MEO,0.49490038,0.22793603,0.2777954,-0.16326594
2024-01-06 14:15:00,MEO-04,MEO,2.741202,0.17641218,0.4236872,-0.12152548
2024-01-06 14:30:00,MEO-04,MEO,3.1991644,0.3820131,0.15279673,-0.08636045
2024-01-06 14:45:00,MEO-04,MEO,1.742786,0.28195503,-0.10978419,-0.24117738
2024-01-06 15:00:00,MEO-04,MEO,1.157964,0.2540288,-0.3350165,-0.27129322
2024-01-06 15:15:00,MEO-04,MEO,2.4924936,0.023964446,-0.5589549,-0.5419202
2024-01-06 15:30:00,MEO-04,MEO,0.7086374,0.079074405,-0.79929924,-0.3778937
2024-01-06 15:45:00,MEO-04,MEO,1.4123702,0.039087616,-0.6375413,-0.40291524
2024-01-06 16:00:00,MEO-04,MEO,1.6182585,-0.002914187,-0.91971153,-0.4870172
2024-01-06 16:15:00,MEO-04,MEO,0.4741033,0.020386549,-1.4177201,-0.58007514
2024-01-06 16:30:00,MEO-04,MEO,-0.38187528,-0.028177772,-0.9996962,-0.5008066
2024-01-06 16:45:00,MEO-04,MEO,0.3078429,-0.18256636,-0.8807979,-0.7063682
2024-01-06 17:00:00,MEO-04,MEO,0.4075577,-0.1952748,-1.5688834,-0.6675531
2024-01-06 17:15:00,MEO-04,MEO,-0.035124432,-0.18506016,-1.5329069,-0.51610255
2024-01-06 17:30:00,MEO-04,MEO,2.3235588,-0.09815626,-1.0291513,-0.53239787
2024-01-06 17:45:00,MEO-04,MEO,1.7424983,-0.17083223,-1.5476834,-0.38471645
2024-01-06 18:00:00,MEO-04,MEO,-0.55547947,-0.16683458,-1.0760565,-0.36433056
2024-01-06 18:15:00,MEO-04,MEO,-0.11911991,-0.2940724,-1.4753402,-0.5600646
2024-01-06 18:30:00,MEO-04,MEO,-0.7718785,-0.4387542,-1.1683892,-0.52116144
2024-01-06 18:45:00,MEO-04,MEO,-2.1615992,-0.36084828,-1.516352,-0.09713337
2024-01-06 19:00:00,MEO-04,MEO,-0.5244415,-0.31501374,-1.3425187,-0.5687282
2024-01-06 19:15:00,MEO-04,MEO,-1.3664386,-0.16906138,-1.0911582,-0.26593602
2024-01-06 19:30:00,MEO-04,MEO,-1.2176734,-0.197672,-1.235914,-0.14611828
2024-01-06 19:45:00,MEO-04,MEO,-0.7213969,-0.3322552,-1.2959992,-0.17400205
2024-01-06 20:00:00,MEO-04,MEO,0.14330511,-0.13389693,-0.8723085,0.015208576
2024-01-06 20:15:00,MEO-04,MEO,-0.95568806,-0.28946304,-1.2510972,0.19373216
2024-01-06 20:30:00,MEO-04,MEO,-2.1747394,-0.49647665,-1.3095666,0.0072345305
2024-01-06 20:45:00,MEO-04,MEO,-0.7618587,-0.46722683,-0.98484206,0.086586095
2024-01-06 21:00:00,MEO-04,MEO,-2.0388203,-0.08561152,-1.156981,0.49452266
2024-01-06 21:15:00,MEO-04,MEO,-3.7960045,-0.31318775,-0.7249729,0.54613215
2024-01-06 21:30:00,MEO-04,MEO,-3.8591335,-0.41111106,-1.0459951,0.3036474
2024-01-06 21:45:00,MEO-04,MEO,-3.6845875,-0.3485232,-0.82454485,0.27544025
2024-01-06 22:00:00,MEO-04,MEO,-3.7929223,-0.13306142,-0.69175756,0.40905035
2024-01-06 22:15:00,MEO-04,MEO,-2.4602633,-0.22499402,-0.47962418,0.56302243
2024-01-06 22:30:00,MEO-04,MEO,-3.161293,-0.14643602,-0.22439599,0.85744715
2024-01-06 22:45:00,MEO-04,MEO,-1.8907714,-0.06693562,0.016154304,0.6503635
2024-01-06 23:00:00,MEO-04,MEO,-1.9728726,0.09357706,0.14097321,0.56736267
2024-01-06 23:15:00,MEO-04,MEO,-3.0065143,-0.06924102,0.60460526,0.7658593
2024-01-06 23:30:00,MEO-04,MEO,0.2745329,-0.032212105,0.41868207,0.57829046
2024-01-06 23:45:00,MEO-04,MEO,0.6649728,-0.010393008,0.84039026,0.49651405
2024-01-07 00:00:00,MEO-04,MEO,-0.14682238,0.23259234,0.78676957,0.63434076
2024-01-07 00:15:00,MEO-04,MEO,-1.1442842,0.19562937,1.4470494,0.7407726
2024-01-07 00:30:00,MEO-04,MEO,1.1973714,0.23672454,1.1393198,0.8152519
2024-01-07 00:45:00,MEO-04,MEO,1.0233823,0.3269142,1.2025421,0.6833714
2024-01-07 01:00:00,MEO-04,MEO,0.40632036,0.3819704,0.89666945,0.57857126
2024-01-07 01:15:00,MEO-04,MEO,1.3521696,0.32054934,0.8659811,0.51745325
2024-01-07 01:30:00,MEO-04,MEO,1.0481371,0.4506942,1.3616984,0.350872
2024-01-07 01:45:00,MEO-04,MEO,2.5695271,0.5931164,1.2486137,0.31249478
2024-01-07 02:00:00,MEO-04,MEO,1.8651329,0.38641426,0.49067187,0.26960257
2024-01-07 02:15:00,MEO-04,MEO,0.2953794,0.5011701,0.7175494,0.18777531
2024-01-07 02:30:00,MEO-04,MEO,0.47822118,0.23914796,0.261864,0.27583602
2024-01-07 02:45:00,MEO-04,MEO,1.3427999,0.2897831,0.22004944,-0.01542064
2024-01-07 03:00:00,MEO-04,MEO,-0.5072657,0.05030771,0.15821731,-0.27983513
2024-01-07 03:15:00,MEO-04,MEO,1.267595,0.3461252,-0.44501308,-0.10321568
2024-01-07 03:30:00,MEO-04,MEO,1.6871154,0.3108498,0.010449428,-0.23494442
2024-01-07 03:45:00,MEO-04,MEO,-0.45517752,0.059397325,-0.538539,-0.07256237
2024-01-07 04:00:00,MEO-04,MEO,-0.5402752,-0.02037695,-0.58726555,-0.45259726
2024-01-07 04:15:00,MEO-04,MEO,-0.33301368,0.04295851,-0.951719,-0.19924785
2024-01-07 04:30:00,MEO-04,MEO,0.5555219,0.14542134,-0.9260233,-0.38530114
2024-01-07 04:45:00,MEO-04,MEO,0.38331923,-0.03638993,-0.5046359,-0.6544029
2024-01-07 05:00:00,MEO-04,MEO,0.7585926,-0.15532772,-0.6496144,-0.7370601
2024-01-07 05:15:00,MEO-04,MEO,-2.1685514,0.0274524,-0.9264659,-0.48287523
2024-01-07 05:30:00,MEO-04,MEO,0.12996607,0.16189893,-0.63431984,-0.50088495
2024-01-07 05:45:00,MEO-04,MEO,0.58248514,0.023155848,-0.7071434,-0.84862995
2024-01-07 06:00:00,MEO-04,MEO,-2.6522808,-0.090085745,-0.5234661,-0.44219413
2024-01-07 06:15:00,MEO-04,MEO,1.0014422,0.19255519,-0.7503823,-0.5846136
2024-01-07 06:30:00,MEO-04,MEO,-0.5559656,-0.058903042,-1.0458952,-0.42002386
2024-01-07 06:45:00,MEO-04,MEO,-0.6705049,0.021595672,-0.42736527,-0.4094905
2024-01-07 07:00:00,MEO-04,MEO,0.92200065,-0.020802544,-0.8226983,-0.25984505
2024-01-07 07:15:00,MEO-04,MEO,-0.56844145,0.019208018,-0.72705203,-0.21773395
2024-01-07 07:30:00,MEO-04,MEO,0.49792704,-0.052377436,-0.8740268,-0.03977763
2024-01-07 07:45:00,MEO-04,MEO,-0.57653624,-0.30417657,-0.5181909,-0.11388344
2024-01-07 08:00:00,MEO-04,MEO,-1.0241628,-0.23043723,-0.9286467,-0.07942394
2024-01-07 08:15:00,MEO-04,MEO,-0.5923733,-0.16488926,-0.972442,0.2924621
2024-01-07 08:30:00,MEO-04,MEO,-2.4038677,-0.31076494,-0.6960571,-0.05494009
2024-01-07 08:45:00,MEO-04,MEO,-1.1059551,-0.16009904,-0.87989277,0.22519879
2024-01-07 09:00:00,MEO-04,MEO,-3.3922193,-0.15638858,-1.0007674,0.16720635
2024-01-07 09:15:00,MEO-04,MEO,-0.9047224,-0.44461042,-0.92248577,0.29854864
2024-01-07 09:30:00,MEO-04,MEO,-2.0923505,-0.30549955,-0.52100796,0.005256593
2024-01-07 09:45:00,MEO-04,MEO,-2.0803368,0.0058088168,-0.43700883,0.2884681
2024-01-07 10:00:00,MEO-04,MEO,-3.6948867,-0.27895617,-0.38927,0.39703038
2024-01-07 10:15:00,MEO-04,MEO,-1.687516,-0.05089256,-0.24501407,0.48258212
2024-01-07 10:30:00,MEO-04,MEO,-2.9363914,-0.22178514,-0.32874346,0.34156963
2024-01-07 10:45:00,MEO-04,MEO,-2.8182123,-0.011974186,-0.09537232,0.35967037
2024-01-07 11:00:00,MEO-04,MEO,-1.9423997,0.06518121,0.58060974,0.23411795
2024-01-07 11:15:00,MEO-04,MEO,-1.0877103,-0.12278721,0.50866926,0.32404938
2024-01-07 11:30:00,MEO-04,MEO,-2.758174,0.17842925,0.38794267,0.15104806
2024-01-07 11:45:00,MEO-04,MEO,1.0516744,-0.06298003,0.78130805,0.4030493
2024-01-07 12:00:00,MEO-04,MEO,-0.53329676,0.22257882,1.0482519,0.12620534
2024-01-07 12:15:00,MEO-04,MEO,0.6256553,0.02437368,1.0659156,0.35609218
2024-01-07 12:30:00,MEO-04,MEO,1.6830094,0.17188191,1.2058798,0.0060951044
2024-01-07 12:45:00,MEO-04,MEO,2.16757,0.37761316,1.0166583,0.2720764
2024-01-07 13:00:00,MEO-04,MEO,1.4139539,0.27346545,0.61199945,0.10921267
2024-01-07 13:15:00,MEO-04,MEO,2.5135162,0.18576156,0.6457696,0.13219005
2024-01-07 13:30:00,MEO-04,MEO,4.5095515,0.2844265,0.8636158,0.19057323
2024-01-07 13:45:00,MEO-04,MEO,2.3941374,0.4837976,0.6321504,0.22654623
2024-01-07 14:00:00,MEO-04,MEO,1.5592734,0.29167986,0.4408998,0.31970856
2024-01-07 14:15:00,MEO-04,MEO,3.7151499,0.12863569,0.07076392,-0.11720324
2024-01-07 14:30:00,MEO-04,MEO,0.48956943,0.32907805,0.27856043,-0.30863255
2024-01-07 14:45:00,MEO-04,MEO,2.2606077,0.3044756,-0.49919927,0.015183944
2024-01-07 15:00:00,MEO-04,MEO,1.255166,0.27871415,-0.2252882,0.07380161
2024-01-07 15:15:00,MEO-04,MEO,0.51531607,0.10115887,-0.593406,-0.23676652
2024-01-07 15:30:00,MEO-04,MEO,0.70599157,0.12857302,-0.8602155,-0.6070869
2024-01-07 15:45:00,MEO-04,MEO,1.1680654,-0.058014598,-0.6976644,-0.29796594
2024-01-07 16:00:00,MEO-04,MEO,1.7736249,-0.027790511,-1.0419513,-0.501144
2024-01-07 16:15:00,MEO-04,MEO,0.75986785,-0.08429575,-1.3754042,-0.4114001
2024-01-07 16:30:00,MEO-04,MEO,-0.25214964,-0.25281057,-1.3765544,-0.34229904
2024-01-07 16:45:00,MEO-04,MEO,0.06143394,-0.16579483,-1.4508858,-0.41532007
2024-01-07 17:00:00,MEO-04,MEO,0.91984695,-0.26741514,-1.2950464,-0.73294276
2024-01-07 17:15:00,MEO-04,MEO,0.25673774,-0.20279182,-1.3358331,-0.5105304
2024-01-07 17:30:00,MEO-04,MEO,-1.1779462,-0.23054083,-1.456075,-0.5115369
2024-01-07 17:45:00,MEO-04,MEO,-1.2545216,-0.33245695,-1.4775996,-0.40957516
2024-01-07 18:00:00,MEO-04,MEO,-1.1343904,-0.30002472,-0.953924,-0.5204563
2024-01-07 18:15:00,MEO-04,MEO,0.61073047,-0.18716355,-0.93280804,-0.4685194
2024-01-07 18:30:00,MEO-04,MEO,-0.41748515,-0.18963362,-1.1211855,-0.41388392
2024-01-07 18:45:00,MEO-04,MEO,-0.91039884,-0.17899829,-0.87738746,-0.057554316
2024-01-07 19:00:00,MEO-04,MEO,-0.3575378,-0.24065109,-0.9286424,-0.33139166
2024-01-07 19:15:00,MEO-04,MEO,-1.8458472,-0.14404544,-0.8633341,-0.083500914
2024-01-07 19:30:00,MEO-04,MEO,-0.9742494,-0.23569837,-0.7600061,-0.047138795
2024-01-07 19:45:00,MEO-04,MEO,-1.9213332,-0.23067683,-1.0620873,0.14172032
2024-01-07 20:00:00,MEO-04,MEO,-1.4088823,-0.41023755,-1.0269905,0.3228717
2024-01-07 20:15:00,MEO-04,MEO,-2.276538,-0.23695421,-1.3233482,-0.110291496
2024-01-07 20:30:00,MEO-04,MEO,-1.8668786,-0.30782768,-1.3237058,0.29438335
2024-01-07 20:45:00,MEO-04,MEO,-3.445236,-0.25707397,-0.9893614,0.19590966
2024-01-07 21:00:00,MEO-04,MEO,-1.8022662,-0.19145192,-0.95605856,0.4292261
2024-01-07 21:15:00,MEO-04,MEO,-2.6028745,-0.160871,-0.85308695,0.22396727
2024-01-07 21:30:00,MEO-04,MEO,-3.5031042,-0.34523338,-0.7945348,0.39917967
2024-01-07 21:45:00,MEO-04,MEO,-2.9483805,-0.17825593,-0.5184327,0.41241482
2024-01-07 22:00:00,MEO-04,MEO,-1.8749626,-0.1290106,-0.629293,0.5102061
2024-01-07 22:15:00,MEO-04,MEO,-4.334077,-0.4301262,-0.32033682,0.5454726
2024-01-07 22:30:00,MEO-04,MEO,-3.7266448,-0.25954318,-0.034666777,0.4572953
2024-01-07 22:45:00,MEO-04,MEO,-2.4688268,-0.093302965,0.09689832,0.48794636
2024-01-07 23:00:00,MEO-04,MEO,-3.9897058,-0.13499008,0.24490662,0.66064197
2024-01-07 23:15:00,MEO-04,MEO,-2.1647155,-0.16340706,0.41513953,0.718566
2024-01-07 23:30:00,MEO-04,MEO,-0.7347847,0.18242966,0.818699,0.69585204
2024-01-07 23:45:00,MEO-04,MEO,-0.8431527,0.08822979,0.7997926,0.44109884
2024-01-08 00:00:00,MEO-04,MEO,-0.27886406,0.21332493,1.1078583,0.42819113
2024-01-08 00:15:00,MEO-04,MEO,-0.5295111,0.19456959,1.1917157,0.6875926
2024-01-08 00:30:00,MEO-04,MEO,-1.4376992,0.3493703,1.1609123,0.6189048
2024-01-08 00:45:00,MEO-04,MEO,0.039185587,0.3309403,1.0662787,0.37801352
2024-01-08 01:00:00,MEO-04,MEO,1.4575218,0.4506978,1.3908257,0.29719064
2024-01-08 01:15:00,MEO-04,MEO,0.3692068,0.6112363,1.0035782,0.20302728
2024-01-08 01:30:00,MEO-04,MEO,0.15058538,0.51982003,1.1603092,0.4394705
2024-01-08 01:45:00,MEO-04,MEO,1.7885503,0.46509525,1.1895812,0.37343234
2024-01-08 02:00:00,MEO-04,MEO,0.4890212,0.5130196,0.75242573,0.055422716
2024-01-08 02:15:00,MEO-04,MEO,1.7583345,0.3630358,0.69388354,0.16909276
2024-01-08 02:30:00,MEO-04,MEO,3.05671,0.45902404,0.5126453,0.07676988
2024-01-08 02:45:00,MEO-04,MEO,1.5982054,0.3860009,0.63762367,-0.020314237
2024-01-08 03:00:00,MEO-04,MEO,1.3581914,0.19700049,0.2877813,-0.005393876
2024-01-08 03:15:00,MEO-04,MEO,2.0056486,0.34364194,-0.13552152,-0.01460552
2024-01-08 03:30:00,MEO-04,MEO,0.8460885,0.28405845,-0.40717208,-0.06520783
2024-01-08 03:45:00,MEO-04,MEO,0.98300844,0.33387396,-0.5787472,-0.5045194
2024-01-08 04:00:00,MEO-04,MEO,0.11178065,0.14484811,-0.76219743,-0.3735043
2024-01-08 04:15:00,MEO-04,MEO,-0.13446452,0.152439,-0.6940398,-0.5579366
2024-01-08 04:30:00,MEO-04,MEO,-0.7501298,0.19418058,-0.3158484,-0.27506745
2024-01-08 04:45:00,MEO-04,MEO,1.6054114,0.08279932,-0.7444745,-0.54895943
2024-01-08 05:00:00,MEO-04,MEO,-1.187153,-0.028373923,-0.73091346,-0.18182606
2024-01-08 05:15:00,MEO-04,MEO,-0.90936065,0.08199259,-0.9921743,-0.3420303
2024-01-08 05:30:00,MEO-04,MEO,-0.77325374,-0.02429201,-0.57748854,-0.44889173
2024-01-08 05:45:00,MEO-04,MEO,0.18651952,0.11457301,-0.5890531,-0.4599537
2024-01-08 06:00:00,MEO-04,MEO,-0.4818221,-0.10761234,-0.7282839,-0.5922244
2024-01-08 06:15:00,MEO-04,MEO,-1.4516168,0.031510733,-0.5579981,-0.39551947
2024-01-08 06:30:00,MEO-04,MEO,-0.6416741,-0.10336317,-0.8028826,-0.28527924
2024-01-08 06:45:00,MEO-04,MEO,0.40637654,-0.11184125,-0.8582387,-0.21157812
2024-01-08 07:00:00,MEO-04,MEO,-1.2486407,-0.077561446,-0.36708292,-0.39104328
2024-01-08 07:15:00,MEO-04,MEO,-0.63575417,-0.18554267,-0.45125782,0.28360865
2024-01-08 07:30:00,MEO-04,MEO,-1.5308691,-0.05146133,-0.6616664,0.038609084
2024-01-08 07:45:00,MEO-04,MEO,-0.3066671,-0.22016741,-1.1193486,-0.13494271
2024-01-08 08:00:00,MEO-04,MEO,-0.85514355,-0.23454237,-0.55460805,-0.45769435
2024-01-08 08:15:00,MEO-04,MEO,-1.8057549,-0.42202428,-1.1462601,-0.10018927
2024-01-08 08:30:00,MEO-04,MEO,-2.692219,-0.24322626,-0.8233922,0.015214709
2024-01-08 08:45:00,MEO-04,MEO,-2.8657699,-0.24396479,-0.69522655,0.28812847
2024-01-08 09:00:00,MEO-04,MEO,-2.6973238,-0.14589797,-0.7746132,0.01754412
2024-01-08 09:15:00,MEO-04,MEO,-1.8137411,-0.03875955,-0.32996845,-0.13200004
2024-01-08 09:30:00,MEO-04,MEO,-2.4618301,-0.3905603,-1.1124402,0.14828424
2024-01-08 09:45:00,MEO-04,MEO,-1.3941435,-0.090332985,-0.671068,0.43331978
2024-01-08 10:00:00,MEO-04,MEO,-2.3322942,-0.14064641,-0.19332084,0.26110145
2024-01-08 10:15:00,MEO-04,MEO,-3.704047,-0.18808427,-0.4886778,0.17541488
2024-01-08 10:30:00,MEO-04,MEO,-2.8019888,0.1690569,0.22249323,0.7227223
2024-01-08 10:45:00,MEO-04,MEO,-3.6616483,-0.23397277,0.12219178,0.5042875
2024-01-08 11:00:00,MEO-04,MEO,-1.6701627,-0.06238427,0.21125793,0.61509526
2024-01-08 11:15:00,MEO-04,MEO,-0.33015952,0.023489803,0.6118028,0.19808406
2024-01-08 11:30:00,MEO-04,MEO,-1.197965,-0.011905446,0.6543331,0.4629014
2024-01-08 11:45:00,MEO-04,MEO,-1.8160285,0.15488309,1.0309192,0.6131844
2024-01-08 12:00:00,MEO-04,MEO,0.75140285,0.25473234,0.6224588,0.08244114
2024-01-08 12:15:00,MEO-04,MEO,0.15804183,0.13957767,1.1023748,0.4751127
2024-01-08 12:30:00,MEO-04,MEO,0.65718734,0.10256726,1.0572501,0.25757733
2024-01-08 12:45:00,MEO-04,MEO,0.6719209,0.23346336,0.60580415,0.1658564
2024-01-08 13:00:00,MEO-04,MEO,1.872998,0.2841245,0.77345055,0.19246201
2024-01-08 13:15:00,MEO-04,MEO,2.7925541,0.2810082,0.6894697,0.20465788
2024-01-08 13:30:00,MEO-04,MEO,3.2666733,0.2623038,0.9242103,-0.020889623
2024-01-08 13:45:00,MEO-04,MEO,2.3799117,0.3289283,0.5615294,0.01632835
2024-01-08 14:00:00,MEO-04,MEO,0.723908,0.22003101,0.79153776,-0.05673236
2024-01-08 14:15:00,MEO-04,MEO,-0.23484755,0.24747223,-0.023554495,-0.14315662
2024-01-08 14:30:00,MEO-04,MEO,1.631792,0.4467286,0.2665316,-0.14834718
2024-01-08 14:45:00,MEO-04,MEO,1.6218477,0.25809363,-0.10057384,-0.14984417
2024-01-08 15:00:00,MEO-04,MEO,2.1294491,0.21128045,-0.5179348,-0.27110192
2024-01-08 15:15:00,MEO-04,MEO,1.2077458,0.17120707,-0.26958948,-0.6413369
2024-01-08 15:30:00,MEO-04,MEO,1.0953709,-0.033819035,-0.92075866,-0.33321995
2024-01-08 15:45:00,MEO-04,MEO,0.34378454,0.1194039,-0.74263364,-0.37397283
2024-01-08 16:00:00,MEO-04,MEO,-0.9098063,-0.07196329,-1.504803,-0.4125428
2024-01-08 16:15:00,MEO-04,MEO,-0.23296978,-0.13738611,-0.93497145,-0.20590168
2024-01-08 16:30:00,MEO-04,MEO,-0.03993994,-0.12872718,-1.1677781,-0.4563195
2024-01-08 16:45:00,MEO-04,MEO,0.22880058,-0.25755218,-1.3739305,-0.2498344
2024-01-08 17:00:00,MEO-04,MEO,1.3225576,-0.16494785,-1.1353565,-0.55198807
2024-01-08 17:15:00,MEO-04,MEO,-0.063484766,-0.25978604,-1.0078652,-0.33174816
2024-01-08 17:30:00,MEO-04,MEO,-0.4783204,-0.08747314,-1.2813841,-0.16604255
2024-01-08 17:45:00,MEO-04,MEO,-0.9297757,-0.3434632,-0.9854468,-0.5371153
2024-01-08 18:00:00,MEO-04,MEO,-1.8022962,-0.20756367,-1.1981275,-0.42310756
2024-01-08 18:15:00,MEO-04,MEO,-2.6321108,-0.26267016,-0.80801964,-0.43333927
2024-01-08 18:30:00,MEO-04,MEO,0.4475293,-0.29939586,-0.8339693,-0.51092505
2024-01-08 18:45:00,MEO-04,MEO,-0.39994758,-0.15690948,-1.1329169,-0.32041326
2024-01-08 19:00:00,MEO-04,MEO,-0.68722373,-0.31482506,-0.86731046,-0.04245641
2024-01-08 19:15:00,MEO-04,MEO,-2.0356684,-0.16819283,-1.0017474,-0.27012312
2024-01-08 19:30:00,MEO-04,MEO,-0.4731617,-0.3556106,-1.3961225,-0.055776153
2024-01-08 19:45:00,MEO-04,MEO,-2.1044617,-0.15476714,-1.0749338,0.2861297
2024-01-08 20:00:00,MEO-04,MEO,-1.5229065,-0.3731944,-0.8856404,-0.053457823
2024-01-08 20:15:00,MEO-04,MEO,-3.558482,-0.26430026,-0.9240567,0.2819444
2024-01-08 20:30:00,MEO-04,MEO,-0.16130416,-0.2853149,-0.8864356,0.21208164
2024-01-08 20:45:00,MEO-04,MEO,-3.4698038,-0.22302635,-0.8784176,0.3799154
2024-01-08 21:00:00,MEO-04,MEO,-3.2306564,-0.38054177,-0.8152437,0.22554798
2024-01-08 21:15:00,MEO-04,MEO,-1.6545687,-0.28839827,-0.92140687,0.46742848
2024-01-08 21:30:00,MEO-04,MEO,-2.950222,-0.2758275,-1.1910207,0.50779164
2024-01-08 21:45:00,MEO-04,MEO,-4.1699224,-0.10434943,-0.6118627,0.43915695
2024-01-08 22:00:00,MEO-04,MEO,-3.3645275,-0.408353,-0.5597001,0.31789562
2024-01-08 22:15:00,MEO-04,MEO,-2.638891,-0.13263492,-0.2162871,0.78404987
2024-01-08 22:30:00,MEO-04,MEO,-1.5216126,-0.241155,-0.17853498,0.6237346
2024-01-08 22:45:00,MEO-04,MEO,-2.6649683,-0.20472789,0.088305846,0.7750729
2024-01-08 23:00:00,MEO-04,MEO,-4.2833056,-0.05253764,0.2578032,0.51700157
2024-01-08 23:15:00,MEO-04,MEO,-2.3591228,0.013497034,0.52779603,0.61950874
2024-01-08 23:30:00,MEO-04,MEO,-0.6849293,0.15198365,0.6205447,0.8072854
2024-01-08 23:45:00,MEO-04,MEO,-1.1841679,0.06688183,0.97769696,0.5475327
2024-01-01 00:00:00,GEO-01,GEO,0.25271872,0.1460594,0.5093602,0.18411289
2024-01-01 00:15:00,GEO-01,GEO,0.29150605,0.055014275,0.40757212,0.37002438
2024-01-01 00:30:00,GEO-01,GEO,1.084707,0.004529569,0.35718876,0.028932119
2024-01-01 00:45:00,GEO-01,GEO,0.048495136,0.011189011,0.36081204,0.26012495
2024-01-01 01:00:00,GEO-01,GEO,0.5322041,0.17453398,0.5415528,-0.1559842
2024-01-01 01:15:00,GEO-01,GEO,0.9067468,0.22352289,0.5398513,0.3424277
2024-01-01 01:30:00,GEO-01,GEO,1.3917029,-0.050734237,0.5289984,0.15410398
2024-01-01 01:45:00,GEO-01,GEO,1.2916532,0.15632538,0.6584958,-0.11549361
2024-01-01 02:00:00,GEO-01,GEO,1.6527413,0.20943874,0.46817455,0.24732505
2024-01-01 02:15:00,GEO-01,GEO,1.6932925,0.1631186,0.4440802,0.1595251
2024-01-01 02:30:00,GEO-01,GEO,2.4476874,0.15353087,0.42122272,0.17534097
2024-01-01 02:45:00,GEO-01,GEO,1.8333081,0.1420957,0.78444034,0.004879286
2024-01-01 03:00:00,GEO-01,GEO,2.0054207,0.25382152,0.3226674,0.31814906
2024-01-01 03:15:00,GEO-01,GEO,2.3353844,0.21959966,1.0445818,0.044703174
2024-01-01 03:30:00,GEO-01,GEO,2.3212595,0.23097242,0.824718,0.095367335
2024-01-01 03:45:00,GEO-01,GEO,2.5319633,0.07439554,0.41698068,0.12484548
2024-01-01 04:00:00,GEO-01,GEO,1.796014,0.20792843,0.5962009,0.32634386
2024-01-01 04:15:00,GEO-01,GEO,2.4894736,0.058886543,0.20132348,-0.05731769
2024-01-01 04:30:00,GEO-01,GEO,2.3397224,0.15311548,0.32609138,-0.12248161
2024-01-01 04:45:00,GEO-01,GEO,1.9378719,0.13888322,0.43098712,-0.062461216
2024-01-01 05:00:00,GEO-01,GEO,1.5251737,0.1655654,-0.1709318,0.02146225
2024-01-01 05:15:00,GEO-01,GEO,2.384247,0.26648933,0.13262364,0.058569364
2024-01-01 05:30:00,GEO-01,GEO,2.150221,0.08469532,0.13496977,0.17547034
2024-01-01 05:45:00,GEO-01,GEO,2.0852706,0.3422405,-0.07420113,0.06087138
2024-01-01 06:00:00,GEO-01,GEO,1.8293998,0.06655264,0.47978213,0.0320386
2024-01-01 06:15:00,GEO-01,GEO,2.595759,0.013724883,0.08561368,-0.07780577
2024-01-01 06:30:00,GEO-01,GEO,1.2746128,0.15307845,-0.45073313,0.21422787
2024-01-01 06:45:00,GEO-01,GEO,1.6770226,0.21014202,0.41038224,-0.17594317
2024-01-01 07:00:00,GEO-01,GEO,1.3300666,0.20006493,0.38251215,0.16948308
2024-01-01 07:15:00,GEO-01,GEO,0.43207383,0.0064960313,0.3466414,-0.03981267
2024-01-01 07:30:00,GEO-01,GEO,1.3787303,0.07925829,-0.10360348,0.15809363
2024-01-01 07:45:00,GEO-01,GEO,0.5330678,0.056622647,-0.15746105,-0.30090424
2024-01-01 08:00:00,GEO-01,GEO,1.4482069,0.13329573,-0.07719756,-0.17680986
2024-01-01 08:15:00,GEO-01,GEO,1.3750738,0.11975275,0.16114648,-0.008892613
2024-01-01 08:30:00,GEO-01,GEO,1.050546,0.036005404,-0.08987629,-0.2156739
2024-01-01 08:45:00,GEO-01,GEO,1.0149692,0.07022806,-0.2547587,-0.09469474
2024-01-01 09:00:00,GEO-01,GEO,0.44224092,0.03590939,-0.08580227,0.0005116468
2024-01-01 09:15:00,GEO-01,GEO,0.9069684,0.05319361,0.19591692,0.013732913
2024-01-01 09:30:00,GEO-01,GEO,0.9273907,-0.0672679,0.27470446,-0.17979218
2024-01-01 09:45:00,GEO-01,GEO,0.9439727,0.10791177,-0.5184247,-0.15462296
2024-01-01 10:00:00,GEO-01,GEO,0.9450228,0.049810793,0.08432503,0.03484301
2024-01-01 10:15:00,GEO-01,GEO,-0.47859332,-0.07653186,-0.16878432,-0.09615481
2024-01-01 10:30:00,GEO-01,GEO,0.36014295,-0.115584716,-0.3833178,0.032991234
2024-01-01 10:45:00,GEO-01,GEO,-1.0687704,-0.17111929,-0.13240826,-0.0041593374
2024-01-01 11:00:00,GEO-01,GEO,0.61138433,-0.2993097,0.08142533,-0.02923356
2024-01-01 11:15:00,GEO-01,GEO,-0.24728507,0.017121572,-0.6076275,-0.06365525
2024-01-01 11:30:00,GEO-01,GEO,0.18069941,-0.121532395,-0.32832938,-0.3812953
2024-01-01 11:45:00,GEO-01,GEO,-0.22154245,0.01519889,-0.09827849,-0.14367652
2024-01-01 12:00:00,GEO-01,GEO,0.16052786,0.16358863,-0.18344276,-0.28585616
2024-01-01 12:15:00,GEO-01,GEO,0.29194158,0.05352249,-0.34768537,0.08795288
2024-01-01 12:30:00,GEO-01,GEO,-0.6290718,-0.2158144,-0.19261451,-0.1964037
2024-01-01 12:45:00,GEO-01,GEO,-0.38240054,-0.06897239,-0.45929646,0.07336076
2024-01-01 13:00:00,GEO-01,GEO,-0.3138814,-0.07377988,-0.40949702,-0.3293174
2024-01-01 13:15:00,GEO-01,GEO,0.1774461,-0.15272151,-0.17998387,-0.13730092
2024-01-01 13:30:00,GEO-01,GEO,-0.3683294,0.0028182436,-0.12775166,-0.31676075
2024-01-01 13:45:00,GEO-01,GEO,-0.38424402,-0.08816279,-0.13167377,-0.10451796
2024-01-01 14:00:00,GEO-01,GEO,0.7820765,-0.24366035,-0.20874685,-0.14233144
2024-01-01 14:15:00,GEO-01,GEO,-1.6788322,-0.025977777,-0.3007961,-0.3710583
2024-01-01 14:30:00,GEO-01,GEO,-0.20377351,-0.30450475,-0.31558576,0.10760932
2024-01-01 14:45:00,GEO-01,GEO,-0.540271,0.01559189,-0.3047366,0.029656913
2024-01-01 15:00:00,GEO-01,GEO,-0.3001227,0.01684513,-0.10624378,-0.20820487
2024-01-01 15:15:00,GEO-01,GEO,-0.31281766,-0.07310886,0.021572074,-0.0014253804
2024-01-01 15:30:00,GEO-01,GEO,-0.24482712,-0.15795572,0.08583865,-0.23449172
2024-01-01 15:45:00,GEO-01,GEO,-1.42277,-0.06165036,-0.3215545,0.04893492
2024-01-01 16:00:00,GEO-01,GEO,-0.52555615,-0.18031928,-0.27541983,0.06553494
2024-01-01 16:15:00,GEO-01,GEO,-1.0035073,0.04881563,-0.24310783,0.1539298
2024-01-01 16:30:00,GEO-01,GEO,-1.6549352,-0.048641354,-0.23355922,0.24046245
2024-01-01 16:45:00,GEO-01,GEO,-1.0459938,-0.18490307,-0.46941957,-0.085160844
2024-01-01 17:00:00,GEO-01,GEO,-2.327845,-0.12871818,-0.119985,0.0965984
2024-01-01 17:15:00,GEO-01,GEO,-1.4029583,0.21550718,0.12709282,0.10679049
2024-01-01 17:30:00,GEO-01,GEO,-1.9434793,-0.10585212,-0.6923101,-0.0477105
2024-01-01 17:45:00,GEO-01,GEO,-1.3075113,-0.14472789,-0.07091121,0.02469587
2024-01-01 18:00:00,GEO-01,GEO,-2.422327,-0.0065414435,-0.49029493,0.1268829
2024-01-01 18:15:00,GEO-01,GEO,-2.4038343,-0.17126897,-0.014858866,0.37177467
2024-01-01 18:30:00,GEO-01,GEO,-2.4377327,-0.16625763,-0.13591744,-0.0019211881
2024-01-01 18:45:00,GEO-01,GEO,-2.549708,-0.029192826,0.098081306,-0.055696554
2024-01-01 19:00:00,GEO-01,GEO,-3.1368215,-0.18236312,-0.11274209,-0.010244204
2024-01-01 19:15:00,GEO-01,GEO,-2.4749095,-0.23317625,-0.27551427,-0.004662811
2024-01-01 19:30:00,GEO-01,GEO,-2.879176,-0.027000003,-0.49686253,0.06138323
2024-01-01 19:45:00,GEO-01,GEO,-2.1004913,-0.022045242,-0.18421188,0.1953019
2024-01-01 20:00:00,GEO-01,GEO,-2.1168475,-0.32381326,-0.0143474545,0.20230506
2024-01-01 20:15:00,GEO-01,GEO,-3.1415546,-0.1692478,-0.04422759,0.028422406
2024-01-01 20:30:00,GEO-01,GEO,-2.4488816,-0.106405675,-0.23413207,0.106689975
2024-01-01 20:45:00,GEO-01,GEO,-2.3068235,-0.043987405,-0.32638898,-0.15471995
2024-01-01 21:00:00,GEO-01,GEO,-2.6858635,0.03787151,-0.04040537,0.033311587
2024-01-01 21:15:00,GEO-01,GEO,-1.5015982,-0.052965846,0.09446571,0.29025355
2024-01-01 21:30:00,GEO-01,GEO,-2.0606027,-0.040871013,0.24109006,0.08469151
2024-01-01 21:45:00,GEO-01,GEO,-1.6953323,-0.15049432,-0.08136497,0.44569477
2024-01-01 22:00:00,GEO-01,GEO,-1.9753876,-0.11822706,-0.068114266,-0.008527332
2024-01-01 22:15:00,GEO-01,GEO,-1.2681886,0.065078385,0.25643197,-0.06829567
2024-01-01 22:30:00,GEO-01,GEO,0.0032730133,-0.12440043,0.07129719,-0.08861444
2024-01-01 22:45:00,GEO-01,GEO,-1.5275574,0.059777215,0.2698216,0.16825886
2024-01-01 23:00:00,GEO-01,GEO,-0.8194374,-0.08414541,0.17962016,0.08288597
2024-01-01 23:15:00,GEO-01,GEO,-0.6225522,-0.11121322,-0.09363376,-0.10855774
2024-01-01 23:30:00,GEO-01,GEO,-0.2459599,-0.013466997,0.16532633,0.05641572
2024-01-01 23:45:00,GEO-01,GEO,-0.30807003,0.14689215,0.51143384,0.4255761
2024-01-02 00:00:00,GEO-01,GEO,-0.9333427,-0.1639453,0.53258836,0.20820819
2024-01-02 00:15:00,GEO-01,GEO,-0.3486,0.09021923,0.02738976,0.07815345
2024-01-02 00:30:00,GEO-01,GEO,0.6630859,0.095172904,0.2413789,-0.32988477
2024-01-02 00:45:00,GEO-01,GEO,-0.22561476,0.19108908,0.36882928,0.1040471
2024-01-02 01:00:00,GEO-01,GEO,1.1385676,0.10003852,0.45656696,0.115901366
2024-01-02 01:15:00,GEO-01,GEO,1.1455786,0.14878213,0.49804664,0.07723469
2024-01-02 01:30:00,GEO-01,GEO,1.3786478,-0.042417902,0.3003584,0.33665642
2024-01-02 01:45:00,GEO-01,GEO,1.6638706,0.025495686,-0.19316728,0.13060108
2024-01-02 02:00:00,GEO-01,GEO,1.5125163,0.05853409,0.2281474,0.02954369
2024-01-02 02:15:00,GEO-01,GEO,2.0110126,-0.096639656,0.62371266,0.3009477
2024-01-02 02:30:00,GEO-01,GEO,1.2664114,0.2524516,0.25306308,0.198673
2024-01-02 02:45:00,GEO-01,GEO,2.0646665,0.06732981,0.34731805,0.16868886
2024-01-02 03:00:00,GEO-01,GEO,2.1112711,0.2170082,0.25134534,-0.17489971
2024-01-02 03:15:00,GEO-01,GEO,1.6333109,0.04476709,0.114554524,-0.32945493
2024-01-02 03:30:00,GEO-01,GEO,2.0910168,0.07287388,0.08154606,-0.038120553
2024-01-02 03:45:00,GEO-01,GEO,3.22711,0.20574668,0.48301953,-0.06961821
2024-01-02 04:00:00,GEO-01,GEO,2.5303802,0.19884332,0.11226985,-0.11899163
2024-01-02 04:15:00,GEO-01,GEO,1.5519292,0.005424847,0.2285777,-0.12172864
2024-01-02 04:30:00,GEO-01,GEO,1.6392817,0.15447547,0.36624005,-0.15826645
2024-01-02 04:45:00,GEO-01,GEO,2.7062664,0.1304608,0.1891654,-0.16310327
2024-01-02 05:00:00,GEO-01,GEO,1.3132002,0.12290959,0.28587943,0.043413203
2024-01-02 05:15:00,GEO-01,GEO,2.8225715,0.16099748,-0.0757967,-0.08368315
2024-01-02 05:30:00,GEO-01,GEO,1.5207301,0.27935398,-0.12846959,-0.022338409
2024-01-02 05:45:00,GEO-01,GEO,1.9617313,0.045195747,-0.24417911,-0.24681954
2024-01-02 06:00:00,GEO-01,GEO,1.7625968,0.26635143,-0.40042904,-0.122710615
2024-01-02 06:15:00,GEO-01,GEO,1.6465563,0.14013821,-0.4641732,-0.26284987
2024-01-02 06:30:00,GEO-01,GEO,1.8703729,0.027986422,-0.0030440553,-0.017610729
2024-01-02 06:45:00,GEO-01,GEO,2.8735182,0.014684072,0.080111735,0.092580184
2024-01-02 07:00:00,GEO-01,GEO,2.1851296,0.019236919,-0.5862731,-0.09368764
2024-01-02 07:15:00,GEO-01,GEO,1.7121338,0.019999117,-0.1731285,0.03218015
2024-01-02 07:30:00,GEO-01,GEO,-0.055004723,-0.035967216,-0.3989912,-0.2086344
2024-01-02 07:45:00,GEO-01,GEO,0.91707945,0.01387057,-0.06640027,-0.28140983
2024-01-02 08:00:00,GEO-01,GEO,1.4337035,0.09936936,-0.53522867,-0.16656625
2024-01-02 08:15:00,GEO-01,GEO,0.47974056,0.044108555,-0.12540096,-0.053452317
2024-01-02 08:30:00,GEO-01,GEO,1.6459246,0.184638,-0.14683504,-0.14618328
2024-01-02 08:45:00,GEO-01,GEO,0.5891083,0.04732201,-0.38625634,-0.18751833
2024-01-02 09:00:00,GEO-01,GEO,0.3566384,0.10221225,-0.42947596,-0.019490264
2024-01-02 09:15:00,GEO-01,GEO,-0.12961958,-0.18688224,-0.25956416,-0.31173104
2024-01-02 09:30:00,GEO-01,GEO,0.15364087,0.094403885,-0.22379123,0.11058646
2024-01-02 09:45:00,GEO-01,GEO,0.5971978,0.043599598,-0.34053838,-0.28592816
2024-01-02 10:00:00,GEO-01,GEO,0.004285489,0.121539146,0.12344869,-0.27940238
2024-01-02 10:15:00,GEO-01,GEO,-0.36133155,0.064124264,-0.47383496,-0.14110316
2024-01-02 10:30:00,GEO-01,GEO,0.7581394,0.026109159,-0.2613397,-0.19448432
2024-01-02 10:45:00,GEO-01,GEO,0.4152177,0.024149707,-0.5217352,0.13796179
2024-01-02 11:00:00,GEO-01,GEO,-0.374488,-0.06415591,-0.23572354,-0.137287
2024-01-02 11:15:00,GEO-01,GEO,0.14501294,-0.0022522246,-0.5657462,-0.0050871405
2024-01-02 11:30:00,GEO-01,GEO,-0.41816065,-0.116546325,-0.19517659,-0.2915651
2024-01-02 11:45:00,GEO-01,GEO,0.08171444,-0.17388642,-0.2672691,-0.34028733
2024-01-02 12:00:00,GEO-01,GEO,-0.65818864,0.12692572,-0.31963152,-0.12790221
2024-01-02 12:15:00,GEO-01,GEO,-0.28853008,-0.09356965,-0.24755421,-0.43680304
2024-01-02 12:30:00,GEO-01,GEO,0.25099543,-0.09179223,-0.5675327,-0.2215175
2024-01-02 12:45:00,GEO-01,GEO,-1.2393417,-0.10707166,-0.3299749,-0.16950732
2024-01-02 13:00:00,GEO-01,GEO,-0.5534227,-0.14854132,-0.18698877,-0.18420275
2024-01-02 13:15:00,GEO-01,GEO,-0.59601057,-0.047750987,-0.23515835,0.026269067
2024-01-02 13:30:00,GEO-01,GEO,-1.059332,-0.044303223,-0.4070806,-0.18980204
2024-01-02 13:45:00,GEO-01,GEO,-1.0277154,0.003820292,-0.34318224,-0.32274082
2024-01-02 14:00:00,GEO-01,GEO,-1.4149407,-0.047954865,-0.42834738,-0.03137982
2024-01-02 14:15:00,GEO-01,GEO,-0.9083958,-0.2684875,-0.23114914,-0.07409102
2024-01-02 14:30:00,GEO-01,GEO,0.62174803,0.001478942,-0.34572098,0.024022628
2024-01-02 14:45:00,GEO-01,GEO,-1.563293,-0.23410492,-0.13189642,-0.20232496
2024-01-02 15:00:00,GEO-01,GEO,-0.8122631,0.056077287,-0.2927397,0.09653421
2024-01-02 15:15:00,GEO-01,GEO,-0.64741796,0.032883853,-0.52307534,-0.089165255
2024-01-02 15:30:00,GEO-01,GEO,-1.0761461,-0.21187188,-0.615124,-0.11323895
2024-01-02 15:45:00,GEO-01,GEO,-1.3109411,0.12287208,-0.5148794,0.3371476
2024-01-02 16:00:00,GEO-01,GEO,-0.2708223,-0.10991946,-0.3044499,-0.27318016
2024-01-02 16:15:00,GEO-01,GEO,-1.8866385,-0.16744296,0.0949042,0.15280649
2024-01-02 16:30:00,GEO-01,GEO,-1.6232775,-0.14252576,-0.249283,-0.017216614
2024-01-02 16:45:00,GEO-01,GEO,-1.9201086,-0.03713195,-0.61152184,-0.030025018
2024-01-02 17:00:00,GEO-01,GEO,-1.9166757,-0.13948576,-0.34664282,0.19645892
2024-01-02 17:15:00,GEO-01,GEO,-2.3558285,-0.29684994,-0.45681715,0.58028793
2024-01-02 17:30:00,GEO-01,GEO,-2.6634662,-0.20469736,-0.65993875,0.1533291
2024-01-02 17:45:00,GEO-01,GEO,-2.4982407,-0.21628225,-0.88856655,0.21408936
2024-01-02 18:00:00,GEO-01,GEO,-3.060342,-0.109169886,-0.67670226,0.23293534
2024-01-02 18:15:00,GEO-01,GEO,-2.7779617,-0.3351699,-0.31262913,0.22319227
2024-01-02 18:30:00,GEO-01,GEO,-2.1340976,0.14937943,-0.39917496,0.23502432
2024-01-02 18:45:00,GEO-01,GEO,-1.7373617,-0.11246719,0.01146707,0.21474555
2024-01-02 19:00:00,GEO-01,GEO,-1.9622504,-0.17642651,-0.74257195,0.46302655
2024-01-02 19:15:00,GEO-01,GEO,-3.22733,-0.1779624,-0.34361956,0.44255647
2024-01-02 19:30:00,GEO-01,GEO,-3.6610432,-0.21680214,0.048244774,0.48177904
2024-01-02 19:45:00,GEO-01,GEO,-2.6166291,-0.067894876,-0.14212814,-0.12881549
2024-01-02 20:00:00,GEO-01,GEO,-2.9074059,-0.19418651,-0.22965176,0.15436012
2024-01-02 20:15:00,GEO-01,GEO,-2.5622585,-0.0967264,-0.36086696,0.09529342
2024-01-02 20:30:00,GEO-01,GEO,-2.2690458,-0.01907102,-0.18951263,0.25009504
2024-01-02 20:45:00,GEO-01,GEO,-2.0742877,-0.088409774,-0.1132558,-0.043574337
2024-01-02 21:00:00,GEO-01,GEO,-1.6222708,-0.09900835,-0.14974976,0.118296415
2024-01-02 21:15:00,GEO-01,GEO,-2.7689846,-0.036176667,0.26823494,0.20690797
2024-01-02 21:30:00,GEO-01,GEO,-2.252682,0.110229775,-0.39836866,0.16504401
2024-01-02 21:45:00,GEO-01,GEO,-1.8465813,-0.116438456,-0.010394061,0.060304713
2024-01-02 22:00:00,GEO-01,GEO,-1.5738533,0.06743586,-0.094081685,0.21477176
2024-01-02 22:15:00,GEO-01,GEO,-2.2899306,-0.0054603177,-0.01549469,0.18872535
2024-01-02 22:30:00,GEO-01,GEO,-1.3652147,-0.062081024,-0.090020426,0.1328331
2024-01-02 22:45:00,GEO-01,GEO,-1.5485468,-0.030776845,0.11439087,0.20684935
2024-01-02 23:00:00,GEO-01,GEO,-0.5355055,-0.017370217,0.15287605,0.22002083
2024-01-02 23:15:00,GEO-01,GEO,-0.8773984,-0.094690174,0.15535806,0.29340068
2024-01-02 23:30:00,GEO-01,GEO,-1.7532365,-0.05134805,0.25040326,0.33015078
2024-01-02 23:45:00,GEO-01,GEO,-0.78529775,0.03047299,0.4719296,-0.25393462
2024-01-03 00:00:00,GEO-01,GEO,-0.79198784,0.04842107,0.3722179,0.3016071
2024-01-03 00:15:00,GEO-01,GEO,0.6457521,-0.0024887496,0.5961221,0.09204927
2024-01-03 00:30:00,GEO-01,GEO,-0.2486156,-0.008162128,-0.07207262,0.32482877
2024-01-03 00:45:00,GEO-01,GEO,0.14844477,0.40878507,0.45985702,0.18336543
2024-01-03 01:00:00,GEO-01,GEO,0.2974165,0.060870636,0.38076046,0.2409251
2024-01-03 01:15:00,GEO-01,GEO,0.71574545,-0.057471205,0.34747732,0.37832454
2024-01-03 01:30:00,GEO-01,GEO,1.42337,0.01574687,0.25992146,0.32315567
2024-01-03 01:45:00,GEO-01,GEO,1.2136315,0.07144395,0.23069814,0.24588348
2024-01-03 02:00:00,GEO-01,GEO,1.7166423,0.0052163904,0.77223885,-0.031764124
2024-01-03 02:15:00,GEO-01,GEO,2.35211,0.06288633,0.7781627,0.029092377
2024-01-03 02:30:00,GEO-01,GEO,1.9538951,0.112956315,0.17266582,0.060079098
2024-01-03 02:45:00,GEO-01,GEO,2.0388796,-0.007553433,0.49864104,-0.008152668
2024-01-03 03:00:00,GEO-01,GEO,2.6156013,0.061729945,0.27451542,0.022618076
2024-01-03 03:15:00,GEO-01,GEO,2.146966,0.13565108,-0.19906132,0.21034391
2024-01-03 03:30:00,GEO-01,GEO,2.872645,0.15729082,0.1552837,0.08019685
2024-01-03 03:45:00,GEO-01,GEO,1.6923424,0.15532316,0.38286737,-0.17942636
2024-01-03 04:00:00,GEO-01,GEO,2.656866,0.0065374104,0.24581957,-0.20534651
2024-01-03 04:15:00,GEO-01,GEO,1.7292744,0.2261765,0.30930316,0.09223078
2024-01-03 04:30:00,GEO-01,GEO,2.1183238,0.14150983,0.07711558,-0.09930707
2024-01-03 04:45:00,GEO-01,GEO,2.9841766,0.17532855,0.009459032,-0.20029855
2024-01-03 05:00:00,GEO-01,GEO,2.2641137,0.21074909,0.33852342,0.14955397
2024-01-03 05:15:00,GEO-01,GEO,3.0652409,0.12433433,-0.15300095,0.004536185
2024-01-03 05:30:00,GEO-01,GEO,1.887661,0.17875747,0.24875794,0.24150674
2024-01-03 05:45:00,GEO-01,GEO,1.7150735,0.092644565,-0.2923989,0.13040726
2024-01-03 06:00:00,GEO-01,GEO,0.6476172,0.2559604,-0.14665778,-0.028118545
2024-01-03 06:15:00,GEO-01,GEO,1.301666,0.15394154,-0.22412492,-0.01774081
2024-01-03 06:30:00,GEO-01,GEO,1.3632611,-0.10156858,-0.30845904,0.1330097
2024-01-03 06:45:00,GEO-01,GEO,0.896329,0.00652183,0.002460623,-0.23693635
2024-01-03 07:00:00,GEO-01,GEO,0.88679284,0.17414932,0.014619737,-0.016875746
2024-01-03 07:15:00,GEO-01,GEO,1.5782341,0.18070157,-0.06324668,-0.06709537
2024-01-03 07:30:00,GEO-01,GEO,2.0473506,-0.074517734,-0.16433294,-0.39409044
2024-01-03 07:45:00,GEO-01,GEO,1.1598886,0.14287595,0.18858318,-0.15078934
2024-01-03 08:00:00,GEO-01,GEO,0.7133759,0.082763314,-0.14145184,-0.11969923
2024-01-03 08:15:00,GEO-01,GEO,0.97603893,0.28947946,-0.07025008,0.1681439
2024-01-03 08:30:00,GEO-01,GEO,1.038536,0.15586582,-0.49643397,-0.33364263
2024-01-03 08:45:00,GEO-01,GEO,0.22499998,-0.0035381117,0.42871505,0.038820367
2024-01-03 09:00:00,GEO-01,GEO,1.1713736,-0.04344293,0.07257989,-0.010021125
2024-01-03 09:15:00,GEO-01,GEO,0.87418324,-0.0035004637,-0.3099176,-0.10430848
2024-01-03 09:30:00,GEO-01,GEO,0.42652458,-0.023441238,-0.18470421,-0.0054057967
2024-01-03 09:45:00,GEO-01,GEO,0.9099866,0.030374402,-0.21955657,-0.103045255
2024-01-03 10:00:00,GEO-01,GEO,0.0633143,-0.035237193,-0.030888125,-0.035692237
2024-01-03 10:15:00,GEO-01,GEO,-0.23581359,-0.14661711,-0.13021268,-0.047821417
2024-01-03 10:30:00,GEO-01,GEO,0.121885374,0.012870032,0.13628125,-0.051830586
2024-01-03 10:45:00,GEO-01,GEO,-0.07662148,0.06418569,-0.30201235,-0.14429103
2024-01-03 11:00:00,GEO-01,GEO,0.5294113,-0.0317923,-0.14761661,-0.09761701
2024-01-03 11:15:00,GEO-01,GEO,-0.33662447,-0.054937523,-0.45352584,-0.005800776
2024-01-03 11:30:00,GEO-01,GEO,0.42087322,-0.12463415,-0.26111612,-0.23058763
2024-01-03 11:45:00,GEO-01,GEO,-0.5189243,0.07607314,0.2330192,-0.05279121
2024-01-03 12:00:00,GEO-01,GEO,0.64882654,-0.16647874,-0.24735531,-0.2375307
2024-01-03 12:15:00,GEO-01,GEO,0.7102108,-0.14731187,-0.55065095,-0.09129267
2024-01-03 12:30:00,GEO-01,GEO,-0.19269516,-0.21359192,0.34667477,-0.36323738
2024-01-03 12:45:00,GEO-01,GEO,-0.58472353,-0.17592256,-0.07824367,-0.38691354
2024-01-03 13:00:00,GEO-01,GEO,0.7288054,-0.013310668,-0.4346681,-0.44555077
2024-01-03 13:15:00,GEO-01,GEO,-0.894623,-0.2994186,-0.44100338,-0.41035825
2024-01-03 13:30:00,GEO-01,GEO,-0.88590294,-0.14539398,-0.5009435,0.122541346
2024-01-03 13:45:00,GEO-01,GEO,0.8813993,-0.0023866815,-0.5535288,-0.0558463
2024-01-03 14:00:00,GEO-01,GEO,-0.7993554,-0.14498864,0.11100914,-0.025643155
2024-01-03 14:15:00,GEO-01,GEO,-0.37156937,-0.013012411,-0.23551327,-0.27800202
2024-01-03 14:30:00,GEO-01,GEO,-0.7755509,-0.21064873,-0.31171498,-0.16570166
2024-01-03 14:45:00,GEO-01,GEO,-0.9111796,0.10323212,-0.43117774,-0.09349263
2024-01-03 15:00:00,GEO-01,GEO,-0.37002233,-0.023247227,-0.21197143,-0.19565661
2024-01-03 15:15:00,GEO-01,GEO,-0.77556425,0.026213232,-0.20876001,0.010539055
2024-01-03 15:30:00,GEO-01,GEO,-0.96146685,0.0072019678,-0.2182441,-0.2747423
2024-01-03 15:45:00,GEO-01,GEO,-1.4212925,-0.14526224,-0.006052669,0.017488573
2024-01-03 16:00:00,GEO-01,GEO,-0.11547769,-0.038739506,-0.09887511,0.18858393
2024-01-03 16:15:00,GEO-01,GEO,-1.6387581,-0.1884994,-0.23734629,0.13958962
2024-01-03 16:30:00,GEO-01,GEO,-0.7282792,-0.04245156,-0.050815247,-0.3101792
2024-01-03 16:45:00,GEO-01,GEO,-1.4008545,-0.36584058,-0.13634712,-0.30640185
2024-01-03 17:00:00,GEO-01,GEO,-1.654756,-0.12736565,-0.037081733,-0.15502857
2024-01-03 17:15:00,GEO-01,GEO,-1.691986,-0.3576126,-0.06482999,0.17647743
2024-01-03 17:30:00,GEO-01,GEO,-1.8146632,-0.08514207,0.05816973,-0.29557833
2024-01-03 17:45:00,GEO-01,GEO,-2.8185158,-0.05273653,-0.07637348,-0.20168555
2024-01-03 18:00:00,GEO-01,GEO,-2.0343614,-0.055442728,0.026702844,0.13153696
2024-01-03 18:15:00,GEO-01,GEO,-2.4157672,-0.051531035,0.07889808,-0.22633491
2024-01-03 18:30:00,GEO-01,GEO,-3.5990598,-0.11351601,-0.13359788,-0.0818897
2024-01-03 18:45:00,GEO-01,GEO,-2.0203412,0.0008730609,0.25948367,-0.03774958
2024-01-03 19:00:00,GEO-01,GEO,-2.4833875,-0.0375987,0.052964345,-0.06089743
2024-01-03 19:15:00,GEO-01,GEO,-2.0446362,-0.054217245,0.094143964,0.4464132
2024-01-03 19:30:00,GEO-01,GEO,-2.6040413,-0.11116224,-0.2403514,0.19743514
2024-01-03 19:45:00,GEO-01,GEO,-2.828445,-0.08980685,0.19123092,-0.08495498
2024-01-03 20:00:00,GEO-01,GEO,-2.255946,-0.13166057,0.14938803,0.07847967
2024-01-03 20:15:00,GEO-01,GEO,-2.8728347,-0.25477153,0.5827726,0.18842566
2024-01-03 20:30:00,GEO-01,GEO,-2.6083326,-0.043653846,0.10103949,0.03856935
2024-01-03 20:45:00,GEO-01,GEO,-1.6394008,0.06287447,0.23614532,-0.014658511
2024-01-03 21:00:00,GEO-01,GEO,-1.9775438,-0.052493922,0.27712977,0.009507626
2024-01-03 21:15:00,GEO-01,GEO,-2.2827208,-0.10086775,0.20615764,0.0356674
2024-01-03 21:30:00,GEO-01,GEO,-1.8744705,-0.08347092,0.38564643,0.13611294
2024-01-03 21:45:00,GEO-01,GEO,-1.3211404,-0.098102525,0.322605,-0.07642274
2024-01-03 22:00:00,GEO-01,GEO,-1.3803767,-0.07530161,0.6489977,-0.040467676
2024-01-03 22:15:00,GEO-01,GEO,-0.86102694,0.20608193,0.55232537,0.087292686
2024-01-03 22:30:00,GEO-01,GEO,-1.4135352,-0.13049982,0.27476537,-0.06569382
2024-01-03 22:45:00,GEO-01,GEO,-1.100981,0.032913115,0.16664523,0.023867296
2024-01-03 23:00:00,GEO-01,GEO,-1.3395448,-0.031383015,0.6150516,0.048169933
2024-01-03 23:15:00,GEO-01,GEO,0.013991238,-0.013573618,0.47038954,0.176691
2024-01-03 23:30:00,GEO-01,GEO,-0.5754391,0.04450776,0.900471,-0.16849448
2024-01-03 23:45:00,GEO-01,GEO,-0.7358086,0.07297874,0.55321425,-0.12174082
2024-01-04 00:00:00,GEO-01,GEO,-0.36645728,0.2974209,0.4730273,0.0098665925
2024-01-04 00:15:00,GEO-01,GEO,0.8383019,0.21102399,1.0276752,0.02291819
2024-01-04 00:30:00,GEO-01,GEO,-0.08906352,0.21250929,0.9773967,0.3916481
2024-01-04 00:45:00,GEO-01,GEO,0.3918817,0.14415172,0.76868486,0.015137081
2024-01-04 01:00:00,GEO-01,GEO,1.0563216,-0.03960334,0.9445018,-0.21276495
2024-01-04 01:15:00,GEO-01,GEO,0.61037904,0.0714065,0.6312641,0.091658086
2024-01-04 01:30:00,GEO-01,GEO,2.1388505,0.016091038,0.5407663,-0.13679212
2024-01-04 01:45:00,GEO-01,GEO,1.5488577,0.039272506,0.83214784,0.10422322
2024-01-04 02:00:00,GEO-01,GEO,1.3910862,0.020704186,0.80087453,0.05735596
2024-01-04 02:15:00,GEO-01,GEO,1.7508554,0.032573298,1.0719173,-0.16361272
2024-01-04 02:30:00,GEO-01,GEO,1.8722575,0.22086357,0.3834168,-0.16376884
2024-01-04 02:45:00,GEO-01,GEO,1.6282239,0.13605863,0.9583163,0.38584718
2024-01-04 03:00:00,GEO-01,GEO,2.313761,0.13199632,0.805558,-0.04702923
2024-01-04 03:15:00,GEO-01,GEO,2.396772,0.17199744,0.8483884,0.19685815
2024-01-04 03:30:00,GEO-01,GEO,2.5031548,0.16921182,0.6828262,-0.032929137
2024-01-04 03:45:00,GEO-01,GEO,2.0979307,-0.006773862,0.65292025,-0.1910724
2024-01-04 04:00:00,GEO-01,GEO,2.3945086,0.2938495,0.9311641,-0.29812118
2024-01-04 04:15:00,GEO-01,GEO,2.020026,-0.019474369,0.86144066,0.14233068
2024-01-04 04:30:00,GEO-01,GEO,2.516751,0.22571848,1.0717329,0.015707424
2024-01-04 04:45:00,GEO-01,GEO,2.6869068,0.29445758,0.6774385,0.09739586
2024-01-04 05:00:00,GEO-01,GEO,1.2656558,-0.042750854,0.88806844,-0.13627687
2024-01-04 05:15:00,GEO-01,GEO,1.6078246,0.060456503,0.46932355,-0.051216062
2024-01-04 05:30:00,GEO-01,GEO,2.5515306,0.18355699,0.82580096,-0.2780199
2024-01-04 05:45:00,GEO-01,GEO,2.1051764,-0.022943465,0.6337838,-0.14641348
2024-01-04 06:00:00,GEO-01,GEO,1.7941629,0.3333531,0.47852767,-0.24961333
2024-01-04 06:15:00,GEO-01,GEO,1.5337946,0.13658698,0.42508572,-0.090171285
2024-01-04 06:30:00,GEO-01,GEO,1.976319,-0.0355163,0.69995195,-0.12773311
2024-01-04 06:45:00,GEO-01,GEO,1.4234916,-0.063998945,0.20010923,-0.19473651
2024-01-04 07:00:00,GEO-01,GEO,2.0104537,0.058657255,0.1943518,-0.24880254
2024-01-04 07:15:00,GEO-01,GEO,0.9903467,-0.038392995,-0.11351194,-0.31676608
2024-01-04 07:30:00,GEO-01,GEO,1.2806003,0.10254105,0.24963658,0.02485773
2024-01-04 07:45:00,GEO-01,GEO,2.2263768,0.24171014,0.28951573,-0.40031233
2024-01-04 08:00:00,GEO-01,GEO,0.88922495,0.13852674,0.13810293,-0.118898734
2024-01-04 08:15:00,GEO-01,GEO,1.1763625,0.019956281,0.1633016,-0.13301088
2024-01-04 08:30:00,GEO-01,GEO,1.0607677,0.08798153,0.5242699,-0.08032686
2024-01-04 08:45:00,GEO-01,GEO,1.0320994,0.081893556,0.45939553,-0.16873889
2024-01-04 09:00:00,GEO-01,GEO,-0.0545469,-0.0947975,0.1553528,-0.1637239
2024-01-04 09:15:00,GEO-01,GEO,0.62453604,-0.1878193,0.33587882,-0.18244104
2024-01-04 09:30:00,GEO-01,GEO,0.21530473,-0.22984807,0.44820264,-0.12979029
2024-01-04 09:45:00,GEO-01,GEO,0.5704158,-0.062073905,0.17993225,-0.04313885
2024-01-04 10:00:00,GEO-01,GEO,0.38579264,-0.06494175,0.04319742,-0.2839648
2024-01-04 10:15:00,GEO-01,GEO,0.43012246,0.06542594,0.09837381,-0.09718739
2024-01-04 10:30:00,GEO-01,GEO,-0.18575652,-0.0058700293,0.11615948,-0.30227515
2024-01-04 10:45:00,GEO-01,GEO,0.13726282,0.057314534,0.24342464,-0.30921692
2024-01-04 11:00:00,GEO-01,GEO,0.95872355,0.013091382,0.35261455,-0.348182
2024-01-04 11:15:00,GEO-01,GEO,0.42896137,0.08627572,0.15226585,-0.27842024
2024-01-04 11:30:00,GEO-01,GEO,0.055937033,-0.23715037,-0.07406259,0.0341461
2024-01-04 11:45:00,GEO-01,GEO,0.6325852,0.0751753,0.26582146,-0.07958538
2024-01-04 12:00:00,GEO-01,GEO,-0.3215969,-0.038737275,-0.10695104,-0.33816195
2024-01-04 12:15:00,GEO-01,GEO,0.7272513,-0.14844328,0.254371,-0.089198545
2024-01-04 12:30:00,GEO-01,GEO,-0.01733683,-0.12539065,0.48496002,-0.2337105
2024-01-04 12:45:00,GEO-01,GEO,-0.90250343,-0.17226867,0.79219615,-0.23566255
2024-01-04 13:00:00,GEO-01,GEO,-0.36859983,-0.15503538,0.43865168,0.32501355
2024-01-04 13:15:00,GEO-01,GEO,-0.04444613,-0.23009722,0.31528467,0.13540679
2024-01-04 13:30:00,GEO-01,GEO,0.2219861,-0.018069886,-0.1358804,-0.055141788
2024-01-04 13:45:00,GEO-01,GEO,-0.64614916,-0.0852523,0.29420123,0.0031787003
2024-01-04 14:00:00,GEO-01,GEO,0.18177041,0.007215457,0.25257823,0.11930863
2024-01-04 14:15:00,GEO-01,GEO,-0.12967339,-0.14095141,0.1519098,-0.1427395
2024-01-04 14:30:00,GEO-01,GEO,-0.7656509,-0.15085056,0.5738436,-0.17377153
2024-01-04 14:45:00,GEO-01,GEO,-0.2797873,0.024924794,0.07842727,-0.0129154865
2024-01-04 15:00:00,GEO-01,GEO,-1.2094628,-0.06230594,-0.09497363,-0.043462947
2024-01-04 15:15:00,GEO-01,GEO,-1.7294426,-0.15637611,0.40983775,0.09087466
2024-01-04 15:30:00,GEO-01,GEO,0.12622385,-0.11583571,0.45651737,0.09402318
2024-01-04 15:45:00,GEO-01,GEO,-0.47249505,-0.038150392,0.51600397,0.19182067
2024-01-04 16:00:00,GEO-01,GEO,-0.20374338,-0.103511095,0.5973167,-0.04482598
2024-01-04 16:15:00,GEO-01,GEO,-1.2838321,-0.24292645,0.33208463,0.064624086
2024-01-04 16:30:00,GEO-01,GEO,-0.68858,-0.115340546,0.08962351,0.10678689
2024-01-04 16:45:00,GEO-01,GEO,-0.8755479,-0.103871696,-0.1644852,0.28985116
2024-01-04 17:00:00,GEO-01,GEO,-1.1020347,-0.21503085,-0.06385023,-0.04189146
2024-01-04 17:15:00,GEO-01,GEO,-1.8661069,-0.092887476,0.51685786,-0.06664159
2024-01-04 17:30:00,GEO-01,GEO,-1.9186038,-0.28596961,0.22164191,0.21908854
2024-01-04 17:45:00,GEO-01,GEO,-2.0544946,-0.0991036,0.047434002,0.2767869
2024-01-04 18:00:00,GEO-01,GEO,-2.6332374,-0.27219883,0.1266101,0.209864
2024-01-04 18:15:00,GEO-01,GEO,-2.001633,-0.21625322,0.009012496,0.3093594
2024-01-04 18:30:00,GEO-01,GEO,-1.7917782,-0.080305055,0.120578304,0.21219599
2024-01-04 18:45:00,GEO-01,GEO,-1.4922318,-0.12916896,0.25813127,-0.017206293
2024-01-04 19:00:00,GEO-01,GEO,-1.9381477,-0.17264237,0.30671337,0.17551021
2024-01-04 19:15:00,GEO-01,GEO,-1.8139157,-0.1459622,-0.09034737,0.15464096
2024-01-04 19:30:00,GEO-01,GEO,-2.243017,-0.12391367,0.11154442,0.2659374
2024-01-04 19:45:00,GEO-01,GEO,-1.4969925,-0.12254109,0.41670415,0.030351803
2024-01-04 20:00:00,GEO-01,GEO,-2.626061,-0.0971935,0.45551196,0.08622884
2024-01-04 20:15:00,GEO-01,GEO,-2.6323516,-0.07947548,0.56278235,0.3101857
2024-01-04 20:30:00,GEO-01,GEO,-2.7718072,-0.009392165,0.46431553,0.26074195
2024-01-04 20:45:00,GEO-01,GEO,-1.1500932,-0.25590035,0.5138443,0.23250176
2024-01-04 21:00:00,GEO-01,GEO,-1.9150908,-0.15541878,0.48448193,0.32082215
2024-01-04 21:15:00,GEO-01,GEO,-2.119817,-0.09753931,0.6759642,0.20446219
2024-01-04 21:30:00,GEO-01,GEO,-1.2621195,0.1329098,0.6501193,0.38480222
2024-01-04 21:45:00,GEO-01,GEO,-0.90872747,-0.03670342,0.8371904,0.12703092
2024-01-04 22:00:00,GEO-01,GEO,-1.8255577,-0.0030849022,0.5673509,0.0862452
2024-01-04 22:15:00,GEO-01,GEO,-0.16033222,-0.038848016,0.31911346,0.20677154
2024-01-04 22:30:00,GEO-01,GEO,-0.91330016,-0.09394654,0.9034642,0.44355667
2024-01-04 22:45:00,GEO-01,GEO,-0.07553688,-0.02318751,0.7711943,0.21587412
2024-01-04 23:00:00,GEO-01,GEO,-0.98697406,0.039022997,0.84332883,0.11401216
2024-01-04 23:15:00,GEO-01,GEO,-0.7670696,-0.065515645,0.8815073,0.097053505
2024-01-04 23:30:00,GEO-01,GEO,0.0711485,0.09925877,0.8234162,0.06513197
2024-01-04 23:45:00,GEO-01,GEO,-0.787536,0.29838434,0.6517349,0.024562541
2024-01-05 00:00:00,GEO-01,GEO,-0.31800678,0.04816372,0.9619988,0.037099387
2024-01-05 00:15:00,GEO-01,GEO,-0.81451464,-0.025459627,0.7484715,0.08471376
2024-01-05 00:30:00,GEO-01,GEO,0.55954015,0.060122192,1.0342743,0.209485
2024-01-05 00:45:00,GEO-01,GEO,0.7503805,0.20808773,0.94990265,0.06246887
2024-01-05 01:00:00,GEO-01,GEO,1.2090709,0.09017997,0.49771813,0.27879685
2024-01-05 01:15:00,GEO-01,GEO,1.529351,-0.02235862,1.1247119,0.29458195
2024-01-05 01:30:00,GEO-01,GEO,1.3169516,0.18136151,0.69997436,0.16286114
2024-01-05 01:45:00,GEO-01,GEO,1.1565282,0.22738604,0.947656,0.15056857
2024-01-05 02:00:00,GEO-01,GEO,1.4134724,-0.086948484,1.2451893,0.14047946
2024-01-05 02:15:00,GEO-01,GEO,1.7810061,0.18622766,0.4797613,0.14355472
2024-01-05 02:30:00,GEO-01,GEO,2.2554202,0.17315225,0.7077878,0.30940282
2024-01-05 02:45:00,GEO-01,GEO,2.2140236,0.04534788,0.776938,0.060169693
2024-01-05 03:00:00,GEO-01,GEO,2.2315934,0.20868477,1.0603552,0.08130119
2024-01-05 03:15:00,GEO-01,GEO,3.025967,0.31404114,0.96103156,0.32096198
2024-01-05 03:30:00,GEO-01,GEO,2.3279989,0.1658362,0.8349606,0.1262148
2024-01-05 03:45:00,GEO-01,GEO,1.9826816,0.19242844,0.61364543,0.20069833
2024-01-05 04:00:00,GEO-01,GEO,2.0341835,0.1620144,0.8904455,0.015511133
2024-01-05 04:15:00,GEO-01,GEO,2.2947817,0.15768476,0.4587132,-0.22404824
2024-01-05 04:30:00,GEO-01,GEO,2.7862484,-0.069690466,0.9174159,-0.09625011
2024-01-05 04:45:00,GEO-01,GEO,2.7634442,-0.016539743,0.5686782,0.21607432
2024-01-05 05:00:00,GEO-01,GEO,2.161284,0.18665698,0.6733289,0.23697843
2024-01-05 05:15:00,GEO-01,GEO,2.1291919,0.12931585,0.7799759,0.021053335
2024-01-05 05:30:00,GEO-01,GEO,2.4358213,0.0821411,0.8899667,0.19416697
2024-01-05 05:45:00,GEO-01,GEO,2.811698,0.23227191,0.48766637,0.106183946
2024-01-05 06:00:00,GEO-01,GEO,1.866056,0.09140124,0.61309034,-0.15025765
2024-01-05 06:15:00,GEO-01,GEO,1.9891613,0.067126796,0.297066,0.16140142
2024-01-05 06:30:00,GEO-01,GEO,2.0571525,0.025177889,0.36646804,0.028863119
2024-01-05 06:45:00,GEO-01,GEO,0.96943617,0.16352168,0.1969815,-0.19234872
2024-01-05 07:00:00,GEO-01,GEO,1.3828686,-0.1310335,0.42067704,-0.029614268
2024-01-05 07:15:00,GEO-01,GEO,1.6475189,0.23174301,0.52870333,-0.044479847
2024-01-05 07:30:00,GEO-01,GEO,1.0367247,0.13749635,0.4124803,-0.013061622
2024-01-05 07:45:00,GEO-01,GEO,1.0503558,0.05234068,0.3720113,0.14523536
2024-01-05 08:00:00,GEO-01,GEO,0.75256,0.05321385,0.3111085,-0.33258152
2024-01-05 08:15:00,GEO-01,GEO,0.38585886,0.07292122,0.13740209,0.14951982
2024-01-05 08:30:00,GEO-01,GEO,0.27321535,-0.028527403,-0.06648386,-0.27542087
2024-01-05 08:45:00,GEO-01,GEO,0.8278668,0.072043724,0.11670517,0.10013884
2024-01-05 09:00:00,GEO-01,GEO,0.606934,0.0050068763,0.29407728,0.036336545
2024-01-05 09:15:00,GEO-01,GEO,1.1165972,0.08572634,0.182258,-0.034984175
2024-01-05 09:30:00,GEO-01,GEO,0.14677684,-0.11490536,0.33395338,-0.1455182
2024-01-05 09:45:00,GEO-01,GEO,0.23000073,0.17276257,-0.08097871,-0.2325433
2024-01-05 10:00:00,GEO-01,GEO,0.307037,-0.101132736,-0.48726302,0.015044632
2024-01-05 10:15:00,GEO-01,GEO,0.35228094,-0.11316751,0.18365897,-0.14854999
2024-01-05 10:30:00,GEO-01,GEO,1.1397684,-0.13167633,-0.16849612,0.09745912
2024-01-05 10:45:00,GEO-01,GEO,0.5680491,0.0029260225,0.13805571,-0.022538826
2024-01-05 11:00:00,GEO-01,GEO,0.04363281,0.12375114,0.0076033873,-0.41477475
2024-01-05 11:15:00,GEO-01,GEO,0.97166,-0.1537821,-0.24078476,0.33146784
2024-01-05 11:30:00,GEO-01,GEO,-0.29701394,-0.04585695,0.37642995,0.14233916
2024-01-05 11:45:00,GEO-01,GEO,0.6566762,0.019081583,0.18123451,-0.08764482
2024-01-05 12:00:00,GEO-01,GEO,0.116700225,0.021537509,-0.09185462,-0.30090716
2024-01-05 12:15:00,GEO-01,GEO,-0.032781526,-0.16665989,0.03251584,-0.26119414
2024-01-05 12:30:00,GEO-01,GEO,-0.5567463,-0.10000431,0.4340479,0.024812398
2024-01-05 12:45:00,GEO-01,GEO,0.5336195,-0.14165308,0.22221014,0.027920168
2024-01-05 13:00:00,GEO-01,GEO,-1.1714668,-0.011766347,0.23651695,0.07151034
2024-01-05 13:15:00,GEO-01,GEO,-0.16677485,-0.009630747,0.1087063,-0.057945054
2024-01-05 13:30:00,GEO-01,GEO,-0.37590072,0.055686343,0.3064948,-0.44469815
2024-01-05 13:45:00,GEO-01,GEO,0.099710986,-0.073435076,0.6264282,-0.19072704
2024-01-05 14:00:00,GEO-01,GEO,-0.7262208,-0.008718197,-0.3742128,-0.20984693
2024-01-05 14:15:00,GEO-01,GEO,-0.6614541,0.020803787,-0.09472461,-0.008824258
2024-01-05 14:30:00,GEO-01,GEO,0.18182012,-0.075673565,-0.11339035,0.03800736
2024-01-05 14:45:00,GEO-01,GEO,0.8565214,-0.10656546,0.26171318,-0.09399425
2024-01-05 15:00:00,GEO-01,GEO,-0.38013667,-0.17205322,0.3675879,-0.105949774
2024-01-05 15:15:00,GEO-01,GEO,-1.1290811,-0.19019029,0.033401985,0.02325494
2024-01-05 15:30:00,GEO-01,GEO,-0.8341368,-0.015519112,-0.076376654,-0.23211175
2024-01-05 15:45:00,GEO-01,GEO,-0.50026846,-0.0024910686,-0.06859962,-0.06914374
2024-01-05 16:00:00,GEO-01,GEO,-0.26529884,-0.11782143,0.0525935,-0.03638794
2024-01-05 16:15:00,GEO-01,GEO,-0.16301872,-0.16332607,-0.029080769,-0.0015107051
2024-01-05 16:30:00,GEO-01,GEO,-0.52528596,0.029189235,0.046987195,0.018764261
2024-01-05 16:45:00,GEO-01,GEO,-0.49130845,-0.26461053,0.23232996,-0.14362934
2024-01-05 17:00:00,GEO-01,GEO,-1.0448998,-0.09109431,0.076617986,-0.12332364
2024-01-05 17:15:00,GEO-01,GEO,-1.5689481,-0.18119271,0.42275023,-0.13297611
2024-01-05 17:30:00,GEO-01,GEO,-1.4321505,-0.20380446,0.059807114,0.0344626
2024-01-05 17:45:00,GEO-01,GEO,-1.2529472,0.0102102095,0.38405332,0.10679738
2024-01-05 18:00:00,GEO-01,GEO,-1.8378894,-0.20988643,0.55453414,-0.08002672
2024-01-05 18:15:00,GEO-01,GEO,-2.5134814,-0.044687953,0.45604265,-0.24588838
2024-01-05 18:30:00,GEO-01,GEO,-1.7336836,-0.113576956,-0.18876198,0.24957082
2024-01-05 18:45:00,GEO-01,GEO,-1.2448772,-0.20312016,-0.13338552,-0.0722139
2024-01-05 19:00:00,GEO-01,GEO,-2.0428097,-0.0168526,0.2445826,-0.14559437
2024-01-05 19:15:00,GEO-01,GEO,-1.6008501,0.023030302,0.118482605,0.2315981
2024-01-05 19:30:00,GEO-01,GEO,-2.3713999,0.09639505,0.33788538,0.017913233
2024-01-05 19:45:00,GEO-01,GEO,-2.43192,-0.31678796,0.2576596,-0.06728539
2024-01-05 20:00:00,GEO-01,GEO,-2.0748458,-0.098938316,0.58183545,0.15664795
2024-01-05 20:15:00,GEO-01,GEO,-2.5055013,-0.14077221,0.32155678,0.28644598
2024-01-05 20:30:00,GEO-01,GEO,-3.3720517,-0.04373612,0.777113,0.121795274
2024-01-05 20:45:00,GEO-01,GEO,-1.9588393,-0.26553044,0.6062485,-0.16681696
2024-01-05 21:00:00,GEO-01,GEO,-3.3661516,-0.2116007,0.30274802,-0.106875606
2024-01-05 21:15:00,GEO-01,GEO,-2.31547,-0.18369687,0.5989981,0.15987661
2024-01-05 21:30:00,GEO-01,GEO,-1.4652107,0.052093677,0.8820108,0.13306163
2024-01-05 21:45:00,GEO-01,GEO,-2.0128148,-0.0014313274,0.42619762,0.019901969
2024-01-05 22:00:00,GEO-01,GEO,-2.034768,-0.084052235,0.9622461,0.037101883
2024-01-05 22:15:00,GEO-01,GEO,-1.496412,-0.11282291,0.98176616,0.003458352
2024-01-05 22:30:00,GEO-01,GEO,-1.1570235,0.044869255,0.9305907,0.060469877
2024-01-05 22:45:00,GEO-01,GEO,-1.3917298,0.026073053,0.9141169,0.25985923
2024-01-05 23:00:00,GEO-01,GEO,0.2679671,-0.009086342,0.28333208,0.046596278
2024-01-05 23:15:00,GEO-01,GEO,-0.090952516,0.04662766,0.64922655,0.021060009
2024-01-05 23:30:00,GEO-01,GEO,0.2075226,0.18534306,1.0546443,0.16758813
2024-01-05 23:45:00,GEO-01,GEO,-0.33307862,0.115533456,1.2177831,0.013456488
2024-01-06 00:00:00,GEO-01,GEO,0.1673934,0.038620237,1.1129128,0.08103268
2024-01-06 00:15:00,GEO-01,GEO,-0.7779171,0.040644214,1.0360671,0.19587474
2024-01-06 00:30:00,GEO-01,GEO,0.73060554,0.11643584,1.1834265,-0.17211463
2024-01-06 00:45:00,GEO-01,GEO,0.27414307,0.12451974,1.1380461,-0.08018054
2024-01-06 01:00:00,GEO-01,GEO,0.50945395,0.23889066,0.9972303,0.14504777
2024-01-06 01:15:00,GEO-01,GEO,1.1847923,-0.02311791,1.0548413,-0.11963664
2024-01-06 01:30:00,GEO-01,GEO,1.189514,0.24124211,0.9605446,-0.1312176
2024-01-06 01:45:00,GEO-01,GEO,1.0691462,0.17762794,1.0802768,-0.06450114
2024-01-06 02:00:00,GEO-01,GEO,1.9287456,-0.059883367,0.85471666,-0.016864195
2024-01-06 02:15:00,GEO-01,GEO,1.572025,0.13651276,1.0818524,0.027060647
2024-01-06 02:30:00,GEO-01,GEO,2.6572804,0.09389928,1.0459893,-0.1249287
2024-01-06 02:45:00,GEO-01,GEO,1.7915459,0.06480988,0.88150686,0.05358847
2024-01-06 03:00:00,GEO-01,GEO,1.6829957,0.1075544,1.1142895,0.068968214
2024-01-06 03:15:00,GEO-01,GEO,2.2552383,0.09049152,0.8761208,0.2211753
2024-01-06 03:30:00,GEO-01,GEO,2.9194224,0.076952815,0.4948163,-0.16472854
2024-01-06 03:45:00,GEO-01,GEO,2.1775725,0.5156452,0.8955626,-0.163679
2024-01-06 04:00:00,GEO-01,GEO,2.237844,0.1706157,0.6557792,-0.21901515
2024-01-06 04:15:00,GEO-01,GEO,1.1604593,0.07837617,0.7243804,0.039888978
2024-01-06 04:30:00,GEO-01,GEO,2.5652812,0.19912414,0.7115341,-0.012433915
2024-01-06 04:45:00,GEO-01,GEO,2.803701,0.110314965,0.8322743,-0.07179268
2024-01-06 05:00:00,GEO-01,GEO,2.4114847,0.12455396,0.905647,0.025209969
2024-01-06 05:15:00,GEO-01,GEO,2.1798613,0.19999602,0.65921533,0.05728324
2024-01-06 05:30:00,GEO-01,GEO,1.968521,0.25797036,0.71029985,0.027978616
2024-01-06 05:45:00,GEO-01,GEO,2.0467513,-0.051958337,0.655916,-0.15100525
2024-01-06 06:00:00,GEO-01,GEO,1.3240894,0.14142264,0.7546098,-0.031312544
2024-01-06 06:15:00,GEO-01,GEO,2.0710578,0.12088593,0.6798352,-0.1514559
2024-01-06 06:30:00,GEO-01,GEO,1.1688255,-0.057717625,0.43541166,-0.13670735
2024-01-06 06:45:00,GEO-01,GEO,1.315222,0.17635556,0.16699213,-0.38537318
2024-01-06 07:00:00,GEO-01,GEO,2.4359045,0.18643248,0.31501803,-0.1953294
2024-01-06 07:15:00,GEO-01,GEO,2.543588,-0.015789473,0.5403686,-0.29464918
2024-01-06 07:30:00,GEO-01,GEO,1.0938948,-0.02490555,0.5352603,-0.2850305
2024-01-06 07:45:00,GEO-01,GEO,1.0719581,0.11827476,0.35185474,-0.17614412
2024-01-06 08:00:00,GEO-01,GEO,2.050536,0.24668671,0.40215257,-0.106448576
2024-01-06 08:15:00,GEO-01,GEO,1.7929087,0.17199637,0.30680126,-0.10644544
2024-01-06 08:30:00,GEO-01,GEO,0.5146873,-0.0033355975,0.41433737,-0.14492655
2024-01-06 08:45:00,GEO-01,GEO,1.4133273,-0.031166157,0.40300402,-0.28379458
2024-01-06 09:00:00,GEO-01,GEO,1.3217895,-0.015058653,0.17097734,-0.21544813
2024-01-06 09:15:00,GEO-01,GEO,0.52616763,0.017507289,0.55823654,-0.14752017
2024-01-06 09:30:00,GEO-01,GEO,1.0237337,0.18737936,0.42406332,-0.20360595
2024-01-06 09:45:00,GEO-01,GEO,1.5258372,-0.25829995,0.583221,-0.20178069
2024-01-06 10:00:00,GEO-01,GEO,0.123791486,0.0007824514,0.33275452,-0.32102615
2024-01-06 10:15:00,GEO-01,GEO,0.8799397,-0.080792114,0.20765987,0.012679674
2024-01-06 10:30:00,GEO-01,GEO,0.5752178,-0.11542673,0.4103579,-0.14164434
2024-01-06 10:45:00,GEO-01,GEO,-0.5342588,-0.016318567,0.18633236,-0.30038258
2024-01-06 11:00:00,GEO-01,GEO,0.27135122,-0.024517559,0.3023042,-0.16328396
2024-01-06 11:15:00,GEO-01,GEO,-0.13399862,-0.04102098,0.23457216,-0.0038367012
2024-01-06 11:30:00,GEO-01,GEO,0.89170766,-0.059737816,0.0803128,-0.24854971
2024-01-06 11:45:00,GEO-01,GEO,-0.15008174,-0.14430702,0.26036745,0.12955828
2024-01-06 12:00:00,GEO-01,GEO,0.055442058,0.09535765,0.43539092,0.0574985
2024-01-06 12:15:00,GEO-01,GEO,0.042497315,-0.22331974,0.34678942,-0.11233157
2024-01-06 12:30:00,GEO-01,GEO,-0.14941537,0.014197158,0.14601952,0.008575397
2024-01-06 12:45:00,GEO-01,GEO,-1.0605317,-0.03471344,0.13286856,0.2925635
2024-01-06 13:00:00,GEO-01,GEO,0.46680173,0.009853889,0.35319293,-0.18251924
2024-01-06 13:15:00,GEO-01,GEO,0.051095847,-0.11462757,0.28346205,-0.030145973
2024-01-06 13:30:00,GEO-01,GEO,0.57822186,-0.052462835,0.2192228,-0.12895179
2024-01-06 13:45:00,GEO-01,GEO,-0.3179546,-0.055983342,0.31086853,-0.055329643
2024-01-06 14:00:00,GEO-01,GEO,0.0707062,-0.12848702,0.23088412,-0.027483612
2024-01-06 14:15:00,GEO-01,GEO,0.11473786,0.12817672,0.286527,-0.13382001
2024-01-06 14:30:00,GEO-01,GEO,-0.9144453,-0.011244567,0.38073528,-0.1947608
2024-01-06 14:45:00,GEO-01,GEO,-0.84192735,-0.19642423,0.23940073,-0.114474356
2024-01-06 15:00:00,GEO-01,GEO,-0.046246056,-0.10561885,0.52855045,-0.1929609
2024-01-06 15:15:00,GEO-01,GEO,-0.120764054,-0.20003779,0.28628045,-0.022053711
2024-01-06 15:30:00,GEO-01,GEO,-0.2186358,-0.097467184,0.30185255,-0.29580706
2024-01-06 15:45:00,GEO-01,GEO,-1.9055943,-0.12939641,0.3366074,-0.062533684
2024-01-06 16:00:00,GEO-01,GEO,-2.08001,-0.17241958,0.24907939,0.13887285
2024-01-06 16:15:00,GEO-01,GEO,-1.3596197,-0.015570231,0.20946647,0.06189503
2024-01-06 16:30:00,GEO-01,GEO,0.23813753,-0.08398356,0.14202638,0.09504976
2024-01-06 16:45:00,GEO-01,GEO,-1.1913136,-0.08844198,0.48298484,0.0492618
2024-01-06 17:00:00,GEO-01,GEO,-1.7170625,-0.1619082,0.3445972,0.15918382
2024-01-06 17:15:00,GEO-01,GEO,-0.5869054,-0.19535005,0.603818,0.080427684
2024-01-06 17:30:00,GEO-01,GEO,-1.5456809,-0.12715267,0.38029727,-0.010106822
2024-01-06 17:45:00,GEO-01,GEO,-2.4463925,-0.0036963825,0.24034429,-0.14287357
2024-01-06 18:00:00,GEO-01,GEO,-2.0485954,0.00062011246,0.32028195,0.11768352
2024-01-06 18:15:00,GEO-01,GEO,-2.9331708,-0.1769103,0.49116388,0.3085843
2024-01-06 18:30:00,GEO-01,GEO,-1.7019401,-0.09750789,0.31083483,-0.061490443
2024-01-06 18:45:00,GEO-01,GEO,-1.2664452,-0.18161583,0.20322168,0.0463112
2024-01-06 19:00:00,GEO-01,GEO,-1.9084802,0.07336649,0.482036,0.20536341
2024-01-06 19:15:00,GEO-01,GEO,-2.154735,-0.17346327,0.7285948,0.092201106
2024-01-06 19:30:00,GEO-01,GEO,-2.006413,0.0018756019,0.6561956,-0.03741593
2024-01-06 19:45:00,GEO-01,GEO,-2.8960257,0.020867737,0.089891165,0.008837159
2024-01-06 20:00:00,GEO-01,GEO,-2.084856,-0.1571791,0.30103725,0.37816504
2024-01-06 20:15:00,GEO-01,GEO,-2.4225132,-0.0190161,-0.025411125,0.28216332
2024-01-06 20:30:00,GEO-01,GEO,-1.7232531,-0.15625212,0.75548124,-0.06379511
2024-01-06 20:45:00,GEO-01,GEO,-2.3237305,0.06686638,0.27614748,0.19554862
2024-01-06 21:00:00,GEO-01,GEO,-2.4383867,-0.069131374,0.79363585,0.111724205
2024-01-06 21:15:00,GEO-01,GEO,-2.3391612,-0.06685318,0.704308,-0.05057495
2024-01-06 21:30:00,GEO-01,GEO,-0.59526134,-0.20240581,0.6110996,0.18358572
2024-01-06 21:45:00,GEO-01,GEO,-2.3292756,-0.009236455,0.55608284,0.45096657
2024-01-06 22:00:00,GEO-01,GEO,-1.1650078,-0.1778025,0.7689216,-0.09135589
2024-01-06 22:15:00,GEO-01,GEO,-1.7183753,0.031604175,0.75075084,0.022683294
2024-01-06 22:30:00,GEO-01,GEO,-1.493991,-0.0010670017,0.26464176,0.08870021
2024-01-06 22:45:00,GEO-01,GEO,-1.4564059,0.060396664,1.1907868,0.2196801
2024-01-06 23:00:00,GEO-01,GEO,-0.114324056,0.004927508,1.0229758,0.22388248
2024-01-06 23:15:00,GEO-01,GEO,-1.0108904,0.014728488,0.8317224,0.10837617
2024-01-06 23:30:00,GEO-01,GEO,-0.4180669,0.19516112,0.7833338,0.24776188
2024-01-06 23:45:00,GEO-01,GEO,-0.108699135,0.14171876,0.97425866,0.18068554
2024-01-07 00:00:00,GEO-01,GEO,-0.16752926,-0.12588662,0.6655255,0.2214248
2024-01-07 00:15:00,GEO-01,GEO,0.2187754,0.061396036,0.9660947,0.24052215
2024-01-07 00:30:00,GEO-01,GEO,1.6998891,0.14100865,1.0573381,0.061165508
2024-01-07 00:45:00,GEO-01,GEO,0.5603422,0.10457137,0.7020067,0.28752953
2024-01-07 01:00:00,GEO-01,GEO,-0.16896841,-0.093078725,1.1887035,0.12697753
2024-01-07 01:15:00,GEO-01,GEO,0.77821296,0.12985153,1.1437831,0.049478166
2024-01-07 01:30:00,GEO-01,GEO,2.1929984,0.12241803,1.269677,0.09551123
2024-01-07 01:45:00,GEO-01,GEO,1.9033581,0.12728983,1.4748925,-0.08520275
2024-01-07 02:00:00,GEO-01,GEO,1.4320422,0.22693978,0.9957471,0.07763035
2024-01-07 02:15:00,GEO-01,GEO,1.409996,0.079531275,1.0906826,0.36244312
2024-01-07 02:30:00,GEO-01,GEO,2.8163054,0.13167106,0.6756707,-0.096886255
2024-01-07 02:45:00,GEO-01,GEO,2.1165862,0.10582534,1.151387,0.14536102
2024-01-07 03:00:00,GEO-01,GEO,2.6753166,0.20030084,1.613928,-0.036515262
2024-01-07 03:15:00,GEO-01,GEO,2.2631629,0.41125116,1.1097481,0.28838646
2024-01-07 03:30:00,GEO-01,GEO,2.4130018,0.009210195,0.950913,-0.0013503592
2024-01-07 03:45:00,GEO-01,GEO,2.3920689,0.086840846,0.71700007,0.16749631
2024-01-07 04:00:00,GEO-01,GEO,3.1492617,0.09535858,1.0780015,0.12962951
2024-01-07 04:15:00,GEO-01,GEO,2.8576534,-0.0015658751,0.6023269,0.16088389
2024-01-07 04:30:00,GEO-01,GEO,2.7391257,0.24535935,1.079283,-0.084625185
2024-01-07 04:45:00,GEO-01,GEO,2.6777663,0.06594099,0.92569536,0.032812547
2024-01-07 05:00:00,GEO-01,GEO,2.483321,0.24345554,0.4786491,-0.07513609
2024-01-07 05:15:00,GEO-01,GEO,2.3269472,0.29932523,0.8655479,-0.09721175
2024-01-07 05:30:00,GEO-01,GEO,2.1204884,0.28554806,0.4014543,-0.21766101
2024-01-07 05:45:00,GEO-01,GEO,2.5290818,0.15733382,0.58599025,-0.019313656
2024-01-07 06:00:00,GEO-01,GEO,1.5317155,0.29686657,0.5925351,0.025998335
2024-01-07 06:15:00,GEO-01,GEO,1.789342,0.3226454,0.25149465,-0.1598532
2024-01-07 06:30:00,GEO-01,GEO,2.5199788,0.0038064907,0.51291376,-0.0743974
2024-01-07 06:45:00,GEO-01,GEO,1.5645304,0.1868071,0.45132604,0.0043781195
2024-01-07 07:00:00,GEO-01,GEO,1.5452904,0.13423845,1.013713,-0.05400842
2024-01-07 07:15:00,GEO-01,GEO,1.7309505,0.021761347,1.1013906,0.075712115
2024-01-07 07:30:00,GEO-01,GEO,2.0494843,0.105753064,0.36780185,0.1412007
2024-01-07 07:45:00,GEO-01,GEO,0.7800778,0.040163275,0.83521867,0.058844935
2024-01-07 08:00:00,GEO-01,GEO,0.59150827,0.07800079,0.6490711,-0.040905334
2024-01-07 08:15:00,GEO-01,GEO,1.0979875,0.005297007,0.62555677,-0.3466742
2024-01-07 08:30:00,GEO-01,GEO,0.543187,0.097334236,0.56431466,-0.33798248
2024-01-07 08:45:00,GEO-01,GEO,0.76403373,0.15215027,0.37007985,-0.11421938
2024-01-07 09:00:00,GEO-01,GEO,-0.27665615,-0.16221868,0.67312044,0.09995208
2024-01-07 09:15:00,GEO-01,GEO,0.092888385,0.07106683,0.6134492,-0.107364506
2024-01-07 09:30:00,GEO-01,GEO,0.6298383,-0.07643557,0.38523063,-0.26736265
2024-01-07 09:45:00,GEO-01,GEO,0.17647772,-0.073742,0.69543564,-0.43597737
2024-01-07 10:00:00,GEO-01,GEO,0.09190388,-0.022066956,0.504822,-0.20175225
2024-01-07 10:15:00,GEO-01,GEO,0.5664372,-0.051193573,0.6202482,-0.088858634
2024-01-07 10:30:00,GEO-01,GEO,0.29382563,-0.025999362,1.0615841,-0.20950454
2024-01-07 10:45:00,GEO-01,GEO,-0.95368016,-0.09297775,0.7635073,0.04748129
2024-01-07 11:00:00,GEO-01,GEO,0.5039883,-0.15571801,0.61787415,-0.16806148
2024-01-07 11:15:00,GEO-01,GEO,-0.5265313,0.056627132,0.5186211,-0.34877124
2024-01-07 11:30:00,GEO-01,GEO,0.7822587,0.060340244,0.7421367,0.027275065
2024-01-07 11:45:00,GEO-01,GEO,0.34517312,-0.18388791,0.61273843,-0.062180273
2024-01-07 12:00:00,GEO-01,GEO,-0.0542244,-0.17128472,0.5654869,-0.34927493
2024-01-07 12:15:00,GEO-01,GEO,0.72544485,0.035563733,0.8326936,-0.3351828
2024-01-07 12:30:00,GEO-01,GEO,1.0601209,-0.06888827,0.64023685,-0.06954256
2024-01-07 12:45:00,GEO-01,GEO,0.33962017,-0.15722269,0.302925,0.032971367
2024-01-07 13:00:00,GEO-01,GEO,-0.5214625,0.09387183,0.8434672,-0.3080976
2024-01-07 13:15:00,GEO-01,GEO,0.039056826,0.043862175,0.89554673,-0.044308227
2024-01-07 13:30:00,GEO-01,GEO,-0.01717616,0.02820932,0.7992403,-0.23856105
2024-01-07 13:45:00,GEO-01,GEO,-0.9509111,0.020211756,0.62027305,-0.11050371
2024-01-07 14:00:00,GEO-01,GEO,-0.7894535,0.10314141,0.8458112,-0.12418686
2024-01-07 14:15:00,GEO-01,GEO,-0.07178431,0.026428271,0.44972083,-0.16268793
2024-01-07 14:30:00,GEO-01,GEO,0.7592074,0.0863691,0.6598455,-0.34939176
2024-01-07 14:45:00,GEO-01,GEO,0.37954745,0.017541733,0.46729568,-0.14347604
2024-01-07 15:00:00,GEO-01,GEO,-0.10359522,-0.037706606,0.64610934,0.029003076
2024-01-07 15:15:00,GEO-01,GEO,-0.9037395,-0.0103090545,0.58943003,0.10226686
2024-01-07 15:30:00,GEO-01,GEO,-0.9262366,-0.042122755,0.42381787,0.07333706
2024-01-07 15:45:00,GEO-01,GEO,-1.059343,0.03106968,0.38998774,-0.0015044013
2024-01-07 16:00:00,GEO-01,GEO,-0.19026423,-0.051357422,0.25221717,-0.21437529
2024-01-07 16:15:00,GEO-01,GEO,-1.9414228,-0.19915336,0.5168557,-0.24243762
2024-01-07 16:30:00,GEO-01,GEO,-0.16586685,0.06647468,1.1338501,-0.15792337
2024-01-07 16:45:00,GEO-01,GEO,-1.3750253,-0.21982326,0.80009687,-0.06165134
2024-01-07 17:00:00,GEO-01,GEO,-1.6438625,-0.1268715,0.2600853,-0.06003786
2024-01-07 17:15:00,GEO-01,GEO,-1.3439279,-0.015183157,0.3733819,0.14699213
2024-01-07 17:30:00,GEO-01,GEO,-1.3877056,-0.16441078,0.5919749,0.45569938
2024-01-07 17:45:00,GEO-01,GEO,-1.7566425,-0.10384495,0.5522011,-0.051405966
2024-01-07 18:00:00,GEO-01,GEO,-1.909461,0.04376792,0.65827787,-0.108865134
2024-01-07 18:15:00,GEO-01,GEO,-1.8134645,-0.014987996,0.87531215,0.17725383
2024-01-07 18:30:00,GEO-01,GEO,-1.3857169,-0.04854049,0.15336435,0.014871697
2024-01-07 18:45:00,GEO-01,GEO,-1.3947575,-0.092834264,0.8297077,-0.3645725
2024-01-07 19:00:00,GEO-01,GEO,-2.8971164,-0.25765777,0.49940345,0.1028187
2024-01-07 19:15:00,GEO-01,GEO,-2.4722898,-0.0012892048,0.48045012,-0.10055676
2024-01-07 19:30:00,GEO-01,GEO,-2.3879845,-0.25898474,0.80504644,-0.009257853
2024-01-07 19:45:00,GEO-01,GEO,-2.5968773,-0.046385627,0.6218839,0.19477011
2024-01-07 20:00:00,GEO-01,GEO,-2.6269367,-0.12888268,0.25648594,0.033200648
2024-01-07 20:15:00,GEO-01,GEO,-1.9186143,-0.31007734,0.8775248,0.18457866
2024-01-07 20:30:00,GEO-01,GEO,-2.1993258,-0.14188048,0.21968748,-0.015098836
2024-01-07 20:45:00,GEO-01,GEO,-2.0485032,-0.20202877,0.52477926,0.14050677
2024-01-07 21:00:00,GEO-01,GEO,-2.3723397,-0.0022782367,0.9217729,0.22298947
2024-01-07 21:15:00,GEO-01,GEO,-2.5116644,-0.051686566,0.97639006,0.094968386
2024-01-07 21:30:00,GEO-01,GEO,-1.3659877,0.10623671,1.064511,0.018252363
2024-01-07 21:45:00,GEO-01,GEO,-2.609009,-0.13839872,0.7877935,0.1759459
2024-01-07 22:00:00,GEO-01,GEO,-1.3616834,-0.108612016,0.7336437,0.036126934
2024-01-07 22:15:00,GEO-01,GEO,-1.3434504,-0.0049970765,0.9640354,-0.11914405
2024-01-07 22:30:00,GEO-01,GEO,-1.3923266,0.12122205,1.2377347,0.21830983
2024-01-07 22:45:00,GEO-01,GEO,-1.1888052,0.05022079,1.0721889,0.12770551
2024-01-07 23:00:00,GEO-01,GEO,-1.0852796,0.010933286,1.1025474,0.283818
2024-01-07 23:15:00,GEO-01,GEO,0.12368792,-0.06816642,1.1023989,0.025839332
2024-01-07 23:30:00,GEO-01,GEO,-0.18612216,0.24756311,0.7829893,0.20372353
2024-01-07 23:45:00,GEO-01,GEO,-0.7539007,0.025066556,1.4035714,0.040750924
2024-01-08 00:00:00,GEO-01,GEO,-0.60511553,-0.07108172,1.0190536,-0.0020849246
2024-01-08 00:15:00,GEO-01,GEO,0.12667067,0.090394504,1.2379066,0.16265267
2024-01-08 00:30:00,GEO-01,GEO,0.1974707,-0.0035044474,0.9224654,-0.17690188
2024-01-08 00:45:00,GEO-01,GEO,1.0301646,-0.014434418,1.470041,0.16436727
2024-01-08 01:00:00,GEO-01,GEO,0.8835763,0.20683673,1.1044723,0.11686443
2024-01-08 01:15:00,GEO-01,GEO,1.5699215,0.17220433,1.3413286,0.2017692
2024-01-08 01:30:00,GEO-01,GEO,0.88836,0.16966595,1.4096634,0.013617253
2024-01-08 01:45:00,GEO-01,GEO,1.7710043,0.24404746,0.9182401,0.22037257
2024-01-08 02:00:00,GEO-01,GEO,2.5194452,0.13807586,1.6000787,0.10304268
2024-01-08 02:15:00,GEO-01,GEO,1.4652907,0.0041321027,1.4012,-0.08418732
2024-01-08 02:30:00,GEO-01,GEO,2.0725427,0.1576805,1.1033671,-0.17375997
2024-01-08 02:45:00,GEO-01,GEO,1.7185214,0.1386431,1.1060864,0.18072681
2024-01-08 03:00:00,GEO-01,GEO,2.0036507,0.050359745,1.6189864,0.21714471
2024-01-08 03:15:00,GEO-01,GEO,2.661442,0.019726938,1.4527153,-0.13256532
2024-01-08 03:30:00,GEO-01,GEO,3.1414402,0.29534265,1.2173269,-0.038455572
2024-01-08 03:45:00,GEO-01,GEO,1.9032487,0.2246629,1.3603185,-0.18341164
2024-01-08 04:00:00,GEO-01,GEO,1.8444391,0.054937232,1.3746649,-0.1839492
2024-01-08 04:15:00,GEO-01,GEO,2.7245958,0.050015688,1.5569983,0.15328504
2024-01-08 04:30:00,GEO-01,GEO,2.0492587,0.19102477,1.0186168,-0.26030546
2024-01-08 04:45:00,GEO-01,GEO,2.545771,0.13327523,0.9153826,-0.035952616
2024-01-08 05:00:00,GEO-01,GEO,2.619184,0.21805245,1.1569084,0.112438686
2024-01-08 05:15:00,GEO-01,GEO,2.723887,0.122067824,1.0865707,-0.3013489
2024-01-08 05:30:00,GEO-01,GEO,2.0526383,0.088321075,0.86840266,0.10777427
2024-01-08 05:45:00,GEO-01,GEO,1.06348,0.16021264,1.1473328,0.08061187
2024-01-08 06:00:00,GEO-01,GEO,1.8040146,0.091695495,1.0011574,-0.07005143
2024-01-08 06:15:00,GEO-01,GEO,1.3992542,0.032661278,0.86247087,-0.34132165
2024-01-08 06:30:00,GEO-01,GEO,1.5236329,0.1481802,0.9493617,-0.12372764
2024-01-08 06:45:00,GEO-01,GEO,2.2338865,0.18283758,0.8368588,-0.40324673
2024-01-08 07:00:00,GEO-01,GEO,1.2270514,0.030897703,0.7383246,0.11210921
2024-01-08 07:15:00,GEO-01,GEO,1.2619668,0.024159553,1.1762428,0.10817886
2024-01-08 07:30:00,GEO-01,GEO,2.1361036,-0.0067772334,0.81341606,-0.038406234
2024-01-08 07:45:00,GEO-01,GEO,2.6513994,-0.044116043,0.7005805,-0.12558423
2024-01-08 08:00:00,GEO-01,GEO,1.5618845,0.07935074,0.8191961,0.28303614
2024-01-08 08:15:00,GEO-01,GEO,1.3559228,0.12653412,1.031262,-0.44237533
2024-01-08 08:30:00,GEO-01,GEO,0.24258606,-0.13452727,1.1228676,-0.09030984
2024-01-08 08:45:00,GEO-01,GEO,1.3153085,-0.19445798,0.6225803,-0.16770382
2024-01-08 09:00:00,GEO-01,GEO,0.879814,-0.16891798,1.005899,0.18675768
2024-01-08 09:15:00,GEO-01,GEO,-0.0047489395,0.14661866,0.48622438,-0.18757384
2024-01-08 09:30:00,GEO-01,GEO,0.14592397,0.031859886,0.5155942,-0.34919247
2024-01-08 09:45:00,GEO-01,GEO,0.03728805,0.073305145,0.651978,-0.36344597
2024-01-08 10:00:00,GEO-01,GEO,-0.017635174,-0.07629469,0.567075,0.25532824
2024-01-08 10:15:00,GEO-01,GEO,0.5301886,0.07550811,0.6672661,-0.085168146
2024-01-08 10:30:00,GEO-01,GEO,0.018047959,0.029523669,0.457073,-0.1568155
2024-01-08 10:45:00,GEO-01,GEO,-0.104490206,-0.07503657,0.7345923,-0.098114684
2024-01-08 11:00:00,GEO-01,GEO,0.31610084,-0.25490773,0.73182017,-0.16521141
2024-01-08 11:15:00,GEO-01,GEO,0.9691703,0.046406914,0.6187651,-0.06046556
2024-01-08 11:30:00,GEO-01,GEO,0.30951414,-0.10752591,0.5982621,-0.23336637
2024-01-08 11:45:00,GEO-01,GEO,-0.23411375,-0.021286666,0.6946632,0.0833961
2024-01-08 12:00:00,GEO-01,GEO,0.18220192,-0.03272293,0.67268986,-0.29338425
2024-01-08 12:15:00,GEO-01,GEO,0.040344026,0.028194144,0.89133275,-0.22206323
2024-01-08 12:30:00,GEO-01,GEO,-0.41781512,0.0035739988,0.83694524,0.024464661
2024-01-08 12:45:00,GEO-01,GEO,0.15871143,0.027976267,0.60996956,-0.18900105
2024-01-08 13:00:00,GEO-01,GEO,-0.14969288,-0.014258289,0.6037141,0.015200061
2024-01-08 13:15:00,GEO-01,GEO,0.3545857,-0.113348074,0.50681233,-0.31647953
2024-01-08 13:30:00,GEO-01,GEO,-0.38907018,-0.030386118,0.59275186,-0.37227163
2024-01-08 13:45:00,GEO-01,GEO,-0.7140608,-0.044999592,1.3870748,0.08891241
2024-01-08 14:00:00,GEO-01,GEO,-0.38339806,-0.09978965,0.50624996,-0.18177226
2024-01-08 14:15:00,GEO-01,GEO,-0.27684283,-0.06260038,1.2209493,-0.06868565
2024-01-08 14:30:00,GEO-01,GEO,-0.3088691,-0.009165421,0.8692235,-0.36921152
2024-01-08 14:45:00,GEO-01,GEO,-0.5450574,-0.1106103,0.5375303,0.0025858392
2024-01-08 15:00:00,GEO-01,GEO,-2.0548174,0.02511012,0.58964276,-0.024937844
2024-01-08 15:15:00,GEO-01,GEO,-0.3181563,0.067744784,0.4560871,-0.0014412066
2024-01-08 15:30:00,GEO-01,GEO,-0.40112638,-0.018941352,1.1798106,-0.024080904
2024-01-08 15:45:00,GEO-01,GEO,-1.2067734,-0.050189268,0.5887138,0.092086814
2024-01-08 16:00:00,GEO-01,GEO,-0.8111329,-0.15565804,0.55810744,0.04831003
2024-01-08 16:15:00,GEO-01,GEO,-1.3541859,-0.13852458,0.66678464,0.080576055
2024-01-08 16:30:00,GEO-01,GEO,-1.7429637,-0.15783332,0.6158715,-0.01638354
2024-01-08 16:45:00,GEO-01,GEO,-1.1127843,0.022079976,0.1961346,-0.121901765
2024-01-08 17:00:00,GEO-01,GEO,-1.0977777,-0.121714965,0.5825385,0.11902422
2024-01-08 17:15:00,GEO-01,GEO,-2.0250173,-0.14907952,0.37947738,0.22035821
2024-01-08 17:30:00,GEO-01,GEO,-0.6687198,-0.206276,0.55027175,0.18550175
2024-01-08 17:45:00,GEO-01,GEO,-1.2863559,-0.08628008,0.5381067,0.21136917
2024-01-08 18:00:00,GEO-01,GEO,-2.2801366,0.035986487,0.5845986,-0.11009912
2024-01-08 18:15:00,GEO-01,GEO,-2.4987285,-0.010627698,0.47569788,0.14798248
2024-01-08 18:30:00,GEO-01,GEO,-2.3110898,0.029724786,0.91255134,-0.045192733
2024-01-08 18:45:00,GEO-01,GEO,-2.5845137,-0.23268087,0.6325804,-0.024594946
2024-01-08 19:00:00,GEO-01,GEO,-2.7186046,-0.061245035,0.87028563,0.18712054
2024-01-08 19:15:00,GEO-01,GEO,-2.6730046,-0.21399699,0.8786189,0.15181641
2024-01-08 19:30:00,GEO-01,GEO,-2.0225186,-0.025605649,0.6918239,0.061030183
2024-01-08 19:45:00,GEO-01,GEO,-2.6365564,0.008415978,0.79649305,0.20663549
2024-01-08 20:00:00,GEO-01,GEO,-2.4107432,-0.14327331,0.7752946,0.10369225
2024-01-08 20:15:00,GEO-01,GEO,-3.0167427,-0.042326782,0.88723576,0.18021664
2024-01-08 20:30:00,GEO-01,GEO,-1.9041548,-0.017111221,0.9357687,0.3115613
2024-01-08 20:45:00,GEO-01,GEO,-1.5935103,-0.07583702,0.9508349,0.1158959
2024-01-08 21:00:00,GEO-01,GEO,-2.4410121,-0.14308244,0.86770976,0.3225679
2024-01-08 21:15:00,GEO-01,GEO,-1.9501166,0.050278157,1.4174751,0.16324721
2024-01-08 21:30:00,GEO-01,GEO,-1.5564089,-0.16207768,1.3934892,0.08075891
2024-01-08 21:45:00,GEO-01,GEO,-1.6414338,0.074087285,0.8660055,0.27726763
2024-01-08 22:00:00,GEO-01,GEO,-1.6489329,0.0027215325,1.0235887,0.2062955
2024-01-08 22:15:00,GEO-01,GEO,-1.3588148,-0.12695935,1.2107197,0.22495112
2024-01-08 22:30:00,GEO-01,GEO,-2.299095,-0.034512937,0.6142808,0.08174524
2024-01-08 22:45:00,GEO-01,GEO,-0.80781883,0.046477232,1.2567477,0.33601913
2024-01-08 23:00:00,GEO-01,GEO,-0.80298114,-0.00107274,0.90347165,0.06817775
2024-01-08 23:15:00,GEO-01,GEO,-1.3021063,0.025115546,1.3061006,0.16121289
2024-01-08 23:30:00,GEO-01,GEO,-0.33693093,0.030772408,1.2022436,0.0795671
2024-01-08 23:45:00,GEO-01,GEO,-1.2396647,0.21892904,1.5865005,0.09062029
2024-01-01 00:00:00,GEO-02,GEO,-0.20900266,0.22286354,0.24897522,0.21642874
2024-01-01 00:15:00,GEO-02,GEO,0.45787174,0.18830371,0.27347445,0.25433576
2024-01-01 00:30:00,GEO-02,GEO,-0.05210404,0.195942,0.42977068,0.037958603
2024-01-01 00:45:00,GEO-02,GEO,0.61186975,-0.101961054,-0.056104608,0.021954445
2024-01-01 01:00:00,GEO-02,GEO,1.0056461,-0.023288066,0.49818656,0.23348741
2024-01-01 01:15:00,GEO-02,GEO,0.09299456,0.10277143,0.6256586,0.24471733
2024-01-01 01:30:00,GEO-02,GEO,1.0720192,0.094745904,0.49381343,-0.02341949
2024-01-01 01:45:00,GEO-02,GEO,1.9210027,0.26875684,0.5150541,0.32441014
2024-01-01 02:00:00,GEO-02,GEO,0.92241746,0.2173166,0.41154316,0.16827342
2024-01-01 02:15:00,GEO-02,GEO,1.5288494,0.17310634,0.0705883,0.09483042
2024-01-01 02:30:00,GEO-02,GEO,2.0858266,0.191346,0.61030614,0.18264386
2024-01-01 02:45:00,GEO-02,GEO,3.665774,0.13605691,0.20888019,-0.04338764
2024-01-01 03:00:00,GEO-02,GEO,2.7419856,0.13558419,0.09770803,0.22751784
2024-01-01 03:15:00,GEO-02,GEO,2.0531662,0.09098466,0.48572302,0.33656612
2024-01-01 03:30:00,GEO-02,GEO,1.5937544,0.15717053,0.1861815,-0.12656723
2024-01-01 03:45:00,GEO-02,GEO,2.251788,0.029592186,0.16960293,-0.0935131
2024-01-01 04:00:00,GEO-02,GEO,2.4727685,0.25386176,0.26262861,0.06508203
2024-01-01 04:15:00,GEO-02,GEO,3.0290616,0.11682725,0.23544703,-0.2358519
2024-01-01 04:30:00,GEO-02,GEO,2.2252865,0.14479446,0.2817881,-0.012186853
2024-01-01 04:45:00,GEO-02,GEO,2.886441,0.06669826,0.39161804,-0.07416236
2024-01-01 05:00:00,GEO-02,GEO,2.974099,0.0021364614,0.32078788,0.12495188
2024-01-01 05:15:00,GEO-02,GEO,2.253005,0.1072974,-0.0071402853,0.3228443
2024-01-01 05:30:00,GEO-02,GEO,2.669158,0.11222744,-0.053056084,0.24608618
2024-01-01 05:45:00,GEO-02,GEO,1.9928111,0.08817003,-0.11742509,-0.11223214
2024-01-01 06:00:00,GEO-02,GEO,2.0886283,0.2613845,-0.3312738,-0.24379854
2024-01-01 06:15:00,GEO-02,GEO,1.2099555,0.08264304,-0.07815471,0.17733033
2024-01-01 06:30:00,GEO-02,GEO,1.8795028,0.023143098,-0.22119938,-0.07648653
2024-01-01 06:45:00,GEO-02,GEO,2.168177,0.153306,0.02330954,-0.16096665
2024-01-01 07:00:00,GEO-02,GEO,1.9138167,0.08338522,-0.11320798,-0.25450686
2024-01-01 07:15:00,GEO-02,GEO,1.377537,0.26741347,0.19178909,-0.21132734
2024-01-01 07:30:00,GEO-02,GEO,1.8856148,0.07558038,-0.081277825,-0.06607994
2024-01-01 07:45:00,GEO-02,GEO,0.96518326,-0.010120469,-0.06460753,-0.04448949
2024-01-01 08:00:00,GEO-02,GEO,1.02003,0.09785237,-0.18192022,-0.004918527
2024-01-01 08:15:00,GEO-02,GEO,0.32991812,0.08864891,-0.43346837,-0.02739283
2024-01-01 08:30:00,GEO-02,GEO,1.2343454,-0.25073212,-0.31894153,0.06878551
2024-01-01 08:45:00,GEO-02,GEO,0.5792715,0.059156418,-0.3580149,-0.029045852
2024-01-01 09:00:00,GEO-02,GEO,0.81502956,-0.111883126,-0.22145759,-0.2045719
2024-01-01 09:15:00,GEO-02,GEO,0.72492856,0.018266745,-0.19051185,-0.040922347
2024-01-01 09:30:00,GEO-02,GEO,0.5476498,0.030508906,0.0052415812,0.0048523564
2024-01-01 09:45:00,GEO-02,GEO,0.6517102,0.049815606,-0.34072793,-0.3695939
2024-01-01 10:00:00,GEO-02,GEO,0.7970854,-0.09475351,-0.37570462,-0.017969986
2024-01-01 10:15:00,GEO-02,GEO,0.3233246,0.16062428,-0.1485467,-0.09538975
2024-01-01 10:30:00,GEO-02,GEO,0.58300245,-0.12095047,-0.52014136,-0.21442258
2024-01-01 10:45:00,GEO-02,GEO,0.34908098,-0.25414044,0.14174813,-0.18853119
2024-01-01 11:00:00,GEO-02,GEO,0.52595204,0.019562732,0.058534015,-0.13985689
2024-01-01 11:15:00,GEO-02,GEO,0.076917216,-0.12571913,-0.07711051,-0.0840805
2024-01-01 11:30:00,GEO-02,GEO,0.6894705,-0.16678838,-0.4781224,-0.03421815
2024-01-01 11:45:00,GEO-02,GEO,0.46264917,0.02754625,-0.13376287,-0.2323384
2024-01-01 12:00:00,GEO-02,GEO,-0.279348,-0.14495127,-0.22924888,0.04279186
2024-01-01 12:15:00,GEO-02,GEO,0.028918814,-0.015768023,-0.5549603,-0.0369899
2024-01-01 12:30:00,GEO-02,GEO,-0.29879415,-0.08012458,-0.09457723,-0.12493318
2024-01-01 12:45:00,GEO-02,GEO,-0.853486,-0.16019252,-0.33975735,-0.08699507
2024-01-01 13:00:00,GEO-02,GEO,-0.096101925,-0.22310705,-0.38329726,-0.27965373
2024-01-01 13:15:00,GEO-02,GEO,0.63225806,-0.30386087,-0.23842421,0.037866343
2024-01-01 13:30:00,GEO-02,GEO,0.27082378,0.10316732,-0.007823275,0.07637222
2024-01-01 13:45:00,GEO-02,GEO,-0.11500176,0.034847062,-0.07473018,-0.25860167
2024-01-01 14:00:00,GEO-02,GEO,0.03681101,-0.04225893,0.0866715,0.0041198805
2024-01-01 14:15:00,GEO-02,GEO,0.10718494,-0.04258529,-0.5848995,0.10739965
2024-01-01 14:30:00,GEO-02,GEO,0.30387583,-0.019351138,-0.262401,-0.2432673
2024-01-01 14:45:00,GEO-02,GEO,0.03886431,-0.05251184,-0.191501,-0.14838685
2024-01-01 15:00:00,GEO-02,GEO,0.5997614,0.027613364,-0.30614144,0.005599028
2024-01-01 15:15:00,GEO-02,GEO,0.03762811,-0.09395347,-0.23708777,0.09367047
2024-01-01 15:30:00,GEO-02,GEO,-1.5184032,0.0027218247,-0.39602524,-0.3870787
2024-01-01 15:45:00,GEO-02,GEO,-0.68924004,-0.24964078,0.09810705,-0.070726685
2024-01-01 16:00:00,GEO-02,GEO,-0.3460141,-0.18261297,-0.02541997,-0.09882242
2024-01-01 16:15:00,GEO-02,GEO,-1.0753933,-0.11631955,-0.07708809,-0.20383957
2024-01-01 16:30:00,GEO-02,GEO,-1.878385,0.012116978,-0.41805828,0.07968578
2024-01-01 16:45:00,GEO-02,GEO,-1.1781983,-0.004621142,-0.25347826,-0.053221382
2024-01-01 17:00:00,GEO-02,GEO,-1.6437595,-0.1838165,-0.2483739,-0.42350158
2024-01-01 17:15:00,GEO-02,GEO,-2.584337,-0.15019631,-0.44840112,0.044216115
2024-01-01 17:30:00,GEO-02,GEO,-1.6497827,-0.17696138,-0.22554447,0.13966413
2024-01-01 17:45:00,GEO-02,GEO,-1.1679152,-0.14044584,-0.33488557,-0.036427308
2024-01-01 18:00:00,GEO-02,GEO,-1.4757823,-0.09518244,-0.3678081,-0.05906304
2024-01-01 18:15:00,GEO-02,GEO,-1.5647511,-0.083156586,-0.33718115,-0.07569325
2024-01-01 18:30:00,GEO-02,GEO,-1.9121528,-0.10792558,-0.26685402,0.06009624
2024-01-01 18:45:00,GEO-02,GEO,-2.6283944,0.07505067,-0.030198483,-0.10232286
2024-01-01 19:00:00,GEO-02,GEO,-1.533065,-0.16600616,0.1620363,0.17724907
2024-01-01 19:15:00,GEO-02,GEO,-2.299724,0.08124258,-0.017920053,0.061332043
2024-01-01 19:30:00,GEO-02,GEO,-2.5330849,-0.198382,0.5406191,0.025478043
2024-01-01 19:45:00,GEO-02,GEO,-2.1391852,-0.17135745,-0.3253417,-0.084208265
2024-01-01 20:00:00,GEO-02,GEO,-1.3760682,-0.075140305,-0.23160154,-0.00095936214
2024-01-01 20:15:00,GEO-02,GEO,-1.9703205,0.19408767,0.06823807,-0.33222395
2024-01-01 20:30:00,GEO-02,GEO,-2.007011,-0.1183058,0.31665295,0.14747286
2024-01-01 20:45:00,GEO-02,GEO,-2.5707517,-0.060586832,-0.26937637,0.1982028
2024-01-01 21:00:00,GEO-02,GEO,-1.0506275,-0.38210854,0.23608093,0.008401618
2024-01-01 21:15:00,GEO-02,GEO,-1.4716493,-0.040417783,-0.02755361,0.3822492
2024-01-01 21:30:00,GEO-02,GEO,-0.9897341,-0.09341681,0.10356373,0.11764485
2024-01-01 21:45:00,GEO-02,GEO,-0.7307328,0.020985974,0.06794761,0.16415083
2024-01-01 22:00:00,GEO-02,GEO,-2.0868812,0.10167212,0.1320233,-0.047010098
2024-01-01 22:15:00,GEO-02,GEO,-0.87681997,-0.09492819,0.069772504,-0.007062765
2024-01-01 22:30:00,GEO-02,GEO,-0.74300146,-0.16326639,0.78754437,0.07426407
2024-01-01 22:45:00,GEO-02,GEO,-1.8315474,0.18558882,0.36217704,0.35995364
2024-01-01 23:00:00,GEO-02,GEO,-0.52587,-0.02937892,0.2876973,0.05430141
2024-01-01 23:15:00,GEO-02,GEO,-0.7220831,0.03946948,-0.2033028,0.035395965
2024-01-01 23:30:00,GEO-02,GEO,-1.2660022,-0.04372772,0.64758795,0.13132672
2024-01-01 23:45:00,GEO-02,GEO,0.37255058,0.01872183,0.5678944,0.23806374
2024-01-02 00:00:00,GEO-02,GEO,0.08768489,-0.044318072,0.18754323,0.08901987
2024-01-02 00:15:00,GEO-02,GEO,0.38420072,0.08542276,0.45343056,-0.02936638
2024-01-02 00:30:00,GEO-02,GEO,1.0335267,0.05755306,0.537783,0.086147785
2024-01-02 00:45:00,GEO-02,GEO,0.91109806,0.20307308,0.7224537,0.00259187
2024-01-02 01:00:00,GEO-02,GEO,1.3335967,-0.060094837,0.1574334,0.06396429
2024-01-02 01:15:00,GEO-02,GEO,0.6846327,0.15171574,0.5555421,0.15159608
2024-01-02 01:30:00,GEO-02,GEO,1.893535,0.036875762,0.6688631,0.06689353
2024-01-02 01:45:00,GEO-02,GEO,1.4920411,0.08156958,0.2957647,0.16784555
2024-01-02 02:00:00,GEO-02,GEO,1.3316278,0.0666905,0.74638045,0.11778234
2024-01-02 02:15:00,GEO-02,GEO,1.8167734,0.33199364,0.63016915,-0.0019224843
2024-01-02 02:30:00,GEO-02,GEO,2.507878,0.21275596,0.32264993,-0.041720986
2024-01-02 02:45:00,GEO-02,GEO,1.5227598,0.20988065,0.5375523,0.18518089
2024-01-02 03:00:00,GEO-02,GEO,2.6908069,0.24922028,0.50286627,0.24893172
2024-01-02 03:15:00,GEO-02,GEO,2.243693,0.12626919,0.5097769,-0.13280153
2024-01-02 03:30:00,GEO-02,GEO,3.4410505,0.06724773,0.42911643,-0.01683074
2024-01-02 03:45:00,GEO-02,GEO,2.9148662,0.12849249,0.64509344,-0.0037123205
2024-01-02 04:00:00,GEO-02,GEO,2.7241933,0.068992056,0.09068135,-0.3001724
2024-01-02 04:15:00,GEO-02,GEO,2.9828856,0.115816854,0.41821826,-0.03558161
2024-01-02 04:30:00,GEO-02,GEO,2.2992609,0.19808489,0.61109173,-0.04469376
2024-01-02 04:45:00,GEO-02,GEO,2.7752962,0.31504783,0.53651786,0.111520514
2024-01-02 05:00:00,GEO-02,GEO,2.4006028,0.1800516,0.34750372,0.054364108
2024-01-02 05:15:00,GEO-02,GEO,2.1524072,0.25017717,0.23654473,0.12422965
2024-01-02 05:30:00,GEO-02,GEO,2.4896502,0.23518765,0.22697663,-0.037932247
2024-01-02 05:45:00,GEO-02,GEO,2.2019691,0.19232166,-0.0007956116,0.10360299
2024-01-02 06:00:00,GEO-02,GEO,2.8437204,0.17300195,0.40201053,-0.3010155
2024-01-02 06:15:00,GEO-02,GEO,2.199577,-0.085258245,0.2653171,-0.05614918
2024-01-02 06:30:00,GEO-02,GEO,2.1070044,0.08578478,0.03166323,-0.17190197
2024-01-02 06:45:00,GEO-02,GEO,1.7304299,0.025088556,0.23677596,-0.334014
2024-01-02 07:00:00,GEO-02,GEO,2.3214107,0.24955408,-0.24740347,-0.046688084
2024-01-02 07:15:00,GEO-02,GEO,0.6202638,0.046871193,-0.09627505,-0.18817827
2024-01-02 07:30:00,GEO-02,GEO,0.4954065,0.23830298,0.32789615,-0.14916797
2024-01-02 07:45:00,GEO-02,GEO,0.7307628,-0.14375632,0.35669574,-0.30447543
2024-01-02 08:00:00,GEO-02,GEO,1.2116348,0.12229111,-0.07895613,-0.34103018
2024-01-02 08:15:00,GEO-02,GEO,0.11775503,0.11842658,-0.047866598,0.18190566
2024-01-02 08:30:00,GEO-02,GEO,0.4765165,0.04191892,-0.080820665,-0.1254555
2024-01-02 08:45:00,GEO-02,GEO,1.2395537,-0.0064450474,-0.002230773,-0.2713405
2024-01-02 09:00:00,GEO-02,GEO,1.0724794,0.07813985,0.032073963,-0.40799987
2024-01-02 09:15:00,GEO-02,GEO,-0.016663887,0.17125545,0.088195376,-0.2344125
2024-01-02 09:30:00,GEO-02,GEO,0.9977649,-0.039847497,0.23900121,-0.21319811
2024-01-02 09:45:00,GEO-02,GEO,1.3341522,-0.029242951,-0.010150562,-0.3632486
2024-01-02 10:00:00,GEO-02,GEO,1.5662909,0.007903806,0.021713683,-0.15666528
2024-01-02 10:15:00,GEO-02,GEO,0.51455665,-0.064894736,-0.262256,-0.2388363
2024-01-02 10:30:00,GEO-02,GEO,0.52688813,0.07378671,-0.41474107,-0.06453463
2024-01-02 10:45:00,GEO-02,GEO,0.2872957,0.10896694,0.30951127,-0.18725258
2024-01-02 11:00:00,GEO-02,GEO,1.1547369,0.03954675,0.14918494,-0.107957885
2024-01-02 11:15:00,GEO-02,GEO,0.54179806,-0.009699891,-0.13857235,-0.08369343
2024-01-02 11:30:00,GEO-02,GEO,-0.22454655,0.0044311513,-0.014725374,-0.14567672
2024-01-02 11:45:00,GEO-02,GEO,0.65000486,-0.23731735,-0.023567153,-0.14071822
2024-01-02 12:00:00,GEO-02,GEO,-0.1141974,-0.13980009,0.45883584,0.12754016
2024-01-02 12:15:00,GEO-02,GEO,0.4615206,-0.2222905,-0.09791287,-0.01861125
2024-01-02 12:30:00,GEO-02,GEO,-0.49903613,0.05603632,0.16618137,0.13461699
2024-01-02 12:45:00,GEO-02,GEO,0.054894064,-0.18451078,-0.049750976,-0.25783083
2024-01-02 13:00:00,GEO-02,GEO,1.2921464,-0.04419159,0.24533752,-0.2910357
2024-01-02 13:15:00,GEO-02,GEO,-0.54473686,0.10542277,0.49020967,-0.046684414
2024-01-02 13:30:00,GEO-02,GEO,0.11989471,0.019241827,0.19307739,-0.092298426
2024-01-02 13:45:00,GEO-02,GEO,0.52113366,-0.058182113,-0.27751076,-0.21975926
2024-01-02 14:00:00,GEO-02,GEO,-0.23024733,-0.1440733,-0.055298336,-0.237891
2024-01-02 14:15:00,GEO-02,GEO,0.36869988,-0.13923751,0.18063118,0.038004827
2024-01-02 14:30:00,GEO-02,GEO,-0.0033274328,-0.053241894,0.33439365,0.011300059
2024-01-02 14:45:00,GEO-02,GEO,-0.6335778,-0.03962028,0.098752856,-0.26783407
2024-01-02 15:00:00,GEO-02,GEO,-0.8240543,-0.09874966,0.011411271,0.19450252
2024-01-02 15:15:00,GEO-02,GEO,-0.42492056,-0.18765941,-0.16782507,0.1528032
2024-01-02 15:30:00,GEO-02,GEO,-1.5265028,-0.25188076,-0.16066745,0.06138677
2024-01-02 15:45:00,GEO-02,GEO,-1.3804464,-0.12608556,0.5429883,-0.11385944
2024-01-02 16:00:00,GEO-02,GEO,-0.7588275,-0.1623666,0.018097144,-0.2996339
2024-01-02 16:15:00,GEO-02,GEO,-1.5750831,0.028546216,-0.007913988,0.23700649
2024-01-02 16:30:00,GEO-02,GEO,-1.2234627,0.0498029,-0.0072814934,0.28570578
2024-01-02 16:45:00,GEO-02,GEO,-1.8499111,-0.29994982,0.27171722,-0.045898046
2024-01-02 17:00:00,GEO-02,GEO,-0.7425758,-0.08664505,-0.10384331,0.19396837
2024-01-02 17:15:00,GEO-02,GEO,-1.0572511,0.15353063,0.3651083,0.14360562
2024-01-02 17:30:00,GEO-02,GEO,-1.4295791,0.03879216,0.62881875,0.21949273
2024-01-02 17:45:00,GEO-02,GEO,-1.6597253,-0.14628085,0.260124,0.14024661
2024-01-02 18:00:00,GEO-02,GEO,-2.1338663,-0.007028937,-0.3283672,0.13557166
2024-01-02 18:15:00,GEO-02,GEO,-2.5524356,-0.09037743,-0.09160399,0.079116434
2024-01-02 18:30:00,GEO-02,GEO,-1.0005186,-0.081988916,0.15702789,0.04924016
2024-01-02 18:45:00,GEO-02,GEO,-1.8150952,0.07166256,0.38584778,-0.09198038
2024-01-02 19:00:00,GEO-02,GEO,-2.2578921,-0.18926015,0.064625725,-0.1984604
2024-01-02 19:15:00,GEO-02,GEO,-1.9925134,0.010919002,0.21925396,0.3456639
2024-01-02 19:30:00,GEO-02,GEO,-1.7638572,-0.1711292,0.3693236,0.30537456
2024-01-02 19:45:00,GEO-02,GEO,-1.6122905,-0.045303874,-0.04284642,0.3431383
2024-01-02 20:00:00,GEO-02,GEO,-1.4263074,-0.10335532,0.1984551,0.038622472
2024-01-02 20:15:00,GEO-02,GEO,-1.8855317,-0.081437364,0.2565352,-0.011235726
2024-01-02 20:30:00,GEO-02,GEO,-2.605733,0.17062847,-0.10628966,0.17701086
2024-01-02 20:45:00,GEO-02,GEO,-2.0999916,-0.14864095,-0.010830493,0.2639619
2024-01-02 21:00:00,GEO-02,GEO,-1.8157173,0.097200304,0.43511117,-0.07579661
2024-01-02 21:15:00,GEO-02,GEO,-2.0242083,-0.13519324,0.764469,-0.11928042
2024-01-02 21:30:00,GEO-02,GEO,-1.8105615,-0.05032996,0.6526295,0.17701522
2024-01-02 21:45:00,GEO-02,GEO,-3.277797,0.08306326,0.40029344,0.106469154
2024-01-02 22:00:00,GEO-02,GEO,-0.7283961,-0.02762648,0.6444361,0.34443203
2024-01-02 22:15:00,GEO-02,GEO,-1.4732288,0.0038223343,0.6055847,0.01841576
2024-01-02 22:30:00,GEO-02,GEO,-0.34240463,-0.01914549,0.7222017,0.4865752
2024-01-02 22:45:00,GEO-02,GEO,-0.50412846,-0.002864792,0.7162066,0.38916594
2024-01-02 23:00:00,GEO-02,GEO,-0.56497586,0.09730242,0.36852577,0.27279392
2024-01-02 23:15:00,GEO-02,GEO,0.47935885,0.090910114,0.31211933,0.19544479
2024-01-02 23:30:00,GEO-02,GEO,-0.67505085,-0.036815017,0.8524704,0.20919745
2024-01-02 23:45:00,GEO-02,GEO,1.28656,0.11813282,0.92925286,0.15874283
2024-01-03 00:00:00,GEO-02,GEO,0.18374135,0.091228254,0.6567219,0.2038835
2024-01-03 00:15:00,GEO-02,GEO,-0.56785405,0.14699738,0.7519447,0.15459947
2024-01-03 00:30:00,GEO-02,GEO,0.24206363,0.13936715,0.90309596,0.15263344
2024-01-03 00:45:00,GEO-02,GEO,0.89424103,0.14653544,0.9177672,0.11642965
2024-01-03 01:00:00,GEO-02,GEO,0.14018227,0.043559764,0.6927855,0.04518855
2024-01-03 01:15:00,GEO-02,GEO,1.1953325,0.028243354,0.94538325,0.25382
2024-01-03 01:30:00,GEO-02,GEO,1.235325,0.18473323,0.8073791,0.12684678
2024-01-03 01:45:00,GEO-02,GEO,1.275969,0.14249663,0.6583214,0.11130092
2024-01-03 02:00:00,GEO-02,GEO,1.5205907,0.24844638,0.79947865,-0.14329638
2024-01-03 02:15:00,GEO-02,GEO,1.5716463,0.23077233,0.8864654,-0.015482782
2024-01-03 02:30:00,GEO-02,GEO,2.2293856,0.29701364,0.99523026,0.40962574
2024-01-03 02:45:00,GEO-02,GEO,2.3992736,0.11350127,1.0150998,0.09146873
2024-01-03 03:00:00,GEO-02,GEO,2.294005,0.11908573,0.6670164,-0.048516475
2024-01-03 03:15:00,GEO-02,GEO,2.4800675,0.15533988,0.82389957,0.1856333
2024-01-03 03:30:00,GEO-02,GEO,2.6580186,0.06570073,0.6120433,-0.29354373
2024-01-03 03:45:00,GEO-02,GEO,2.8415334,0.22208405,0.90498817,-0.10354672
2024-01-03 04:00:00,GEO-02,GEO,2.6969032,0.3677634,0.7982881,0.13222975
2024-01-03 04:15:00,GEO-02,GEO,3.5198348,0.22637051,0.664483,0.20155802
2024-01-03 04:30:00,GEO-02,GEO,3.4127603,0.2774883,0.38999438,-0.028421594
2024-01-03 04:45:00,GEO-02,GEO,2.0004013,0.0823465,0.9140776,0.10902777
2024-01-03 05:00:00,GEO-02,GEO,1.956998,0.22709359,0.45723203,-0.25123957
2024-01-03 05:15:00,GEO-02,GEO,1.9044522,0.16207467,0.42226368,-0.21596614
2024-01-03 05:30:00,GEO-02,GEO,2.736129,-0.023758765,0.5672967,0.28814724
2024-01-03 05:45:00,GEO-02,GEO,1.9627793,0.10496963,0.6611307,-0.2875762
2024-01-03 06:00:00,GEO-02,GEO,2.7621255,0.0363117,0.5245938,0.22968401
2024-01-03 06:15:00,GEO-02,GEO,1.6003891,0.25412053,0.2895026,-0.040029533
2024-01-03 06:30:00,GEO-02,GEO,1.2203021,-0.13620396,0.30320722,0.004939935
2024-01-03 06:45:00,GEO-02,GEO,0.96155345,0.026516255,0.4565252,-0.24284296
2024-01-03 07:00:00,GEO-02,GEO,0.86924356,0.09503345,0.4610573,-0.24797338
2024-01-03 07:15:00,GEO-02,GEO,1.3711102,-0.02129565,0.3769123,-0.26778498
2024-01-03 07:30:00,GEO-02,GEO,2.4937863,0.1929007,0.24948297,-0.037044883
2024-01-03 07:45:00,GEO-02,GEO,1.686181,0.16794497,0.23227519,-0.16980962
2024-01-03 08:00:00,GEO-02,GEO,1.2715074,0.08909127,0.16051432,-0.32399902
2024-01-03 08:15:00,GEO-02,GEO,0.7244758,-0.014382472,0.56158036,-0.15234987
2024-01-03 08:30:00,GEO-02,GEO,0.7989508,-0.06929542,0.06994111,-0.059274293
2024-01-03 08:45:00,GEO-02,GEO,0.48392892,0.055771094,0.44409624,-0.28910348
2024-01-03 09:00:00,GEO-02,GEO,0.59207916,0.06273529,0.2502919,-0.13036446
2024-01-03 09:15:00,GEO-02,GEO,0.79742646,0.03883396,-0.014155436,-0.03401864
2024-01-03 09:30:00,GEO-02,GEO,0.9311542,-0.0141278105,0.5042988,-0.46760687
2024-01-03 09:45:00,GEO-02,GEO,0.34058547,0.035493433,0.108361326,-0.1350004
2024-01-03 10:00:00,GEO-02,GEO,0.7672828,-0.055601344,0.37184754,0.08769479
2024-01-03 10:15:00,GEO-02,GEO,0.36383083,0.020316957,0.22058795,-0.14262743
2024-01-03 10:30:00,GEO-02,GEO,0.16159639,0.009554645,0.37255266,-0.17091587
2024-01-03 10:45:00,GEO-02,GEO,0.5199366,-0.04742994,0.06341052,-0.17905909
2024-01-03 11:00:00,GEO-02,GEO,0.008085527,-0.12846413,0.32168713,-0.31455994
2024-01-03 11:15:00,GEO-02,GEO,0.25837794,-0.09677096,0.5314797,-0.16165228
2024-01-03 11:30:00,GEO-02,GEO,0.17670742,0.0027891006,0.1508349,0.09175024
2024-01-03 11:45:00,GEO-02,GEO,0.6917893,0.0048275716,0.6708997,-0.12515858
2024-01-03 12:00:00,GEO-02,GEO,0.08038404,0.044676866,0.39736295,-0.048988245
2024-01-03 12:15:00,GEO-02,GEO,0.2815918,-0.0647156,-0.23252858,-0.20060623
2024-01-03 12:30:00,GEO-02,GEO,-0.41961762,-0.13195449,0.357725,-0.2481607
2024-01-03 12:45:00,GEO-02,GEO,-0.040268194,-0.18187684,0.16086479,-0.057317466
2024-01-03 13:00:00,GEO-02,GEO,0.6874703,-0.049427096,0.44111028,-0.26662937
2024-01-03 13:15:00,GEO-02,GEO,0.68680245,0.1709438,0.5245153,-0.302107
2024-01-03 13:30:00,GEO-02,GEO,0.29672486,-0.1414503,0.34424117,-0.19266124
2024-01-03 13:45:00,GEO-02,GEO,-0.374421,-0.04111245,-0.00032624946,-0.42952424
2024-01-03 14:00:00,GEO-02,GEO,-0.54951394,-0.14850885,0.098250926,-0.19673303
2024-01-03 14:15:00,GEO-02,GEO,-0.63573414,0.050036147,0.45320222,-0.15389217
2024-01-03 14:30:00,GEO-02,GEO,-0.580071,-0.08427218,0.080471165,0.035468623
2024-01-03 14:45:00,GEO-02,GEO,-0.20117004,0.11812906,0.25831467,0.21749209
2024-01-03 15:00:00,GEO-02,GEO,-0.8312177,-0.054315906,0.15484133,-0.09019525
2024-01-03 15:15:00,GEO-02,GEO,-1.0682961,-0.107677035,-0.25040498,-0.22183672
2024-01-03 15:30:00,GEO-02,GEO,-1.2410996,-0.10265333,-0.051829405,-0.06807387
2024-01-03 15:45:00,GEO-02,GEO,-1.1075981,-0.28707305,0.34986842,-0.017178431
2024-01-03 16:00:00,GEO-02,GEO,-1.8974569,-0.09981045,0.14501107,-0.014991292
2024-01-03 16:15:00,GEO-02,GEO,-1.7294197,-0.010107587,0.42312828,0.21662647
2024-01-03 16:30:00,GEO-02,GEO,-1.6001958,-0.14250436,-0.1628134,0.11236415
2024-01-03 16:45:00,GEO-02,GEO,-1.4036769,-0.08467592,0.18491665,0.10695334
2024-01-03 17:00:00,GEO-02,GEO,-0.55081666,-0.18051913,0.53464085,0.0068730777
2024-01-03 17:15:00,GEO-02,GEO,-1.1020663,-0.10983209,0.4813288,0.120616734
2024-01-03 17:30:00,GEO-02,GEO,-1.5075897,-0.16615002,0.31072077,-0.11265816
2024-01-03 17:45:00,GEO-02,GEO,-2.5070796,-0.0048170397,0.4201293,0.034852106
2024-01-03 18:00:00,GEO-02,GEO,-2.0735192,-0.20058481,0.63263327,0.22215688
2024-01-03 18:15:00,GEO-02,GEO,-1.5842292,-0.12292147,0.20326452,0.31756186
2024-01-03 18:30:00,GEO-02,GEO,-1.3636043,0.21637277,0.39048892,0.031335257
2024-01-03 18:45:00,GEO-02,GEO,-3.2457783,-0.07164489,0.12323958,0.17418961
2024-01-03 19:00:00,GEO-02,GEO,-1.4613556,-0.10801733,0.35234135,-0.17846693
2024-01-03 19:15:00,GEO-02,GEO,-2.2772727,-0.16698323,0.12778169,0.0066035553
2024-01-03 19:30:00,GEO-02,GEO,-1.7541816,-0.12561275,0.4097942,0.22847967
2024-01-03 19:45:00,GEO-02,GEO,-2.5142684,-0.112175204,0.30711824,0.528352
2024-01-03 20:00:00,GEO-02,GEO,-2.259826,0.04854225,0.8038908,0.05427826
2024-01-03 20:15:00,GEO-02,GEO,-2.8040838,0.042954065,0.25960594,0.2992769
2024-01-03 20:30:00,GEO-02,GEO,-2.1071312,0.07917907,0.8110015,0.0412524
2024-01-03 20:45:00,GEO-02,GEO,-1.3056914,-0.21462362,0.35557783,0.058346454
2024-01-03 21:00:00,GEO-02,GEO,-1.3661234,-0.08819216,0.48669133,0.16760276
2024-01-03 21:15:00,GEO-02,GEO,-1.5146037,-0.23173241,0.7198366,0.20818056
2024-01-03 21:30:00,GEO-02,GEO,-2.2123995,0.24462463,0.17032951,0.0066687292
2024-01-03 21:45:00,GEO-02,GEO,-1.7990859,0.002354664,0.93940467,0.17233188
2024-01-03 22:00:00,GEO-02,GEO,-1.8330321,-0.12543596,0.194959,0.21483226
2024-01-03 22:15:00,GEO-02,GEO,-1.2169851,-0.07816715,0.8395701,0.10511106
2024-01-03 22:30:00,GEO-02,GEO,-0.7011624,0.0993836,0.71056944,-0.23457655
2024-01-03 22:45:00,GEO-02,GEO,-1.586355,-0.39559793,0.8082322,0.049562573
2024-01-03 23:00:00,GEO-02,GEO,-1.058729,-0.10776054,0.941503,0.16259569
2024-01-03 23:15:00,GEO-02,GEO,-0.08508065,-0.06417291,0.8784774,0.0034268715
2024-01-03 23:30:00,GEO-02,GEO,0.22672518,-0.16937497,1.0612934,0.44913888
2024-01-03 23:45:00,GEO-02,GEO,-0.6893632,0.12050746,1.0710412,0.10101859
2024-01-04 00:00:00,GEO-02,GEO,0.107025914,-0.039421573,1.1657869,0.1788164
2024-01-04 00:15:00,GEO-02,GEO,1.0091132,0.028021712,1.0914192,0.31105065
2024-01-04 00:30:00,GEO-02,GEO,1.2192967,0.1598537,1.2356712,-0.20688906
2024-01-04 00:45:00,GEO-02,GEO,0.6468297,0.10905305,0.87654227,0.20307931
2024-01-04 01:00:00,GEO-02,GEO,1.589175,0.20707653,0.81873393,-0.32679704
2024-01-04 01:15:00,GEO-02,GEO,1.4543188,0.3099275,0.7631949,0.21031737
2024-01-04 01:30:00,GEO-02,GEO,1.0194287,0.13949072,0.80481595,0.08429664
2024-01-04 01:45:00,GEO-02,GEO,2.5498996,0.12551764,0.82397,-0.059467714
2024-01-04 02:00:00,GEO-02,GEO,1.6769044,0.2630808,0.8842969,0.11230847
2024-01-04 02:15:00,GEO-02,GEO,1.9668622,-0.12108669,0.4002429,0.33885854
2024-01-04 02:30:00,GEO-02,GEO,1.3782804,0.06621012,0.61932284,0.1388412
2024-01-04 02:45:00,GEO-02,GEO,2.0413244,0.15173934,0.88739717,0.37124562
2024-01-04 03:00:00,GEO-02,GEO,2.02176,-0.040106967,1.0030534,0.15919386
2024-01-04 03:15:00,GEO-02,GEO,1.5765293,0.19481651,0.6501264,-0.103529036
2024-01-04 03:30:00,GEO-02,GEO,2.7583792,0.26714918,0.63651234,0.10015641
2024-01-04 03:45:00,GEO-02,GEO,2.2301002,0.1000681,0.71003455,0.24818067
2024-01-04 04:00:00,GEO-02,GEO,3.0749166,0.016294174,0.7397252,-0.15044974
2024-01-04 04:15:00,GEO-02,GEO,2.4800909,0.12356339,0.71331507,0.25912791
2024-01-04 04:30:00,GEO-02,GEO,3.177793,0.13493086,0.64572436,-0.093533106
2024-01-04 04:45:00,GEO-02,GEO,2.6282659,0.006771792,0.8485359,0.08132199
2024-01-04 05:00:00,GEO-02,GEO,2.4501286,-0.07417072,0.44892034,0.005065911
2024-01-04 05:15:00,GEO-02,GEO,2.379339,0.0093398085,0.63554966,-0.17033984
2024-01-04 05:30:00,GEO-02,GEO,1.978723,-0.091549836,0.7514255,-0.28286
2024-01-04 05:45:00,GEO-02,GEO,2.060949,0.053553212,0.8659834,-0.06372481
2024-01-04 06:00:00,GEO-02,GEO,2.5978603,0.1560512,0.91780084,-0.17961757
2024-01-04 06:15:00,GEO-02,GEO,2.4963217,0.2088281,0.5006716,-0.20873688
2024-01-04 06:30:00,GEO-02,GEO,1.9276679,0.25932714,0.18731245,-0.047298677
2024-01-04 06:45:00,GEO-02,GEO,1.8351027,0.02071265,1.0178016,0.010822267
2024-01-04 07:00:00,GEO-02,GEO,1.073981,-0.054015055,-0.20483,-0.2808836
2024-01-04 07:15:00,GEO-02,GEO,1.3826935,0.065930836,0.5165011,-0.19845554
2024-01-04 07:30:00,GEO-02,GEO,1.2458224,-0.16332775,0.4306564,-0.09284946
2024-01-04 07:45:00,GEO-02,GEO,0.7331416,-0.03731351,0.5446076,0.08158234
2024-01-04 08:00:00,GEO-02,GEO,1.8630731,0.11150415,0.32101145,-0.26360857
2024-01-04 08:15:00,GEO-02,GEO,1.0444802,-0.10087634,0.41269132,-0.2923897
2024-01-04 08:30:00,GEO-02,GEO,0.94995975,-0.083967075,0.45669135,-0.04162317
2024-01-04 08:45:00,GEO-02,GEO,1.2983308,-0.048631877,0.34403867,-0.11143117
2024-01-04 09:00:00,GEO-02,GEO,0.36831608,-0.038281996,0.34658396,-0.20971851
2024-01-04 09:15:00,GEO-02,GEO,1.0833949,0.26497325,0.23225822,-0.2732762
2024-01-04 09:30:00,GEO-02,GEO,-0.48515075,-0.063801415,0.3889513,0.12750609
2024-01-04 09:45:00,GEO-02,GEO,0.2793715,0.008681477,0.43773526,-0.14978315
2024-01-04 10:00:00,GEO-02,GEO,-0.52797353,-0.007854253,0.32791725,0.10398889
2024-01-04 10:15:00,GEO-02,GEO,1.0183034,-0.05997359,-0.05251183,-0.14752144
2024-01-04 10:30:00,GEO-02,GEO,0.737942,-0.06875486,0.10726672,-0.12987965
2024-01-04 10:45:00,GEO-02,GEO,0.006234179,0.04381902,0.35078833,0.22014083
2024-01-04 11:00:00,GEO-02,GEO,0.297548,0.017845785,0.11218961,0.054783046
2024-01-04 11:15:00,GEO-02,GEO,-0.18555428,-0.06782274,0.7568215,-0.19104303
2024-01-04 11:30:00,GEO-02,GEO,0.4236395,0.09367582,0.31101885,-0.36342666
2024-01-04 11:45:00,GEO-02,GEO,0.5849206,-0.015986742,0.50245047,-0.10805532
2024-01-04 12:00:00,GEO-02,GEO,-0.13044646,-0.10280785,0.41295123,-0.2579764
2024-01-04 12:15:00,GEO-02,GEO,0.33254975,0.013285701,0.34353507,-0.14912795
2024-01-04 12:30:00,GEO-02,GEO,-0.32701623,0.03050558,0.23688549,-0.24547692
2024-01-04 12:45:00,GEO-02,GEO,-0.07932898,-0.15371001,0.30822793,0.0035194186
2024-01-04 13:00:00,GEO-02,GEO,0.16892242,-0.05649325,0.30229038,0.056545187
2024-01-04 13:15:00,GEO-02,GEO,0.40198895,-0.07561087,0.28680477,-0.015169563
2024-01-04 13:30:00,GEO-02,GEO,-0.34494406,0.19061807,0.70079905,0.29639444
2024-01-04 13:45:00,GEO-02,GEO,-0.1004232,0.005826029,-0.04088293,0.02191727
2024-01-04 14:00:00,GEO-02,GEO,0.11567078,-0.11187203,-0.15431437,-0.102372624
2024-01-04 14:15:00,GEO-02,GEO,0.21720614,-0.033276677,0.050459016,-0.13592494
2024-01-04 14:30:00,GEO-02,GEO,0.47152716,0.1275878,-0.026314428,0.075950466
2024-01-04 14:45:00,GEO-02,GEO,-0.38378847,-0.20004825,0.4259224,-0.060765214
2024-01-04 15:00:00,GEO-02,GEO,0.57524407,0.0043322584,0.0017749753,-0.17863965
2024-01-04 15:15:00,GEO-02,GEO,-0.8814311,0.018093087,0.27305806,-0.12763096
2024-01-04 15:30:00,GEO-02,GEO,-0.1792859,-0.1255276,0.39350775,-0.0040390175
2024-01-04 15:45:00,GEO-02,GEO,0.0778842,0.019369252,0.38192034,-0.029663533
2024-01-04 16:00:00,GEO-02,GEO,0.10679363,-0.12485956,0.52054137,0.013701642
2024-01-04 16:15:00,GEO-02,GEO,-1.0016627,-0.055804126,0.23166335,0.12928838
2024-01-04 16:30:00,GEO-02,GEO,-1.612674,-0.01488253,0.30356976,-0.074230954
2024-01-04 16:45:00,GEO-02,GEO,-1.9579273,-0.13861157,0.36538354,0.11252508
2024-01-04 17:00:00,GEO-02,GEO,-1.5155573,-0.11208034,0.029413825,0.18550034
2024-01-04 17:15:00,GEO-02,GEO,-2.3547406,-0.012067879,0.1736965,0.23967953
2024-01-04 17:30:00,GEO-02,GEO,-1.9483972,-0.14362825,0.039159272,-0.2096539
2024-01-04 17:45:00,GEO-02,GEO,-2.580834,-0.2699402,0.06912269,-0.07885657
2024-01-04 18:00:00,GEO-02,GEO,-1.6255946,-0.2345632,0.30755612,0.15171076
2024-01-04 18:15:00,GEO-02,GEO,-1.3444302,0.041053317,0.6072117,0.38227308
2024-01-04 18:30:00,GEO-02,GEO,-2.0761836,-0.10085977,0.637085,-0.009059597
2024-01-04 18:45:00,GEO-02,GEO,-1.3483951,-0.022172414,0.19882396,0.30229807
2024-01-04 19:00:00,GEO-02,GEO,-2.3055012,-0.14323932,0.6496513,0.057036065
2024-01-04 19:15:00,GEO-02,GEO,-1.8653889,-0.31744537,0.015635962,-0.19778058
2024-01-04 19:30:00,GEO-02,GEO,-2.6905973,-0.16087236,0.4640403,0.14111565
2024-01-04 19:45:00,GEO-02,GEO,-2.1077464,-0.21800514,0.68316644,0.20250076
2024-01-04 20:00:00,GEO-02,GEO,-1.8258387,-0.089717485,0.25444657,0.22543213
2024-01-04 20:15:00,GEO-02,GEO,-2.0383139,0.012622825,0.7266165,0.18576625
2024-01-04 20:30:00,GEO-02,GEO,-1.6541741,-0.09191785,0.66765726,0.12810047
2024-01-04 20:45:00,GEO-02,GEO,-2.036414,-0.23120335,0.45167664,0.13418032
2024-01-04 21:00:00,GEO-02,GEO,-1.9868163,-0.11598274,0.482849,0.34943697
2024-01-04 21:15:00,GEO-02,GEO,-1.8553824,-0.04214766,0.96615636,-0.0059107062
2024-01-04 21:30:00,GEO-02,GEO,-1.2189274,-0.04835353,0.8329261,-0.16519654
2024-01-04 21:45:00,GEO-02,GEO,-1.4778577,-0.09518544,1.0605696,0.13208376
2024-01-04 22:00:00,GEO-02,GEO,-1.3017659,-0.057455007,0.9282179,0.15856901
2024-01-04 22:15:00,GEO-02,GEO,-1.2556602,0.07708116,1.1683133,0.24762246
2024-01-04 22:30:00,GEO-02,GEO,-0.5924286,0.01799665,0.65440553,0.111727916
2024-01-04 22:45:00,GEO-02,GEO,-2.1459966,-0.1218723,0.89604306,0.3106069
2024-01-04 23:00:00,GEO-02,GEO,-1.0575947,-0.121660426,0.7570031,-0.025384147
2024-01-04 23:15:00,GEO-02,GEO,-0.49127167,0.070917584,1.1440536,0.2861403
2024-01-04 23:30:00,GEO-02,GEO,-0.21769372,0.113453194,1.3803644,0.11752657
2024-01-04 23:45:00,GEO-02,GEO,-0.79033446,0.16667253,0.9675664,0.32834613
2024-01-05 00:00:00,GEO-02,GEO,0.956224,0.08694478,1.1060158,0.08688061
2024-01-05 00:15:00,GEO-02,GEO,0.49702376,0.108243614,1.2545646,0.042224202
2024-01-05 00:30:00,GEO-02,GEO,0.37574995,0.10401428,0.83852035,0.18905756
2024-01-05 00:45:00,GEO-02,GEO,1.5747683,0.054906998,1.2472683,0.049737178
2024-01-05 01:00:00,GEO-02,GEO,1.5772703,-0.026661307,1.174294,0.26500392
2024-01-05 01:15:00,GEO-02,GEO,0.5822634,0.18617666,1.429016,0.31167886
2024-01-05 01:30:00,GEO-02,GEO,0.41503644,0.06481715,1.3771777,0.073379725
2024-01-05 01:45:00,GEO-02,GEO,1.265493,0.23399045,0.9922638,0.4005751
2024-01-05 02:00:00,GEO-02,GEO,2.300777,0.08952882,1.5572048,-0.122187726
2024-01-05 02:15:00,GEO-02,GEO,2.4203706,0.025571581,1.3826009,-0.009515052
2024-01-05 02:30:00,GEO-02,GEO,2.312413,0.17583543,1.4065343,0.16419026
2024-01-05 02:45:00,GEO-02,GEO,2.6807046,0.12823103,1.7305521,-0.2815469
2024-01-05 03:00:00,GEO-02,GEO,2.2574995,0.033770185,1.2793646,-0.102591
2024-01-05 03:15:00,GEO-02,GEO,3.0522382,-0.034349635,1.3206449,0.015747719
2024-01-05 03:30:00,GEO-02,GEO,2.9618993,0.19101766,1.3840606,0.12305332
2024-01-05 03:45:00,GEO-02,GEO,2.131932,0.091117464,1.1518917,0.21151079
2024-01-05 04:00:00,GEO-02,GEO,2.5915267,0.1821246,0.9309509,0.00331136
2024-01-05 04:15:00,GEO-02,GEO,2.664433,0.17174032,1.1091962,-0.0023659861
2024-01-05 04:30:00,GEO-02,GEO,3.0527802,0.20229337,0.97435564,0.119668275
2024-01-05 04:45:00,GEO-02,GEO,2.118889,0.12356182,0.95869344,-0.1820409
2024-01-05 05:00:00,GEO-02,GEO,2.4995644,0.16034304,1.1009798,-0.060927935
2024-01-05 05:15:00,GEO-02,GEO,2.7523031,0.05351682,0.9447251,0.09131531
2024-01-05 05:30:00,GEO-02,GEO,2.1378758,0.2664301,0.78509146,-0.02125521
2024-01-05 05:45:00,GEO-02,GEO,2.7454076,0.07352247,0.782478,0.32635742
2024-01-05 06:00:00,GEO-02,GEO,2.5556707,0.23133093,0.9932494,-0.17981625
2024-01-05 06:15:00,GEO-02,GEO,1.7724088,0.12031168,0.7204744,-0.25065887
2024-01-05 06:30:00,GEO-02,GEO,1.9618313,0.17145792,0.5984477,0.009538627
2024-01-05 06:45:00,GEO-02,GEO,1.9619406,0.24674267,0.46965697,-0.25944087
2024-01-05 07:00:00,GEO-02,GEO,1.7379348,0.008138884,0.6590845,-0.021731446
2024-01-05 07:15:00,GEO-02,GEO,1.0944524,0.16750139,0.69584215,-0.24296075
2024-01-05 07:30:00,GEO-02,GEO,1.115913,0.015219047,0.83165926,-0.06791677
2024-01-05 07:45:00,GEO-02,GEO,2.2605155,0.09506632,0.90852684,0.008489149
2024-01-05 08:00:00,GEO-02,GEO,1.0173833,0.022705715,0.49596575,-0.12143558
2024-01-05 08:15:00,GEO-02,GEO,1.3869267,0.064196005,0.8314633,-0.058013566
2024-01-05 08:30:00,GEO-02,GEO,0.76400733,-0.09151195,1.0037943,-0.32580677
2024-01-05 08:45:00,GEO-02,GEO,-0.0491848,0.08387501,0.6520229,0.043727096
2024-01-05 09:00:00,GEO-02,GEO,1.8676733,-0.07202056,0.41591135,0.20954886
2024-01-05 09:15:00,GEO-02,GEO,0.32099342,0.049655907,0.5062649,0.010361621
2024-01-05 09:30:00,GEO-02,GEO,0.7001698,0.0071941367,0.71726054,0.14612612
2024-01-05 09:45:00,GEO-02,GEO,0.14849411,-0.029210722,0.2164744,-0.14595988
2024-01-05 10:00:00,GEO-02,GEO,0.2943041,0.07870161,0.67544574,-0.066005655
2024-01-05 10:15:00,GEO-02,GEO,0.3922927,0.1049871,0.5480366,0.057324413
2024-01-05 10:30:00,GEO-02,GEO,0.16278921,0.13283199,0.32437718,-0.3008741
2024-01-05 10:45:00,GEO-02,GEO,0.58289266,-0.3013801,0.77854013,-0.19599175
2024-01-05 11:00:00,GEO-02,GEO,1.1834321,0.08480906,0.36994684,-0.22637676
2024-01-05 11:15:00,GEO-02,GEO,0.1245064,-0.02045633,0.9309283,-0.06131626
2024-01-05 11:30:00,GEO-02,GEO,0.8832344,-0.04517448,0.5321742,-0.10673452
2024-01-05 11:45:00,GEO-02,GEO,-0.067962006,0.15262079,0.5492134,-0.28080013
2024-01-05 12:00:00,GEO-02,GEO,0.40378553,0.11407114,0.18288514,-0.18132173
2024-01-05 12:15:00,GEO-02,GEO,-0.12802146,0.11849022,0.24729742,-0.18091203
2024-01-05 12:30:00,GEO-02,GEO,0.1399442,-0.094521716,0.06496991,-0.018768575
2024-01-05 12:45:00,GEO-02,GEO,0.11496041,0.04150092,0.41454133,-0.0065590693
2024-01-05 13:00:00,GEO-02,GEO,0.7676075,-0.25169522,0.7498458,-0.30729645
2024-01-05 13:15:00,GEO-02,GEO,0.43136343,-0.14884621,0.3471757,-0.19309801
2024-01-05 13:30:00,GEO-02,GEO,0.29513076,-0.10087837,0.561795,-0.27893677
2024-01-05 13:45:00,GEO-02,GEO,-0.13182211,-0.0848864,0.65082264,0.026286481
2024-01-05 14:00:00,GEO-02,GEO,0.39840293,-0.16428842,0.29599857,0.20651679
2024-01-05 14:15:00,GEO-02,GEO,0.33689487,0.09577897,0.58434844,-0.23645787
2024-01-05 14:30:00,GEO-02,GEO,-0.07975313,-0.073664874,0.4851778,-0.12913357
2024-01-05 14:45:00,GEO-02,GEO,-0.53986806,-0.18230061,0.6217899,-0.06700588
2024-01-05 15:00:00,GEO-02,GEO,-0.2382691,-0.19570836,0.37635586,-0.26754352
2024-01-05 15:15:00,GEO-02,GEO,-1.1562356,-0.059190318,0.5649287,0.15195593
2024-01-05 15:30:00,GEO-02,GEO,-0.02712254,-0.11225754,0.6244034,-0.13660552
2024-01-05 15:45:00,GEO-02,GEO,-1.6378977,-0.031153258,0.33845666,0.0742713
2024-01-05 16:00:00,GEO-02,GEO,-0.19131285,-0.14074656,0.4424236,0.07427597
2024-01-05 16:15:00,GEO-02,GEO,-1.3519697,-0.02985242,0.57667536,-0.14297365
2024-01-05 16:30:00,GEO-02,GEO,-1.3595362,0.026823953,0.49596798,0.22973548
2024-01-05 16:45:00,GEO-02,GEO,-1.392436,-0.17099728,0.19930826,0.0755502
2024-01-05 17:00:00,GEO-02,GEO,-0.9510805,-0.018326774,0.3433999,0.14917333
2024-01-05 17:15:00,GEO-02,GEO,-1.6625917,-0.06822042,0.3830551,-0.20070443
2024-01-05 17:30:00,GEO-02,GEO,-1.0601261,-0.058981594,0.17666084,0.027787253
2024-01-05 17:45:00,GEO-02,GEO,-1.0729645,-0.22352298,0.19555165,-0.16699
2024-01-05 18:00:00,GEO-02,GEO,-1.2394444,0.010156834,0.32784006,0.4143588
2024-01-05 18:15:00,GEO-02,GEO,-2.3244095,0.020897489,0.15679777,0.059782613
2024-01-05 18:30:00,GEO-02,GEO,-1.253562,-0.26033905,0.5335991,-0.05944878
2024-01-05 18:45:00,GEO-02,GEO,-2.2781312,-0.027597433,0.4550516,-0.210893
2024-01-05 19:00:00,GEO-02,GEO,-0.97557396,0.32054964,0.63329,0.3733952
2024-01-05 19:15:00,GEO-02,GEO,-2.314869,-0.099079706,0.53263247,0.25372306
2024-01-05 19:30:00,GEO-02,GEO,-3.2538016,0.028007528,0.3490011,-0.12085193
2024-01-05 19:45:00,GEO-02,GEO,-1.6325318,-0.07625288,0.27870202,0.10692596
2024-01-05 20:00:00,GEO-02,GEO,-2.2739782,-0.24486506,0.23254816,-0.0073911087
2024-01-05 20:15:00,GEO-02,GEO,-2.6860032,0.028419254,0.2219582,0.28137457
2024-01-05 20:30:00,GEO-02,GEO,-2.6206763,0.008273228,0.5465686,0.12607703
2024-01-05 20:45:00,GEO-02,GEO,-1.2168256,-0.08302327,0.46819842,-0.18054704
2024-01-05 21:00:00,GEO-02,GEO,-2.0778782,-0.09022185,1.1305208,0.18764621
2024-01-05 21:15:00,GEO-02,GEO,-2.0887768,-0.24542263,0.8103062,0.29342356
2024-01-05 21:30:00,GEO-02,GEO,-1.7027693,0.11245813,0.61557525,0.15337905
2024-01-05 21:45:00,GEO-02,GEO,-1.4059958,0.17517474,0.7933422,0.30414987
2024-01-05 22:00:00,GEO-02,GEO,-2.0921743,-0.07085845,0.26495996,-0.1481823
2024-01-05 22:15:00,GEO-02,GEO,-1.2066923,0.019255634,0.89556015,0.25117126
2024-01-05 22:30:00,GEO-02,GEO,-1.5096039,-0.21990821,1.0498265,-0.16470353
2024-01-05 22:45:00,GEO-02,GEO,-0.94150716,-0.041759714,0.908963,0.21836093
2024-01-05 23:00:00,GEO-02,GEO,-0.6780547,0.06248261,0.7689776,-0.056105148
2024-01-05 23:15:00,GEO-02,GEO,1.1387377,-0.042537678,0.7498597,0.0052955644
2024-01-05 23:30:00,GEO-02,GEO,0.38414273,-0.029530311,1.0006319,0.07223025
2024-01-05 23:45:00,GEO-02,GEO,1.432893,-0.023492513,0.85025746,0.4073008
2024-01-06 00:00:00,GEO-02,GEO,0.06762715,0.06384048,0.4853652,0.20417294
2024-01-06 00:15:00,GEO-02,GEO,0.9478689,0.2799547,1.2269473,0.2802984
2024-01-06 00:30:00,GEO-02,GEO,0.8101213,0.17513521,1.0142165,0.05828389
2024-01-06 00:45:00,GEO-02,GEO,1.6733932,0.041424632,0.88509405,-0.11895549
2024-01-06 01:00:00,GEO-02,GEO,0.0896002,0.15078428,1.1635385,-0.09133702
2024-01-06 01:15:00,GEO-02,GEO,0.6363332,0.28358206,1.0261146,-0.20185572
2024-01-06 01:30:00,GEO-02,GEO,0.66097057,0.08431047,1.4330739,0.27347258
2024-01-06 01:45:00,GEO-02,GEO,2.1540108,0.09258982,1.1162382,-0.0033638254
2024-01-06 02:00:00,GEO-02,GEO,1.4525038,0.22229022,0.5695063,0.21963495
2024-01-06 02:15:00,GEO-02,GEO,2.2084594,0.13378446,0.72961,-0.14298534
2024-01-06 02:30:00,GEO-02,GEO,2.3695323,0.19635822,1.1159772,0.06388619
2024-01-06 02:45:00,GEO-02,GEO,2.1700592,0.14772432,0.925012,-0.1855606
2024-01-06 03:00:00,GEO-02,GEO,2.8545086,0.12564173,0.78875077,0.061217114
2024-01-06 03:15:00,GEO-02,GEO,2.3621972,0.450213,1.2058334,0.039062355
2024-01-06 03:30:00,GEO-02,GEO,3.0462017,0.061830662,1.0747596,-0.13463871
2024-01-06 03:45:00,GEO-02,GEO,2.2611933,0.110942796,0.6499688,0.29200628
2024-01-06 04:00:00,GEO-02,GEO,2.8319116,0.20806797,0.8690635,0.060236853
2024-01-06 04:15:00,GEO-02,GEO,2.9089732,0.23117419,0.99818057,0.068791576
2024-01-06 04:30:00,GEO-02,GEO,1.8020799,0.13503388,0.7873312,-0.054225337
2024-01-06 04:45:00,GEO-02,GEO,2.6219056,0.10959631,0.78647727,-0.03087247
2024-01-06 05:00:00,GEO-02,GEO,2.3415458,0.13734022,1.1593096,0.1267673
2024-01-06 05:15:00,GEO-02,GEO,2.0508144,0.09700401,0.6948171,0.08999019
2024-01-06 05:30:00,GEO-02,GEO,3.5987415,0.17753845,0.75046164,-0.09789649
2024-01-06 05:45:00,GEO-02,GEO,2.7330048,-0.009453391,0.5026222,-0.00876228
2024-01-06 06:00:00,GEO-02,GEO,2.7465363,0.077133864,0.86154205,-0.0005863856
2024-01-06 06:15:00,GEO-02,GEO,2.9973462,0.14754409,0.56016034,-0.18291698
2024-01-06 06:30:00,GEO-02,GEO,2.2775574,0.15699588,0.3337745,-0.103137225
2024-01-06 06:45:00,GEO-02,GEO,1.5248559,0.08131475,0.9713186,0.0026237413
2024-01-06 07:00:00,GEO-02,GEO,2.4180295,0.15478396,0.7641807,-0.13966873
2024-01-06 07:15:00,GEO-02,GEO,1.0749247,-0.16847803,0.5074134,-0.36891255
2024-01-06 07:30:00,GEO-02,GEO,0.83530116,0.057109058,0.36929578,-0.1864784
2024-01-06 07:45:00,GEO-02,GEO,1.5130818,-0.025960226,0.047303595,-0.018573789
2024-01-06 08:00:00,GEO-02,GEO,1.5573215,0.10350332,0.59873027,-0.12393821
2024-01-06 08:15:00,GEO-02,GEO,0.7455542,0.08464263,0.37692714,-0.3090624
2024-01-06 08:30:00,GEO-02,GEO,0.7530764,0.19982827,0.21781775,-0.082986474
2024-01-06 08:45:00,GEO-02,GEO,0.49776152,-0.067444585,0.2995847,-0.5107568
2024-01-06 09:00:00,GEO-02,GEO,1.0128317,-0.16979639,0.23309092,-0.029608073
2024-01-06 09:15:00,GEO-02,GEO,0.67561376,0.14270811,0.4951094,-0.3261996
2024-01-06 09:30:00,GEO-02,GEO,0.40723708,-0.00083007576,0.33118284,-0.07676299
2024-01-06 09:45:00,GEO-02,GEO,0.5080648,-0.046138342,0.15684569,-0.1372698
2024-01-06 10:00:00,GEO-02,GEO,1.0311579,0.06156234,0.6980762,0.04951741
2024-01-06 10:15:00,GEO-02,GEO,0.39417416,-0.21201777,0.3687251,-0.18151933
2024-01-06 10:30:00,GEO-02,GEO,0.29870415,-0.08832394,0.5363481,-0.1684653
2024-01-06 10:45:00,GEO-02,GEO,0.18147904,-0.027503261,0.3477661,-0.047324426
2024-01-06 11:00:00,GEO-02,GEO,1.0879128,-0.04251655,0.11552037,-0.09431327
2024-01-06 11:15:00,GEO-02,GEO,0.5572513,-0.027076693,0.37206757,-0.3001614
2024-01-06 11:30:00,GEO-02,GEO,0.87331635,0.03089234,0.28960383,-0.28317425
2024-01-06 11:45:00,GEO-02,GEO,0.3982716,-0.042164803,0.8305645,-0.13737042
2024-01-06 12:00:00,GEO-02,GEO,-0.5906646,-0.12675452,0.7070633,-0.15254167
2024-01-06 12:15:00,GEO-02,GEO,-0.044366073,-0.1232772,0.9526136,0.13462494
2024-01-06 12:30:00,GEO-02,GEO,0.22546251,-0.015622012,0.41952103,0.00060055737
2024-01-06 12:45:00,GEO-02,GEO,0.72429204,0.07476359,0.21177138,-0.082481496
2024-01-06 13:00:00,GEO-02,GEO,-1.0998553,-0.08096843,0.23572668,-0.19233875
2024-01-06 13:15:00,GEO-02,GEO,0.391301,0.11765389,0.18653147,-0.24674474
2024-01-06 13:30:00,GEO-02,GEO,0.57672983,-0.10812255,0.24397187,-0.078123085
2024-01-06 13:45:00,GEO-02,GEO,-0.5694177,-0.11087685,0.2731818,-0.18159504
2024-01-06 14:00:00,GEO-02,GEO,-0.8641081,-0.06960546,0.5532329,-0.08446597
2024-01-06 14:15:00,GEO-02,GEO,1.4057165,0.15563108,0.73949385,-0.09064962
2024-01-06 14:30:00,GEO-02,GEO,-0.24792664,-0.14147699,0.2539648,-0.03910646
2024-01-06 14:45:00,GEO-02,GEO,-0.67704815,-0.16656552,0.4555615,-0.05513645
2024-01-06 15:00:00,GEO-02,GEO,-0.35916808,0.023890814,0.11708235,0.010840199
2024-01-06 15:15:00,GEO-02,GEO,-0.009926547,-0.024538927,0.16865209,-0.010040832
2024-01-06 15:30:00,GEO-02,GEO,-0.968426,-0.18749432,0.7157842,-0.002275569
2024-01-06 15:45:00,GEO-02,GEO,-0.0145858405,-0.0445323,0.44718346,-0.24869826
2024-01-06 16:00:00,GEO-02,GEO,-1.6641881,0.0027469213,0.6749379,-0.02301575
2024-01-06 16:15:00,GEO-02,GEO,-1.002152,-0.090846695,0.10285647,0.09089644
2024-01-06 16:30:00,GEO-02,GEO,-1.0445576,-0.041427802,0.45736971,-0.1047939
2024-01-06 16:45:00,GEO-02,GEO,-0.45722368,-0.07484629,0.2984083,-0.07344527
2024-01-06 17:00:00,GEO-02,GEO,-1.3975117,-0.121544994,0.16416276,0.08661591
2024-01-06 17:15:00,GEO-02,GEO,-1.5049744,-0.1706941,0.33300912,-0.39984682
2024-01-06 17:30:00,GEO-02,GEO,-1.7421194,-0.07134456,0.36456522,0.23396368
2024-01-06 17:45:00,GEO-02,GEO,-2.900847,-0.09393505,0.5380795,0.043242797
2024-01-06 18:00:00,GEO-02,GEO,-2.0772913,-0.17479922,0.96243083,-0.16551897
2024-01-06 18:15:00,GEO-02,GEO,-0.80080265,-0.052998517,1.0508411,0.15527344
2024-01-06 18:30:00,GEO-02,GEO,-2.09537,-0.1561478,0.5489368,0.097826265
2024-01-06 18:45:00,GEO-02,GEO,-1.7118341,-0.07995324,0.5217741,-0.027026987
2024-01-06 19:00:00,GEO-02,GEO,-2.312661,0.082961574,0.29361835,0.13121325
2024-01-06 19:15:00,GEO-02,GEO,-2.0889728,-0.19968764,0.6840302,0.14823651
2024-01-06 19:30:00,GEO-02,GEO,-2.3851545,-0.12077682,0.69653744,0.23900299
2024-01-06 19:45:00,GEO-02,GEO,-2.6860254,-0.06523272,0.62365794,0.2490876
2024-01-06 20:00:00,GEO-02,GEO,-2.078626,-0.13001876,0.77063835,0.113996655
2024-01-06 20:15:00,GEO-02,GEO,-2.6650982,-0.017752899,0.62819433,-0.016715266
2024-01-06 20:30:00,GEO-02,GEO,-1.7362586,-0.15570642,0.70268524,0.18854256
2024-01-06 20:45:00,GEO-02,GEO,-1.8215495,-0.24295405,0.34104797,0.27912673
2024-01-06 21:00:00,GEO-02,GEO,-2.4520476,-0.17863794,0.682021,0.2586253
2024-01-06 21:15:00,GEO-02,GEO,-2.3350897,-0.11199372,0.5986932,0.32049394
2024-01-06 21:30:00,GEO-02,GEO,-1.2052372,0.0865384,1.1025544,0.32451466
2024-01-06 21:45:00,GEO-02,GEO,-1.1434557,0.0052900794,0.8797889,0.307344
2024-01-06 22:00:00,GEO-02,GEO,-1.7368377,-0.20807442,0.8017892,-0.010203383
2024-01-06 22:15:00,GEO-02,GEO,-1.4560322,-0.1468569,0.8712885,0.0601631
2024-01-06 22:30:00,GEO-02,GEO,-1.3198013,-0.005615154,1.2032614,0.2079013
2024-01-06 22:45:00,GEO-02,GEO,-0.2625392,0.0807224,1.0473301,-0.01264197
2024-01-06 23:00:00,GEO-02,GEO,-0.32510954,-0.08987751,1.0505502,0.45634735
2024-01-06 23:15:00,GEO-02,GEO,-0.26406524,0.052545216,0.90056527,0.13092014
2024-01-06 23:30:00,GEO-02,GEO,-0.7134178,-0.03014733,0.758707,0.07958791
2024-01-06 23:45:00,GEO-02,GEO,-0.5559462,0.04266378,1.4719744,0.10152711
2024-01-07 00:00:00,GEO-02,GEO,0.65103424,0.041594326,1.1548023,0.065832004
2024-01-07 00:15:00,GEO-02,GEO,1.2473937,0.22859651,1.0648721,0.10137743
2024-01-07 00:30:00,GEO-02,GEO,-0.72869784,0.00037693736,1.1803187,0.06283001
2024-01-07 00:45:00,GEO-02,GEO,0.05739126,0.035520643,0.9163679,-0.12375393
2024-01-07 01:00:00,GEO-02,GEO,1.4168572,0.22205436,0.59437364,0.020637142
2024-01-07 01:15:00,GEO-02,GEO,1.175319,0.070124224,1.0642235,0.52822495
2024-01-07 01:30:00,GEO-02,GEO,1.0453234,0.19978651,1.0815225,0.15332788
2024-01-07 01:45:00,GEO-02,GEO,2.0323873,0.0017582661,1.0638562,0.49714726
2024-01-07 02:00:00,GEO-02,GEO,1.195781,0.0153831,1.2961401,0.025524499
2024-01-07 02:15:00,GEO-02,GEO,2.4447458,0.17188503,1.0052613,-0.11036
2024-01-07 02:30:00,GEO-02,GEO,1.9339529,0.13874187,1.4649864,0.014039636
2024-01-07 02:45:00,GEO-02,GEO,3.0979495,0.006677334,1.2433715,0.38242495
2024-01-07 03:00:00,GEO-02,GEO,2.27448,0.14183111,1.2768934,0.24559362
2024-01-07 03:15:00,GEO-02,GEO,2.947868,0.28541657,1.3851593,-0.13750625
2024-01-07 03:30:00,GEO-02,GEO,2.2952466,0.22029327,1.1446539,0.1777785
2024-01-07 03:45:00,GEO-02,GEO,2.0934796,0.23614703,0.6936227,0.14316277
2024-01-07 04:00:00,GEO-02,GEO,2.3004472,0.07037525,1.2213241,0.19593677
2024-01-07 04:15:00,GEO-02,GEO,2.6356518,0.17876777,0.81506443,0.13131031
2024-01-07 04:30:00,GEO-02,GEO,1.8298703,0.21125461,0.85585535,0.11501428
2024-01-07 04:45:00,GEO-02,GEO,3.1305814,0.06473585,1.0560536,-0.05601619
2024-01-07 05:00:00,GEO-02,GEO,2.5130808,0.18022548,0.846551,-0.022103576
2024-01-07 05:15:00,GEO-02,GEO,1.307153,0.008674295,0.86674726,-0.24349464
2024-01-07 05:30:00,GEO-02,GEO,1.6669129,0.1485889,0.86824244,-0.09594592
2024-01-07 05:45:00,GEO-02,GEO,1.7460392,0.07348268,0.49699742,-0.049089987
2024-01-07 06:00:00,GEO-02,GEO,1.6294923,0.30551443,0.6375862,0.13926728
2024-01-07 06:15:00,GEO-02,GEO,2.1794353,0.057255395,0.6116361,-0.008551141
2024-01-07 06:30:00,GEO-02,GEO,1.8643472,0.09313677,0.91078365,0.045955893
2024-01-07 06:45:00,GEO-02,GEO,2.0465977,-0.0049180496,0.47355008,0.049411062
2024-01-07 07:00:00,GEO-02,GEO,1.3658887,0.21299425,0.8248948,-0.19687979
2024-01-07 07:15:00,GEO-02,GEO,2.095694,-0.06964491,0.69773084,-0.19361787
2024-01-07 07:30:00,GEO-02,GEO,1.1501898,0.006685638,0.44702184,-0.37726042
2024-01-07 07:45:00,GEO-02,GEO,0.9926503,-0.13036177,0.38084275,-0.031759426
2024-01-07 08:00:00,GEO-02,GEO,1.5082146,-0.087855354,0.3678843,-0.08358354
2024-01-07 08:15:00,GEO-02,GEO,0.6614659,0.10251203,0.25909215,-0.15291113
2024-01-07 08:30:00,GEO-02,GEO,1.5148842,0.07299019,0.39776367,-0.15708928
2024-01-07 08:45:00,GEO-02,GEO,1.7020062,0.102109715,0.55676776,-0.22544594
2024-01-07 09:00:00,GEO-02,GEO,1.3364433,0.09107688,0.49251488,-0.10923044
2024-01-07 09:15:00,GEO-02,GEO,0.35840026,0.040695824,0.32297665,-0.10987181
2024-01-07 09:30:00,GEO-02,GEO,0.4568212,0.009529066,0.38091972,-0.18338513
2024-01-07 09:45:00,GEO-02,GEO,0.9345336,-0.26136532,0.4887527,-0.16515717
2024-01-07 10:00:00,GEO-02,GEO,0.45323083,-0.017282795,0.13709134,-0.17013186
2024-01-07 10:15:00,GEO-02,GEO,1.2014397,-0.0986542,0.4290199,-0.38190237
2024-01-07 10:30:00,GEO-02,GEO,1.1663325,0.027200187,0.07305658,0.084369645
2024-01-07 10:45:00,GEO-02,GEO,0.97426504,0.031386383,0.32135805,-0.029175714
2024-01-07 11:00:00,GEO-02,GEO,1.1956027,-0.077250436,0.04473457,0.08607516
2024-01-07 11:15:00,GEO-02,GEO,-0.08107005,-0.12143694,0.19279073,-0.35325322
2024-01-07 11:30:00,GEO-02,GEO,-0.0100561585,0.061216615,0.1983,-0.10130873
2024-01-07 11:45:00,GEO-02,GEO,0.5610456,-0.055763524,0.25175968,-0.10692213
2024-01-07 12:00:00,GEO-02,GEO,1.1354215,-0.12583452,0.52325106,-0.26853064
2024-01-07 12:15:00,GEO-02,GEO,-0.24873677,0.040623855,0.21960847,-0.016030878
2024-01-07 12:30:00,GEO-02,GEO,0.059415758,-0.010345239,0.46199185,-0.18640333
2024-01-07 12:45:00,GEO-02,GEO,0.39336604,0.072852224,0.4045226,-0.27554935
2024-01-07 13:00:00,GEO-02,GEO,0.0756138,-0.111761324,0.13868786,-0.18576646
2024-01-07 13:15:00,GEO-02,GEO,-1.01025,-0.02396541,0.30432528,-0.29955778
2024-01-07 13:30:00,GEO-02,GEO,-0.21157415,-0.018661756,0.2751446,-0.15296997
2024-01-07 13:45:00,GEO-02,GEO,-0.20624946,-0.0022029458,0.15444687,-0.20496099
2024-01-07 14:00:00,GEO-02,GEO,-0.24579524,-0.2704318,0.26567787,-0.22253278
2024-01-07 14:15:00,GEO-02,GEO,-0.6286698,-0.19327177,-0.14373681,-0.085581206
2024-01-07 14:30:00,GEO-02,GEO,-0.32712975,0.021101084,0.34293458,0.09830376
2024-01-07 14:45:00,GEO-02,GEO,-1.3451062,0.065423615,0.48253316,0.09806686
2024-01-07 15:00:00,GEO-02,GEO,-0.8222927,-0.08633468,0.2827602,-0.015062352
2024-01-07 15:15:00,GEO-02,GEO,-0.7359428,-0.08578957,0.2807611,0.1512538
2024-01-07 15:30:00,GEO-02,GEO,-0.59572226,0.05069694,-0.03974895,-0.23968412
2024-01-07 15:45:00,GEO-02,GEO,-0.2712996,-0.09396357,0.43548638,-0.061601985
2024-01-07 16:00:00,GEO-02,GEO,-1.109936,-0.046847675,0.3926634,0.01281055
2024-01-07 16:15:00,GEO-02,GEO,-0.67416275,-0.20000282,0.49148425,-0.0108093
2024-01-07 16:30:00,GEO-02,GEO,-1.20006,-0.19177532,0.52045375,0.27849275
2024-01-07 16:45:00,GEO-02,GEO,-1.8425503,-0.1790674,0.16051197,-0.3446716
2024-01-07 17:00:00,GEO-02,GEO,-1.2107273,-0.034569807,0.25512895,-0.13621919
2024-01-07 17:15:00,GEO-02,GEO,-1.1830956,-0.058724537,0.59089965,0.29358885
2024-01-07 17:30:00,GEO-02,GEO,-0.79211074,0.088161044,-0.029769456,0.017128125
2024-01-07 17:45:00,GEO-02,GEO,-1.6645781,-0.12178672,0.37316096,-0.030931398
2024-01-07 18:00:00,GEO-02,GEO,-1.6092482,-0.17930442,0.16741711,-0.03472908
2024-01-07 18:15:00,GEO-02,GEO,-1.2931386,-0.06985527,0.1647302,0.19654524
2024-01-07 18:30:00,GEO-02,GEO,-1.8673254,0.0037221056,0.5001534,0.24135935
2024-01-07 18:45:00,GEO-02,GEO,-2.8357322,-0.32127827,0.3365994,0.14645922
2024-01-07 19:00:00,GEO-02,GEO,-2.4322314,0.041079216,0.38664764,0.011970631
2024-01-07 19:15:00,GEO-02,GEO,-1.7904356,-0.1743768,0.5986989,0.045234885
2024-01-07 19:30:00,GEO-02,GEO,-2.2299564,-0.14651039,0.6110497,-0.012951275
2024-01-07 19:45:00,GEO-02,GEO,-1.9613636,-0.11372718,0.5492503,-0.029965913
2024-01-07 20:00:00,GEO-02,GEO,-1.6540338,-0.13659835,0.57877994,0.10097869
2024-01-07 20:15:00,GEO-02,GEO,-2.0629437,-0.14723833,0.68719965,0.17861727
2024-01-07 20:30:00,GEO-02,GEO,-2.0661416,-0.18011685,0.33451545,0.2638178
2024-01-07 20:45:00,GEO-02,GEO,-2.1436348,0.04088476,0.22563751,0.23785931
2024-01-07 21:00:00,GEO-02,GEO,-1.8603814,-0.053155076,0.53643686,0.14291829
2024-01-07 21:15:00,GEO-02,GEO,-1.9423394,-0.033310857,0.6956175,-0.04833884
2024-01-07 21:30:00,GEO-02,GEO,-1.465672,-0.047062118,0.86134464,0.062690035
2024-01-07 21:45:00,GEO-02,GEO,-1.6893499,-0.15800864,0.62971854,-0.027942292
2024-01-07 22:00:00,GEO-02,GEO,-1.4219983,0.09335919,0.84764075,0.1401512
2024-01-07 22:15:00,GEO-02,GEO,-2.2785788,-0.015539752,0.7499953,-0.117797114
2024-01-07 22:30:00,GEO-02,GEO,-1.1234465,-0.023785528,0.43332097,0.18506658
2024-01-07 22:45:00,GEO-02,GEO,-1.2849982,-0.09514935,0.8063476,0.010149626
2024-01-07 23:00:00,GEO-02,GEO,-0.96124715,0.052321464,1.0177002,-0.12307469
2024-01-07 23:15:00,GEO-02,GEO,-0.5260072,0.0673138,0.6779861,0.33778468
2024-01-07 23:30:00,GEO-02,GEO,-0.29170933,-0.14101133,0.9198189,0.23378237
2024-01-07 23:45:00,GEO-02,GEO,0.55054665,0.15980566,0.774437,0.11769421
2024-01-08 00:00:00,GEO-02,GEO,0.4781642,0.13277364,0.8274679,0.16538695
2024-01-08 00:15:00,GEO-02,GEO,0.44680333,0.17619686,0.8268902,0.16318662
2024-01-08 00:30:00,GEO-02,GEO,0.3137367,0.10747243,0.9433315,-0.049684297
2024-01-08 00:45:00,GEO-02,GEO,-0.06111026,-0.024026785,0.66530496,0.2076036
2024-01-08 01:00:00,GEO-02,GEO,1.2410252,0.104027964,1.1778924,-0.17042822
2024-01-08 01:15:00,GEO-02,GEO,2.3767722,0.16604713,1.2378856,-0.13042662
2024-01-08 01:30:00,GEO-02,GEO,1.0236433,0.12297452,1.2233675,0.21579854
2024-01-08 01:45:00,GEO-02,GEO,2.362678,0.1622887,0.8310395,0.2846968
2024-01-08 02:00:00,GEO-02,GEO,1.7755327,0.11534541,1.1360316,-0.099310026
2024-01-08 02:15:00,GEO-02,GEO,1.8118155,0.11908022,1.1999724,-0.07507698
2024-01-08 02:30:00,GEO-02,GEO,3.073122,0.28590974,1.0825008,0.14063479
2024-01-08 02:45:00,GEO-02,GEO,2.811029,0.3534923,0.8522881,0.055154234
2024-01-08 03:00:00,GEO-02,GEO,2.2603219,0.08968994,0.923662,-0.17485188
2024-01-08 03:15:00,GEO-02,GEO,2.8543375,0.047881156,1.3103133,0.31069633
2024-01-08 03:30:00,GEO-02,GEO,2.2564275,0.4111537,0.9792844,-0.0125372745
2024-01-08 03:45:00,GEO-02,GEO,3.261541,0.16361871,0.8406973,0.33985513
2024-01-08 04:00:00,GEO-02,GEO,3.535138,0.10533567,0.78786683,0.02453617
2024-01-08 04:15:00,GEO-02,GEO,2.355692,-0.026558094,0.77923214,0.23735243
2024-01-08 04:30:00,GEO-02,GEO,3.4558315,0.389317,1.0196506,-0.1284427
2024-01-08 04:45:00,GEO-02,GEO,2.5577033,0.15194282,0.4847293,-0.1374466
2024-01-08 05:00:00,GEO-02,GEO,2.7570071,0.21050094,0.56094116,-0.2587212
2024-01-08 05:15:00,GEO-02,GEO,3.0683885,0.2370433,0.5181774,0.08622337
2024-01-08 05:30:00,GEO-02,GEO,2.7119045,0.14570047,0.934641,-0.1351428
2024-01-08 05:45:00,GEO-02,GEO,1.7416959,0.16490902,0.5870199,-0.09505682
2024-01-08 06:00:00,GEO-02,GEO,2.1538644,0.2251424,0.3801058,-0.0984241
2024-01-08 06:15:00,GEO-02,GEO,1.9819402,0.06514259,0.6678917,-0.18254554
2024-01-08 06:30:00,GEO-02,GEO,2.2218447,0.10488934,0.7606021,-0.21964437
2024-01-08 06:45:00,GEO-02,GEO,2.3391464,0.33361372,0.5461607,0.03403778
2024-01-08 07:00:00,GEO-02,GEO,2.8196123,0.045695458,0.52697533,-0.3613041
2024-01-08 07:15:00,GEO-02,GEO,2.3599443,-0.02982533,0.8277552,-0.14947683
2024-01-08 07:30:00,GEO-02,GEO,1.439928,0.054349422,0.86980844,0.10278255
2024-01-08 07:45:00,GEO-02,GEO,1.4910779,0.17225572,0.61163515,-0.30651775
2024-01-08 08:00:00,GEO-02,GEO,1.9059383,-0.12113834,0.48893914,-0.35391894
2024-01-08 08:15:00,GEO-02,GEO,1.0960522,0.10749621,0.6676527,-0.19733118
2024-01-08 08:30:00,GEO-02,GEO,0.07691414,-0.08608026,0.5598798,-0.5370648
2024-01-08 08:45:00,GEO-02,GEO,0.7797021,0.06503653,0.51070875,-0.3385176
2024-01-08 09:00:00,GEO-02,GEO,0.64276403,-0.05402701,0.74239784,-0.23445684
2024-01-08 09:15:00,GEO-02,GEO,0.8879939,-0.14594175,0.22670309,-0.468806
2024-01-08 09:30:00,GEO-02,GEO,0.36444405,-0.022944763,0.54023635,-0.07722121
2024-01-08 09:45:00,GEO-02,GEO,0.19934647,-0.10027222,0.5373556,-0.12645471
2024-01-08 10:00:00,GEO-02,GEO,0.33630842,-0.103831105,0.9905358,-0.15310566
2024-01-08 10:15:00,GEO-02,GEO,-0.030707221,0.010496197,0.3621916,-0.240536
2024-01-08 10:30:00,GEO-02,GEO,1.2534783,0.038575947,0.60471255,-0.044020943
2024-01-08 10:45:00,GEO-02,GEO,0.8209585,-0.01813055,0.49438617,-0.25348088
2024-01-08 11:00:00,GEO-02,GEO,-0.45970058,0.18554685,0.44376585,-0.48851013
2024-01-08 11:15:00,GEO-02,GEO,0.3232807,-0.049850054,0.51290077,-0.17836955
2024-01-08 11:30:00,GEO-02,GEO,0.9355989,-0.14588524,0.8160843,-0.11595502
2024-01-08 11:45:00,GEO-02,GEO,0.6512955,-0.22159493,0.50283974,-0.44232857
2024-01-08 12:00:00,GEO-02,GEO,0.3756925,-0.06050175,0.24021687,-0.16585816
2024-01-08 12:15:00,GEO-02,GEO,0.21396159,0.06332579,0.26994956,-0.14258894
2024-01-08 12:30:00,GEO-02,GEO,-0.14599876,-0.016773175,0.7153577,-0.11009902
2024-01-08 12:45:00,GEO-02,GEO,-0.41170916,-0.16884248,0.46680278,-0.1258611
2024-01-08 13:00:00,GEO-02,GEO,0.2233549,-0.072122276,0.6451682,-0.11133296
2024-01-08 13:15:00,GEO-02,GEO,0.27667603,-0.16473772,0.3221788,0.15647835
2024-01-08 13:30:00,GEO-02,GEO,0.41128674,-0.06582308,0.4324285,-0.18353699
2024-01-08 13:45:00,GEO-02,GEO,0.43265387,-0.03499174,0.16052836,-0.144507
2024-01-08 14:00:00,GEO-02,GEO,0.2672974,0.043894213,0.7715012,0.023719978
2024-01-08 14:15:00,GEO-02,GEO,-0.94887835,-0.11914184,0.20695844,0.077585615
2024-01-08 14:30:00,GEO-02,GEO,-0.8940113,-0.09701132,0.5663929,-0.049004294
2024-01-08 14:45:00,GEO-02,GEO,0.20662872,-0.077533625,0.2959408,0.14087579
2024-01-08 15:00:00,GEO-02,GEO,0.08958912,-0.10676147,0.47754374,0.03758455
2024-01-08 15:15:00,GEO-02,GEO,-0.8580487,-0.20038559,0.44939074,-0.1310825
2024-01-08 15:30:00,GEO-02,GEO,-0.9776226,-0.14191043,0.28882387,0.12199878
2024-01-08 15:45:00,GEO-02,GEO,-0.60700536,-0.31414545,0.29574028,0.094102144
2024-01-08 16:00:00,GEO-02,GEO,-1.5148709,-0.22158292,0.26498294,0.22428606
2024-01-08 16:15:00,GEO-02,GEO,-1.243489,-0.16912252,0.5499372,-0.12231323
2024-01-08 16:30:00,GEO-02,GEO,-0.74603707,-0.08498831,0.677972,0.16445416
2024-01-08 16:45:00,GEO-02,GEO,-1.3040336,-0.32880387,-0.04622804,-0.09684804
2024-01-08 17:00:00,GEO-02,GEO,-0.9703122,-0.1934384,0.36176506,-0.048178796
2024-01-08 17:15:00,GEO-02,GEO,-2.0233786,-0.2086292,0.26374862,0.15742262
2024-01-08 17:30:00,GEO-02,GEO,-1.0782925,0.15853839,0.49428868,0.15760386
2024-01-08 17:45:00,GEO-02,GEO,-0.62176937,-0.055558283,0.5541274,0.24081856
2024-01-08 18:00:00,GEO-02,GEO,-2.1193318,-0.06130495,0.5067111,0.10042905
2024-01-08 18:15:00,GEO-02,GEO,-1.52367,-0.007962631,0.7283012,0.15649302
2024-01-08 18:30:00,GEO-02,GEO,-2.5521238,-0.18178421,0.36633733,-0.09904354
2024-01-08 18:45:00,GEO-02,GEO,-2.4906094,-0.00688799,0.504689,-0.049501475
2024-01-08 19:00:00,GEO-02,GEO,-1.7448896,-0.07495663,0.987292,0.16474298
2024-01-08 19:15:00,GEO-02,GEO,-2.1908724,-0.08641397,0.4117231,0.24566434
2024-01-08 19:30:00,GEO-02,GEO,-2.4851148,-0.02743996,1.0009612,0.101032816
2024-01-08 19:45:00,GEO-02,GEO,-2.1124997,0.027603233,0.87119234,0.13260259
2024-01-08 20:00:00,GEO-02,GEO,-2.8865743,-0.28064877,0.50863194,0.05072701
2024-01-08 20:15:00,GEO-02,GEO,-2.232253,-0.09434071,0.67699057,0.037790015
2024-01-08 20:30:00,GEO-02,GEO,-1.5031443,0.20564577,0.8084178,0.2531293
2024-01-08 20:45:00,GEO-02,GEO,-1.7294137,0.05824198,0.79298276,0.21860626
2024-01-08 21:00:00,GEO-02,GEO,-1.5932629,-0.039223347,1.00784,0.24295926
2024-01-08 21:15:00,GEO-02,GEO,-1.7553986,-0.11773098,0.822493,0.066734575
2024-01-08 21:30:00,GEO-02,GEO,-0.99482733,-0.11772997,0.6772757,0.38510624
2024-01-08 21:45:00,GEO-02,GEO,-2.4259837,0.15140419,1.0142156,0.08887872
2024-01-08 22:00:00,GEO-02,GEO,-2.0107045,0.012910805,0.63039225,0.15976657
2024-01-08 22:15:00,GEO-02,GEO,-0.8943804,-0.115675606,0.4308534,-0.10978763
2024-01-08 22:30:00,GEO-02,GEO,-0.22947632,0.063545406,1.0210311,0.1385534
2024-01-08 22:45:00,GEO-02,GEO,-0.6173966,-0.049959335,0.87797594,0.19899103
2024-01-08 23:00:00,GEO-02,GEO,-1.0768741,-0.06834632,1.2083045,0.14728782
2024-01-08 23:15:00,GEO-02,GEO,-0.5788849,-0.025839202,1.0315057,0.39585266
2024-01-08 23:30:00,GEO-02,GEO,-0.23510025,-0.051322255,0.9998969,0.16590671
2024-01-08 23:45:00,GEO-02,GEO,0.9277079,-0.120401755,0.943315,-0.25551412
