utc_time,x_error (m),y_error (m),z_error (m),satclockerror (m)
8/25/2025 14:00,-0.6668809113463844,0.7329513223242147,-0.01816246850787055,0.11001381596815821
8/25/2025 14:15,-0.6266980506475648,0.6987952532972612,-0.20575600609144945,0.11628869518639759
8/25/2025 14:30,-0.5539947007015095,0.6966685618337036,-0.3953294256343184,0.10030915354229057
8/25/2025 14:45,-0.5160518346307243,0.6320210134713063,-0.596657508771006,0.09880476278555508
8/25/2025 15:00,-0.5159383228629002,0.607744182154384,-0.623721070369923,0.09447093613966913
8/25/2025 15:15,-0.5710540977084527,0.5591890532116229,-0.688601574090028,0.051886388959045654
8/25/2025 15:30,-0.6167744901709181,0.5345808646486578,-0.764666480925785,0.007873393143685998
8/25/2025 15:45,-0.6861360320389471,0.4736847001726717,-0.8056590080168508,-0.03140723747655184
8/25/2025 16:00,-0.6837966868852169,0.4779144089450455,-0.7951356495542377,-0.050549845024626734
8/25/2025 16:15,-0.6735266972629776,0.3311939493062967,-0.829931730721065,-0.10695574839625652
8/25/2025 16:30,-0.6016423845939434,0.21378096198539784,-0.853132133145711,-0.1759182068292244
8/25/2025 16:45,-0.5548755098171682,0.05996667947353601,-0.8875009757220804,-0.23347819456195135
8/25/2025 17:00,-0.5791848514914908,0.07048684549957238,-0.859894860933148,-0.24932484526662832
8/25/2025 17:15,-0.6074046921776652,-0.003446262847170683,-0.8262438613278846,-0.16220322639217516
8/25/2025 17:30,-0.6204658619445013,-0.10093125852758716,-0.7934307551780593,-0.11018487048093689
8/25/2025 17:45,-0.6939092084098565,-0.22971330622502825,-0.7074735466492613,-0.04106242575750312
8/25/2025 18:00,-0.6267215377403482,-0.20884811529637518,-0.7780031558288361,-0.041463178422993366
8/25/2025 18:15,-0.6233467715465727,-0.1821119150552819,-0.7864985186947567,-0.01852982319374031
8/25/2025 18:30,-0.6124471349347409,-0.14376457090249467,-0.7284047359300437,-0.028905112636070297
8/25/2025 18:45,-0.5906231512365892,-0.1989021290748043,-0.7513877424452577,-0.03692029861402292
8/25/2025 19:00,-0.5930011443847707,-0.1503076401275581,-0.7400666971769274,-0.026894243770335807
8/25/2025 19:15,-0.5998489682725099,-0.17011908661933484,-0.7221985322703983,-0.03100521706557509
8/25/2025 19:30,-0.5742236221673607,-0.14733827831672353,-0.6910822003782585,-0.02298789150576766
8/25/2025 19:45,-0.5610235648257822,-0.13294423899480448,-0.7052016235122607,-0.04656350348964878
8/25/2025 20:00,-0.5503653633558111,-0.12434478075839799,-0.7212859579402697,-0.03851956190253978
8/25/2025 20:15,-0.5496262220143889,-0.12635855192897807,-0.6858331551596808,-0.03981930933563559
8/25/2025 20:30,-0.5358228157892482,-0.11674182175729166,-0.7067604827825013,-0.04978134678246331
8/25/2025 20:45,-0.5692581340790014,-0.12638449788257547,-0.6584950068340427,-0.029780225657183013
8/25/2025 21:00,-0.5494094278518502,-0.14286619890820149,-0.6969184830511714,-0.038552763704846116
8/25/2025 21:15,-0.5318811760858961,-0.10300717097481926,-0.7423567172119258,-0.0318943517765558
8/25/2025 21:30,-0.5794610793340496,-0.10348707061949504,-0.6896268422240109,-0.021213888549158948
8/25/2025 21:45,-0.549347348689013,-0.10188188295531353,-0.6573422514952204,-0.03909891736531297
8/25/2025 22:00,-0.5613821737498462,-0.14425763270616346,-0.6648412158359159,-0.03954659618133636
8/25/2025 22:15,-0.5580051695694702,-0.11155644041621653,-0.6596537800580937,-0.03598795640325806
8/25/2025 22:30,-0.5664072006848582,-0.10485390634339019,-0.7176378066712299,-0.03026199039257753
8/25/2025 22:45,-0.5548406705731601,-0.13520031533123167,-0.6783423698437305,-0.04050617250379819
8/25/2025 23:00,-0.5232081139464471,-0.11670687130859987,-0.7115812018171911,-0.04092971874044868
8/25/2025 23:15,-0.5720645284186772,-0.11893665858963727,-0.6923336224439328,-0.029800911881434772
8/25/2025 23:30,-0.5705728828429931,-0.08412433634054844,-0.722787780795371,-0.03427412067080429
8/25/2025 23:45,-0.5726545176169029,-0.08266058607422413,-0.7100040496942857,-0.05024970101945446
8/26/2025 0:00,-0.5249989207804405,-0.14645510375035115,-0.710650682772327,-0.044848384447895295
8/26/2025 0:15,-0.5594466160396234,-0.07253852764353515,-0.6786189375370377,-0.026873620919514733
8/26/2025 0:30,-0.552576756083244,-0.13313874961334024,-0.6806089419615736,-0.03412059272828023
8/26/2025 0:45,-0.558509711925768,-0.09943773637784015,-0.6912651464266547,-0.04179485560915384
8/26/2025 1:00,-0.5670304012289228,-0.09961861013267376,-0.7243635134683283,-0.03789361948728544
8/26/2025 1:15,-0.555872641428958,-0.13456906596935558,-0.7032345078249828,-0.03668296670924054
8/26/2025 1:30,-0.5135021033373257,-0.10810173118393873,-0.7120718463238602,-0.031920047561063154
8/26/2025 1:45,-0.5302743639570057,-0.11878142478695305,-0.6792063520506211,-0.04572431464508285
8/26/2025 2:00,-0.5655912241600468,-0.10701630503131647,-0.6729312235513414,-0.042314020841489615
8/26/2025 2:15,-0.541986251570536,-0.11276956109521732,-0.6754086417532933,-0.03497081908207839
8/26/2025 2:30,-0.5652543380972475,-0.09560410963958216,-0.7122570016298622,-0.03742836699518068
8/26/2025 2:45,-0.5801179568779782,-0.11552964972406748,-0.7526182863533902,-0.03300035626298099
8/26/2025 3:00,-0.5361352095416692,-0.11985401888624596,-0.7328360190458647,-0.04487551572799462
8/26/2025 3:15,-0.5339236759083745,-0.0973865767318702,-0.6679795685195291,-0.03441592543885487
8/26/2025 3:30,-0.5357176804049165,-0.10655296322702903,-0.7050573027402472,-0.029574173812003363
8/26/2025 3:45,-0.5595650024717806,-0.10386140594854187,-0.712165576595199,-0.03356097014281736
8/26/2025 4:00,-0.5547970165601409,-0.12868345434963524,-0.663483712566171,-0.03585315976743451
8/26/2025 4:15,-0.5403786492871511,-0.1354502549480883,-0.6711621350881243,-0.03740232094021533
8/26/2025 4:30,-0.5460146872250184,-0.12696161539754824,-0.6963984164692569,-0.042273821053301214
8/26/2025 4:45,-0.5583658419830079,-0.12790549387274408,-0.7028635774491747,-0.03724486364794534
8/26/2025 5:00,-0.57764349237162,-0.10289465663556589,-0.6995826692817322,-0.028465860626540752
8/26/2025 5:15,-0.5503820183358751,-0.09952109117360872,-0.6922751770107303,-0.03755489922675631
8/26/2025 5:30,-0.5351992185160154,-0.1196274887328105,-0.6643504686201541,-0.04263608696000354
8/26/2025 5:45,-0.5710130170918861,-0.0914342841915165,-0.6883026470622985,-0.040015270273790975
8/26/2025 6:00,-0.5421249184173649,-0.09254437266325886,-0.6821281513128359,-0.035446160312818116
8/26/2025 6:15,-0.5469578457464036,-0.11254333607794263,-0.6731125509846447,-0.0392325454181187
8/26/2025 6:30,-0.5403726287758286,-0.13147966933245298,-0.7206871203513029,-0.03357095922713499
8/26/2025 6:45,-0.5384561304541844,-0.08886644250720499,-0.6815416859533714,-0.03332348091602208
8/26/2025 7:00,-0.5630982477581007,-0.11795456134572044,-0.7028872872488339,-0.030909777873498155
8/26/2025 7:15,-0.577610261302676,-0.11462725252923071,-0.7480735201921118,-0.027385687450953093
8/26/2025 7:30,-0.5605663656933846,-0.12290666419062067,-0.7401830451420273,-0.030205221598489842
8/26/2025 7:45,-0.5381863104123764,-0.13268661657687725,-0.717604396434099,-0.042929016564085314
8/26/2025 8:00,-0.5606998358135762,-0.14297608935817122,-0.6860905351474492,-0.04272660233367542
8/26/2025 8:15,-0.5630916104470037,-0.1056202280757563,-0.6945810048239298,-0.03726973565338746
8/26/2025 8:30,-0.5808255923578508,-0.13079546823616361,-0.6931456569252483,-0.0397445128572877
8/26/2025 8:45,-0.5246020321123165,-0.06248449245558805,-0.6572131790518365,-0.04427442486001976
8/26/2025 9:00,-0.539183888682417,-0.1361756972531025,-0.7227092104913834,-0.0396819943088918
8/26/2025 9:15,-0.5400619719015856,-0.13922084005972973,-0.6974537068916484,-0.03989836129886118
8/26/2025 9:30,-0.5369498622079283,-0.10780183801802135,-0.6907034363996465,-0.04119925269817901
8/26/2025 9:45,-0.5431010603653389,-0.08968524957706667,-0.7118716305447168,-0.03885200778569898
8/26/2025 10:00,-0.5560170263942414,-0.11572180348068717,-0.6963195368058116,-0.029001518456251745
8/26/2025 10:15,-0.5547496397684113,-0.1066978985398495,-0.7294389545393316,-0.035456788797674
8/26/2025 10:30,-0.5588995554278313,-0.14964035730369318,-0.6682179708262965,-0.020475305442992062
8/26/2025 10:45,-0.5107255773405777,-0.12891320357524363,-0.710759865877009,-0.035646184790719924
8/26/2025 11:00,-0.5434282132513297,-0.1359542496541451,-0.6555766761898559,-0.03868242920685215
8/26/2025 11:15,-0.5594695952834082,-0.1505557801931792,-0.6975562410899515,-0.036742981678392204
8/26/2025 11:30,-0.5448505609425679,-0.11479052205842044,-0.6759849199646737,-0.035079353331882474
8/26/2025 11:45,-0.5680756824547343,-0.15673785950972619,-0.6979798973076552,-0.03390089969160506
8/26/2025 12:00,-0.5285056049862201,-0.14037294800628672,-0.697521042589646,-0.023079910657695518
8/26/2025 12:15,-0.5625728836455203,-0.12641895131398143,-0.7087749655985833,-0.04234283796152892
8/26/2025 12:30,0.10995925403136064,0.5017105014807725,-0.11938317347726207,-0.05820085009472709
8/26/2025 12:45,0.12018761598617095,0.605900597365627,-0.14749427622192554,-0.084487632961847
8/26/2025 13:00,0.10081640544643207,0.5663139470826308,-0.20616956452708915,-0.07110900473117873
8/26/2025 13:15,0.08759471780736508,0.5387978591954711,-0.2290162212893765,-0.0305658252025259
8/26/2025 13:30,0.07762359462803063,0.4983119926933273,-0.2751374985955508,-0.0021846044994738717
8/26/2025 13:45,0.06791085339370566,0.4672444980905762,-0.25220760173652007,0.008913404809698424
8/26/2025 14:00,-0.7377214331178439,0.3389459670284161,0.3652175312557547,0.235241202370269
8/26/2025 14:15,-0.7215586157005144,0.32888101787358354,0.41455465320670726,0.23365161293922607
8/26/2025 14:30,-0.7272160137066551,0.298429971307659,0.2773474896054017,0.21062751596443163
8/26/2025 14:45,-0.7929870692370344,0.3597457351383453,0.17179899927036144,0.19353277014832476
8/26/2025 15:00,-0.8450395111295042,0.36221766465651195,0.059162333138945096,0.17139708698781023
8/26/2025 15:15,-0.8216509485149323,0.3493176726304109,0.04338469380936141,0.16735131229635458
8/26/2025 15:30,-0.8849087217549263,0.3252140181177664,-0.1252647750035301,0.14305571119808902
8/26/2025 15:45,-0.9355269849235943,0.28120167118725053,-0.2673042019555302,0.12759493705921351
8/26/2025 16:00,-0.9679196653967683,0.252407028022667,-0.5143828075410121,0.11763383808139054
8/26/2025 16:15,-0.9854799282590385,0.2602265149044726,-0.4857678989448604,0.11819948878271108
8/26/2025 16:30,-0.948028778462105,0.2313231222170377,-0.5730306841033532,0.04349245789697966
8/26/2025 16:45,-0.8979441989059365,0.18194567674951137,-0.6241541347798548,-0.019128055225330957
8/26/2025 17:00,-0.8516998670630214,0.0937600905241767,-0.7387055689815901,-0.09584221110803715
8/26/2025 17:15,-0.8306391091968298,0.10351676334675777,-0.7598219394651898,-0.10328847094400752
8/26/2025 17:30,-0.7987941351818936,0.01721894020713851,-0.7514629652267153,-0.1371160835824003
8/26/2025 17:45,-0.7118006323234752,-0.06715791273034014,-0.8225672257768036,-0.17214982649540178
8/26/2025 18:00,-0.6770972413615451,-0.17589955672196034,-0.8164877462895554,-0.2098530000403873
8/26/2025 18:15,-0.6394648535446195,-0.1784045596367328,-0.8965070006480509,-0.19678059898686254
8/26/2025 18:30,-0.6838752866499137,-0.15853308774470917,-0.8264253354325619,-0.20961162210985898
8/26/2025 18:45,-0.64298710021894,-0.13318895058806973,-0.8359047984602244,-0.2017248793548284
8/26/2025 19:00,-0.6720592925791531,-0.1465059395913053,-0.8279523081763429,-0.19446986454742896
8/26/2025 19:15,-0.6279071373800269,-0.11837631337299752,-0.7908374762534967,-0.19347193364797036
8/26/2025 19:30,-0.6481220027830588,-0.08829907907436288,-0.7601678927300515,-0.19265626867189162
8/26/2025 19:45,-0.6712536288444589,-0.12105356510704056,-0.7552607741830041,-0.19560773629559788
8/26/2025 20:00,-0.6613320224946834,-0.09238101172449348,-0.7133183788958289,-0.18480065518505887
8/26/2025 20:15,-0.6386737172000058,-0.06129329460018143,-0.715832469814467,-0.1845497706330506
8/26/2025 20:30,-0.6344032535012418,-0.08694413803110808,-0.6913557911086693,-0.1888539152690219
8/26/2025 20:45,-0.6520751439141702,-0.0897065115763334,-0.6949793997441318,-0.18271695421584755
8/26/2025 21:00,-0.650260165262888,-0.058827104390729176,-0.7052134586455958,-0.1843743448125065
8/26/2025 21:15,-0.6390328335659092,-0.08495207610552782,-0.7129520659040189,-0.17362309645887045
8/26/2025 21:30,-0.6488893392599042,-0.05987588724158707,-0.7008919070935442,-0.17350901468017438
8/26/2025 21:45,-0.6713111837907128,-0.07188392825703893,-0.6927820166239259,-0.18343024466288316
8/26/2025 22:00,-0.6637518188674336,-0.08560342507464153,-0.6620369209442231,-0.179187102650327
8/26/2025 22:15,-0.6472639595994593,-0.07098225122534917,-0.6848662989106503,-0.18972169991815102
8/26/2025 22:30,-0.6318416034092146,-0.07381287857910393,-0.6841224683709584,-0.18073043607502776
8/26/2025 22:45,-0.62554122580366,-0.061362156276746245,-0.6411533996730007,-0.17484138520073947
8/26/2025 23:00,-0.6386997018830851,-0.08925635594660858,-0.6934795882853128,-0.17203335303806047
8/26/2025 23:15,-0.646443245875679,-0.0787766382670419,-0.6941165401115553,-0.18217222038014452
8/26/2025 23:30,-0.6391828965493116,-0.08060259360868709,-0.6896544844889625,-0.17053744696050893
8/26/2025 23:45,-0.6614515412245306,-0.0669923504665128,-0.7244968160527979,-0.18746350066284967
8/27/2025 0:00,-0.6533732162489398,-0.09773242837467047,-0.7130033093920113,-0.18569633997754628
8/27/2025 0:15,-0.6639273279827671,-0.061431584288766106,-0.7142698437866956,-0.17279328784667294
8/27/2025 0:30,-0.6706070163413996,-0.07121976640623423,-0.6908016925818974,-0.16645505365233557
8/27/2025 0:45,-0.6457155444010872,-0.10291842808017178,-0.7075170139420668,-0.17421874133536486
8/27/2025 1:00,-0.6480443354699512,-0.05803133751508306,-0.7011627847140052,-0.17773754527482938
8/27/2025 1:15,-0.6401450436574102,-0.03979644276091494,-0.6818552576525136,-0.19194291860407095
8/27/2025 1:30,-0.6423716592560514,-0.061700763760424944,-0.6864176374871445,-0.19080418550683662
8/27/2025 1:45,-0.6471455922890829,-0.054143392538326986,-0.7072637063893569,-0.176618488674908
8/27/2025 2:00,-0.642206404762759,-0.07799156699099925,-0.7176020895740574,-0.17983205455918796
8/27/2025 2:15,-0.6516341568892584,-0.10904359079161795,-0.6808825882942569,-0.18476159967735642
8/27/2025 2:30,-0.6444673871797353,-0.11228971750588101,-0.6882331923670083,-0.17703958510683074
8/27/2025 2:45,-0.6623858778057918,-0.07497483391159855,-0.7366458153010712,-0.1767126147346643
8/27/2025 3:00,-0.645146749876966,-0.09003196972836601,-0.7103438785578005,-0.1712457176571994
8/27/2025 3:15,-0.6404476316622861,-0.09576637938709145,-0.700607659959295,-0.17657107189251778
8/27/2025 3:30,-0.6614976429643579,-0.08062447562562294,-0.6881327416843124,-0.16937364452831002
8/27/2025 3:45,-0.6501473119255755,-0.06856662097511684,-0.6854626509657753,-0.177418896835736
8/27/2025 4:00,-0.6607727626140715,-0.10533295118364895,-0.6981995758682363,-0.17823191948596015
8/27/2025 4:15,-0.6592453212287407,-0.08748823982879027,-0.6920702369027548,-0.17045532445914172
8/27/2025 4:30,-0.6686592753976797,-0.05267003381733691,-0.7026697194716797,-0.1839217774727602
8/27/2025 4:45,-0.6310504378929083,-0.09862315637194691,-0.7176805333097381,-0.15891789747898913
8/27/2025 5:00,-0.6341981057048667,-0.06404845556829218,-0.7092884361584437,-0.17499778385049475
8/27/2025 5:15,-0.6425081749334448,-0.08812555604582584,-0.7035879891223829,-0.1749610530076695
8/27/2025 5:30,-0.6199375311962115,-0.0698072172252496,-0.704679655108503,-0.17401000265623276
8/27/2025 5:45,-0.6539397741360217,-0.060003295197972054,-0.742327152916472,-0.16509693813339224
8/27/2025 6:00,-0.6032691948956351,-0.06633227269389759,-0.7120591530924901,-0.17224714466790333
8/27/2025 6:15,-0.6545420260210065,-0.06334811947645413,-0.7028310404231879,-0.1880526158629007
8/27/2025 6:30,-0.6469481791959193,-0.0999795371477583,-0.7096973875655992,-0.1682194898788733
8/27/2025 6:45,-0.6572202527558052,-0.05971297821994992,-0.7089947119419016,-0.1797188904426208
8/27/2025 7:00,-0.6451055396754029,-0.09466636018689803,-0.6940484440690742,-0.1767651969087648
8/27/2025 7:15,-0.6378174050884284,-0.07489555904572305,-0.7259204493871267,-0.18590482938341593
8/27/2025 7:30,-0.652754747799374,-0.07491858891721091,-0.7370889340254981,-0.17400271127489048
8/27/2025 7:45,-0.6230126204588817,-0.07088569288801305,-0.7110561070564865,-0.1817656544743941
8/27/2025 8:00,-0.6472005729019531,-0.07351945150956213,-0.6884320536737423,-0.17681124703184808
8/27/2025 8:15,-0.6467076159276429,-0.09450845584432777,-0.6696491517681539,-0.17934446346203498
8/27/2025 8:30,-0.6652623940676754,-0.10350400261880342,-0.6880656491755246,-0.1647813227461843
8/27/2025 8:45,-0.644379171208247,-0.06400246096189169,-0.7338390125697484,-0.16440392972682996
8/27/2025 9:00,-0.6530711168540558,-0.07620575906156253,-0.7087006630838836,-0.1771649668789228
8/27/2025 9:15,-0.6605310864216646,-0.05907807962928853,-0.6987542853488443,-0.1770498352818945
8/27/2025 9:30,-0.6631776331946356,-0.08030426784302117,-0.700362039045015,-0.17993344617979992
8/27/2025 9:45,-0.4926247682286019,0.3924306820013484,0.4200225439164961,0.04373954241263199
8/27/2025 10:00,-0.3372559476368784,0.26519673422539297,0.21918904690044447,0.005742750755351569
8/27/2025 10:15,-0.22822422987274377,0.14942165952318623,0.07735614838445556,-0.025716708689810564
8/27/2025 10:30,-0.2059680924379851,0.20141909194915503,0.05688181922125507,0.0037194103575489746
8/27/2025 10:45,-0.3156570297137238,0.2663257668788798,0.046663771986049464,-0.004361223191592942
8/27/2025 11:00,-0.42610765585533383,0.38955863607275876,-0.004981863876225099,0.0008576985592347217
8/27/2025 11:15,-0.5458413947777672,0.4272434736545404,-0.014076865542860594,-0.0073987108363770746
8/27/2025 11:30,-0.24369025873440883,0.14314993541630136,-0.04848050532851041,-0.031055869315266205
8/27/2025 11:45,-0.3384935194710218,0.2527980059890384,-0.10980748071780326,-0.010065589694996071
8/27/2025 12:00,-0.3970082481051705,0.3332136989293907,-0.21151597798134242,-0.005268110682863653
8/27/2025 12:15,-0.4901601185383663,0.4602433067244461,-0.32527026538409615,0.012451707545327085
8/27/2025 12:30,-0.5601411294142965,0.5847610081883513,-0.40484561146811365,0.010075045511541343
8/27/2025 12:45,-0.4140188299006584,0.3488646337804734,-0.32708726761971574,-0.0003358376461597655
8/27/2025 13:00,-0.14789687330382031,0.053743537246527605,-0.18222288327920486,-0.04955171655148077
8/27/2025 13:15,-0.16550998841649034,0.007572840792218809,-0.19668187003545032,-0.041273019031278724
8/27/2025 13:30,-0.22446799174885773,0.06548061841916457,-0.28474287139739535,-0.031118265677836158
8/27/2025 13:45,-0.27298590844753334,0.07033457158952229,-0.3207768581569165,-0.03197508833885329
8/27/2025 14:00,-0.7874784557106381,0.6941782462134407,0.4406992043004314,-0.1766317193254569
8/27/2025 14:15,-0.7863770546358136,0.6819679520346383,0.45390419490812145,-0.1840193004574155
8/27/2025 14:30,-0.7209182705244945,0.5646107145452476,0.5081392010281359,-0.1791685184614872
8/27/2025 14:45,-0.6249604468675135,0.4997205509674635,0.5561617363880317,-0.1690198643067589
8/27/2025 15:00,-0.5337247533937756,0.39664055753822014,0.6596940408925875,-0.15569453496378366
8/27/2025 15:15,-0.5448032540628586,0.373159140200286,0.6317925406798525,-0.1608338556893
8/27/2025 15:30,-0.5871952146939935,0.3233573528792391,0.673928768816154,-0.09564199714705979
8/27/2025 15:45,-0.5261460741752517,0.2818208093804358,0.697745286344341,-0.026711001363874692
8/27/2025 16:00,-0.5249031160425536,0.21796081766091935,0.729229574191252,0.03318249234454911
8/27/2025 16:15,-0.5640403235622432,0.19330526547064297,0.7141431571949832,0.03826969925477053
8/27/2025 16:30,-0.5753436898616546,0.032764262194982664,0.7295497067640306,-0.01423030710228185
8/27/2025 16:45,-0.5841831334894195,-0.06398595798041375,0.7199824319643946,-0.04348344777021373
8/27/2025 17:00,-0.6236012418148809,-0.1842125374606997,0.6915085380370183,-0.07365356813874938
8/27/2025 17:15,-0.6647545362661639,-0.19263920740816382,0.7213244852036069,-0.07778173184916853
8/27/2025 17:30,-0.6345535731131988,-0.25830521919024246,0.6082019737952841,0.0028149483190052275
8/27/2025 17:45,-0.6777874810675377,-0.3325202525286915,0.5047674298013174,0.07719746694209997
8/27/2025 18:00,-0.6476676722488749,-0.40698386556286187,0.45228663738152397,0.16404048588413656
8/27/2025 18:15,-0.6247421751850353,-0.4062272782154913,0.4749911189193377,0.16639918101773374
8/27/2025 18:30,-0.6792035627632159,-0.4560640464870039,0.38998014871097225,0.1559475236181335
8/27/2025 18:45,-0.7241910894191964,-0.44320318702016703,0.3050029017946813,0.15182423570393144
8/27/2025 19:00,-0.7392008447202477,-0.4728470830151902,0.168356887624323,0.14335973641383862
8/27/2025 19:15,-0.7674974464702554,-0.45491999940292427,0.17794043509930366,0.1413859045323495
8/27/2025 19:30,-0.7806621841388198,-0.5306452901629838,0.1055824840152304,0.06726285678031883
8/27/2025 19:45,-0.8059555046567732,-0.5374419401057109,-0.09604273138213532,0.01073267218656575
8/27/2025 20:00,-0.8211378656510671,-0.554424659081514,-0.2025007506928822,-0.056599229255875315
8/27/2025 20:15,-0.8327975661094954,-0.5952947342762288,-0.2318813310975075,-0.05455006876797288
8/27/2025 20:30,-0.8338957091800764,-0.5833480211153474,-0.20553102994338343,-0.06763015310874723
8/27/2025 20:45,-0.8304103825487256,-0.5623217585033287,-0.20927477401900949,-0.06715195087506465
8/27/2025 21:00,-0.829296531681205,-0.5172508353512233,-0.1742151158155136,-0.057863520078849914
8/27/2025 21:15,-0.8383818963584961,-0.5571358654939037,-0.17209763748259257,-0.06108332106913418
8/27/2025 21:30,-0.8280837232565235,-0.5208902426465621,-0.1732406249426609,-0.07276452704207712
8/27/2025 21:45,-0.8112375585113473,-0.5242795321170104,-0.17472570269466808,-0.057579025186400526
8/27/2025 22:00,-0.7967484174525792,-0.5053510733241191,-0.13716113260922477,-0.07198243458564489
8/27/2025 22:15,-0.7716266020866855,-0.482071793305096,-0.156517303311185,-0.06572095966316563
8/27/2025 22:30,-0.7949499518144999,-0.4572406173637658,-0.12315535419152122,-0.050578842317176284
8/27/2025 22:45,-0.7785064618189869,-0.44917634308129295,-0.07842723431195853,-0.04745937870848308
8/27/2025 23:00,-0.7773134115537814,-0.47322422925618574,-0.10438769978521059,-0.06750351795922618
8/27/2025 23:15,-0.7979333822257073,-0.48788453967648315,-0.11723907214320593,-0.061660989118103936
8/27/2025 23:30,-0.7849371899375985,-0.436880003837456,-0.13359165997498382,-0.059208558646360834
8/27/2025 23:45,-0.798123435653711,-0.48879038723224766,-0.1712849572395053,-0.047747146638767765
8/28/2025 0:00,-0.7734935384996848,-0.4913426538537356,-0.1587459272262648,-0.06273868220907407
8/28/2025 0:15,-0.7842897985914545,-0.5127412197568948,-0.10575816361548127,-0.06263330469566908
8/28/2025 0:30,-0.8130202607554153,-0.45637372411599697,-0.14791416828219883,-0.04927986677734405
8/28/2025 0:45,-0.7917514384683284,-0.4639790041502352,-0.1460733015990517,-0.06196026408360597
8/28/2025 1:00,-0.7683655146845977,-0.4382119994464437,-0.13521975209088855,-0.05472856479550471
8/28/2025 1:15,-0.7971434240147417,-0.505890098443256,-0.15345259772251413,-0.06922731758310706
8/28/2025 1:30,-0.7872492976104007,-0.45527021954518226,-0.15680308143518168,-0.060618357977763056
8/28/2025 1:45,-0.7857050553044804,-0.4799435778136215,-0.1328770440884924,-0.0704301093210496
8/28/2025 2:00,-0.8105998326156842,-0.46686125863930833,-0.14998425636425453,-0.06644728165630967
8/28/2025 2:15,-0.7862583383861128,-0.5104807513663865,-0.14692283907587134,-0.05395726734209605
8/28/2025 2:30,-0.8162192384467526,-0.45509404388854674,-0.14773995359942518,-0.059818530957316936
8/28/2025 2:45,-0.8041342956861435,-0.46720936928420836,-0.121225495390303,-0.06159318199916974
8/28/2025 3:00,-0.7773699291480263,-0.48188194351772934,-0.1365718694845114,-0.0644255258904864
8/28/2025 3:15,-0.7886801949792266,-0.46972293154802525,-0.1354825774825486,-0.06094417168023383
8/28/2025 3:30,-0.7990822534653413,-0.49479753631822704,-0.1197084096580158,-0.05750450925848918
8/28/2025 3:45,-0.7872690247742553,-0.49149026666537593,-0.13473950295367648,-0.05300985508534456
8/28/2025 4:00,-0.7952377558877506,-0.48942836099226905,-0.13751012258716894,-0.07679530922942487
8/28/2025 4:15,-0.7940945519981355,-0.514123902658037,-0.12228135090666133,-0.06497276342002772
8/28/2025 4:30,-0.7839598320369472,-0.4658718914166265,-0.11825913271884624,-0.05844072826509505
8/28/2025 4:45,-0.8057348532454891,-0.4600088271641599,-0.13484189317491532,-0.06014127525400689
8/28/2025 5:00,-0.7936578846613823,-0.4936572019540795,-0.13021081656721967,-0.05683035978688671
8/28/2025 5:15,-0.7992048062193311,-0.47500072150126377,-0.14775214150425087,-0.05772583195854096
8/28/2025 5:30,-0.81923599797681,-0.4859104679224324,-0.14935683500655714,-0.061499321555470624
8/28/2025 5:45,-0.8087723748086467,-0.47535497523658954,-0.1162057991658412,-0.06296271676745495
8/28/2025 6:00,-0.7696225338261602,-0.49234594036199,-0.12280019400900197,-0.06110796026503378
8/28/2025 6:15,-0.788240237900385,-0.49689382708756286,-0.12258954352835127,-0.051916678428384544
8/28/2025 6:30,-0.8151141655975124,-0.4624888761888641,-0.12613776655486425,-0.06431515954227068
8/28/2025 6:45,-0.818524173325239,-0.4823256358401826,-0.13091061005774135,-0.059903580484266174
8/28/2025 7:00,-0.7960569096108623,-0.4452458001648897,-0.11768525410619397,-0.0582808914030047
8/28/2025 7:15,-0.7697329660543809,-0.4803670947255015,-0.11283011838505692,-0.049203228773238857
8/28/2025 7:30,-0.7972303723743436,-0.49765201378703233,-0.11331585709872838,-0.061469263246301795
8/28/2025 7:45,-0.7737316525071516,-0.45938050332237684,-0.13390023297929815,-0.053168792616112806
8/28/2025 8:00,-0.7887561065755967,-0.4699773472845583,-0.10363872011783436,-0.0513679543130371
8/28/2025 8:15,-0.7868790552156422,-0.4682695836891975,-0.12720346282464312,-0.059909826969936665
8/28/2025 8:30,-0.8153050207523597,-0.46002647732691,-0.11898775131017848,-0.0608786633161213
8/28/2025 8:45,-0.7795439927101537,-0.49279422775477366,-0.12611267609450902,-0.061658761806281104
8/28/2025 9:00,-0.7995613374654287,-0.4834523108362098,-0.12682623344565086,-0.06117600370262383
8/28/2025 9:15,-0.7807148792161683,-0.4842379368519722,-0.14681571573182697,-0.05385812891462916
8/28/2025 9:30,-0.8071003635748342,-0.5041342671818393,-0.11758479505736327,-0.05796665092785407
8/28/2025 9:45,-0.7915072151447764,-0.48587579945629905,-0.07397661143582082,-0.057938437626067055
8/28/2025 10:00,-0.7887549710427688,-0.4574351512485068,-0.13947378949469638,-0.06690735689870336
8/28/2025 10:15,-0.7967155691085085,-0.47697142766295514,-0.13040634787814914,-0.0658675298636656
8/28/2025 10:30,-0.7879284143872332,-0.5051175286773134,-0.14092628513019304,-0.0453592822871347
8/28/2025 10:45,-0.7984831948136684,-0.5088464899361183,-0.14177680210026147,-0.060661820926352236
8/28/2025 11:00,-0.8045029683963456,-0.45159765774168337,-0.10043602256203035,-0.06459707332331271
8/28/2025 11:15,-0.7690361199270757,-0.48279577624223335,-0.14553873986679772,-0.050055295936616444
8/28/2025 11:30,-0.7777910570942124,-0.4926984860373339,-0.14149327171417875,-0.05763177120764516
8/28/2025 11:45,-0.8062618039877292,-0.48606069588438894,-0.16414027194540193,-0.05567816530748804
8/28/2025 12:00,-0.7853500716200491,-0.5074505313950426,-0.14726034651699968,-0.060399587898725564
8/28/2025 12:15,-0.8059757166616698,-0.4558937154190416,-0.1665995426942226,-0.06159032983819561
8/28/2025 12:30,-0.8129290333183583,-0.4881770966651603,-0.11899937558407214,-0.06060750459264599
8/28/2025 12:45,-0.7780292825465945,-0.4568837109141527,-0.07490406584094612,-0.06860497230085026
8/28/2025 13:00,-0.8211000956351184,-0.480272141157673,-0.1393087029292527,-0.06006918373166183
8/28/2025 13:15,-0.7797117983983601,-0.45577929607251355,-0.16575253800938683,-0.05753799876595878
8/28/2025 13:30,-0.7982680732992611,-0.47662735335986217,-0.1135442434963872,-0.04729071973112875
8/28/2025 13:45,-0.7976203266999727,-0.4660234444014081,-0.1466361723844919,-0.058922607214743176
8/28/2025 14:00,-0.6524412082904363,-0.09440203745400955,-0.7180738158087063,-0.18441186388201178
8/28/2025 14:15,-0.6078667916490127,-0.06701230698353365,-0.7075086302746583,-0.18148699014921263
8/28/2025 14:30,-0.6373336476779937,-0.05751961447381733,-0.7020993748037967,-0.1683552791556953
8/28/2025 14:45,-0.6637190178778563,-0.08040833534689054,-0.7070490642213066,-0.17614220772315584
8/28/2025 15:00,-0.6416638353082175,-0.05625993500523524,-0.7046120331985302,-0.18412422363467612
8/28/2025 15:15,-0.5463278456786805,0.38239004175946617,0.37969303772369517,0.03846122811223113
8/28/2025 15:30,-0.3544082379747612,0.24703733659716356,0.21826191070604548,0.006947862757686844
8/28/2025 15:45,-0.21078428068806818,0.15529255536934444,0.07299769011364925,-0.00016899415895004974
8/28/2025 16:00,-0.19354434741552967,0.18241686149405276,0.04497080083341926,-0.0008521495434601475
8/28/2025 16:15,-0.3442972032995812,0.32020973977358225,0.01835309364776711,-0.0033217863205579987
8/28/2025 16:30,-0.4527851739198794,0.3591533286068122,0.007806096286163135,0.010467849660856687
8/28/2025 16:45,-0.5544064623549384,0.43557734717955177,-0.005815262288759143,-0.009110900019590414
8/28/2025 17:00,-0.2607553578005788,0.14960949578192684,0.024606438924171723,-0.03507632013560111
8/28/2025 17:15,-0.32213815517527916,0.215286523636163,-0.0991848204527638,-0.009712495538698062
8/28/2025 17:30,-0.4214720990073274,0.33912083425675205,-0.19273145975843217,-0.010788670159283137
8/28/2025 17:45,-0.4651446590969358,0.47184589738819643,-0.31554798375423365,-0.008611370313371076
8/28/2025 18:00,-0.5690153977385249,0.5449281313051808,-0.39657766511653325,0.013042797266082054
8/28/2025 18:15,-0.37373978078592907,0.34284909130171615,-0.31830690844176573,0.007694868211954744
8/28/2025 18:30,-0.15619306926300958,0.06999737101229042,-0.11865921339904216,-0.040854952048843415
8/28/2025 18:45,-0.1994386421721834,0.08027011449458597,-0.18655342999825716,-0.045301514938126675
8/28/2025 19:00,-0.22873495815692918,0.07536250352630273,-0.253885613005312,-0.04072625010142568
8/28/2025 19:15,-0.26216958585046973,0.06780908207885958,-0.3326576829415378,-0.036336036341984686
8/28/2025 19:30,-0.33644344388892233,0.08136887155634571,-0.3904690075935576,-0.026702595071843253
8/28/2025 19:45,-0.24314697794337628,0.042601976638684314,-0.29543281116993153,0.013891246847103179
8/28/2025 20:00,-0.13001899495661962,0.01760262744242682,-0.1915549319874773,0.03176690422594017
8/28/2025 20:15,-0.30790676102711934,0.3229326730601796,0.17958201024258663,0.0175525474752526
8/28/2025 20:30,-0.46093603044707493,0.6367240691331488,0.5667098350961083,-0.00451486799926821
8/28/2025 20:45,-0.4725220394960286,0.6180599104706089,0.5688804568043917,-0.0006821405413520738
8/28/2025 21:00,-0.30380333198134124,-0.16143287875401585,-0.3813496097876387,0.03848263363301961
8/28/2025 21:15,-0.20471663993775222,-0.11089496974504501,-0.25646015096874986,0.007228569665570651
8/28/2025 21:30,-0.3442020510288155,0.10623082359362745,-0.01664047175443592,0.09881188167769399
8/28/2025 21:45,-0.5112268402920399,0.6630332865165205,0.29545568576952874,0.3156818951947978
8/28/2025 22:00,-0.5831989178965613,0.6577454043646327,0.215354559677728,0.23902412185716887
8/28/2025 22:15,-0.6045228424645275,0.711714206577608,0.09592753961519633,0.17261788582633453
8/28/2025 22:30,-0.6633386752124776,0.7488346804019356,-0.02482670251777569,0.11159630856768828
8/28/2025 22:45,-0.6437569466604487,0.7386904151304424,0.010676493893316864,0.11392556539152181
8/28/2025 23:00,-0.6158523451710688,0.7200162375445076,-0.2366581236305063,0.11309990862741413
8/28/2025 23:15,-0.5565644601080298,0.6841480185531283,-0.4225066690666033,0.10560063769703881
8/28/2025 23:30,-0.5429522448285011,0.6397703081475502,-0.6526713459506146,0.09758102614925278
8/28/2025 23:45,-0.5228463934784466,0.6171681088749797,-0.6254239976105728,0.09826262820697436
8/29/2025 0:00,-0.5887788053125141,0.5620112632455491,-0.6898870937892151,0.04777388176076085
8/29/2025 0:15,-0.6294670374677949,0.490708116975276,-0.7584102255471075,0.0031176261750968
8/29/2025 0:30,-0.676699181401817,0.4473495033069638,-0.7917044183144271,-0.039160239068693994
8/29/2025 0:45,-0.7087003812731114,0.4568974958488964,-0.7757182550107707,-0.04979409695667153
8/29/2025 1:00,-0.6751542334985198,0.3157921469578327,-0.8148590423940536,-0.12992085241501905
8/29/2025 1:15,-0.6370203699233623,0.2114089934705334,-0.8472002924714146,-0.18532151237752945
8/29/2025 1:30,-0.6103422810108518,0.09267740569583374,-0.8420083800074183,-0.23626603975867638
8/29/2025 1:45,-0.5991197030929293,0.058960193517774616,-0.8802065418033919,-0.24841341108737774
8/29/2025 2:00,-0.5947613533317209,-0.015646875906749694,-0.8444867128051441,-0.18730166174364235
8/29/2025 2:15,-0.6519096764119361,-0.13485428728801618,-0.8107900488366205,-0.09145469646165351
8/29/2025 2:30,-0.6704161858514931,-0.21767934744898423,-0.7328959613622038,-0.036200467666479504
8/29/2025 2:45,-0.603303320108165,-0.20591161816092346,-0.7512539478756108,-0.03095249291562871
8/29/2025 3:00,-0.6315764654440074,-0.17334503433343668,-0.7115848604923006,-0.03126286140932854
8/29/2025 3:15,-0.6066002253931735,-0.18651381997848876,-0.7479234092127265,-0.036730463419114685
8/29/2025 3:30,-0.5916333411208333,-0.14686852013895255,-0.7560305604266733,-0.0395140607924726
8/29/2025 3:45,-0.581402549774806,-0.159623084136737,-0.7558520165599376,-0.02114145297535195
8/29/2025 4:00,-0.6058600062143941,-0.1572060827540551,-0.7118092827438446,-0.028925254353688423
8/29/2025 4:15,-0.5756340416463659,-0.158341005706523,-0.7502152596779038,-0.03053074373175072
8/29/2025 4:30,-0.5875430846893318,-0.12196535492800246,-0.6944150707100126,-0.03256064141610044
8/29/2025 4:45,-0.5136897105952424,-0.10095676055910016,-0.6802633118790742,-0.04338440201892477
8/29/2025 5:00,-0.5772628495819003,-0.112011444256312,-0.6880217079980288,-0.028348357132987653
8/29/2025 5:15,-0.568657288328632,-0.07707303677947713,-0.7013636642001105,-0.042328415268843116
8/29/2025 5:30,-0.5685434038688827,-0.09145439862396222,-0.6854047168785172,-0.0349027136848547
8/29/2025 5:45,-0.5757178053008726,-0.12233646705197017,-0.6934187916084319,-0.04757758658892746
8/29/2025 6:00,-0.5308953878587549,-0.12252310646898709,-0.7127228815531499,-0.05022419266968873
8/29/2025 6:15,-0.5140652155761654,-0.10852072453869245,-0.6592580002809859,-0.03467195394385545
8/29/2025 6:30,-0.5596575632774206,-0.13176634600445417,-0.7040489272611791,-0.04210405674705575
8/29/2025 6:45,-0.5729453665863156,-0.09613829166482939,-0.6811167714335129,-0.049883427945811146
8/29/2025 7:00,-0.5873631213496868,-0.11044221474343775,-0.7460907415205152,-0.033206363709586205
8/29/2025 7:15,-0.5560135633629303,-0.11231118497575283,-0.6709320686626917,-0.022794006009923914
8/29/2025 7:30,-0.5571502537875218,-0.10465882090886429,-0.6670207985156633,-0.02760982066663368
8/29/2025 7:45,-0.5624191423305008,-0.08624535174876567,-0.6962888833093771,-0.03846654510839268
8/29/2025 8:00,-0.5486909048362147,-0.11383107424143926,-0.6855302079946788,-0.036711915937755135
8/29/2025 8:15,-0.5459568416507449,-0.11887930916507317,-0.6855354120917024,-0.030918195744568517
8/29/2025 8:30,-0.5470909077870192,-0.09005132065784972,-0.7099700369531663,-0.029372815781814963
8/29/2025 8:45,-0.5571464696094441,-0.09967100528767553,-0.6857671451680704,-0.03903491943798384
8/29/2025 9:00,-0.5695033418846582,-0.1225755876888748,-0.7133433916556419,-0.036544916949222406
8/29/2025 9:15,-0.5416990142187508,-0.11677773963143695,-0.7092779290746495,-0.03478848215209167
8/29/2025 9:30,-0.5519765634074323,-0.11339689170294676,-0.6739734888081348,-0.0331189047919193
8/29/2025 9:45,-0.5381984202364639,-0.11043843877107055,-0.6770710013129341,-0.037647507513716906
8/29/2025 10:00,-0.5397445214718027,-0.14098450261403284,-0.7112635078842142,-0.03756186556995764
8/29/2025 10:15,-0.5745395575071608,-0.14428874223868948,-0.7118167777136168,-0.027673950148856787
8/29/2025 10:30,-0.5747355714285122,-0.13264394938514085,-0.7100272545283396,-0.028796696487957962
8/29/2025 10:45,-0.5640590431613741,-0.13401887502141194,-0.6819936919169203,-0.03362299038307688
8/29/2025 11:00,-0.5687898273392035,-0.1283143826765185,-0.7172355715139257,-0.025437334105126705
8/29/2025 11:15,-0.5402923439898482,-0.10558747949540043,-0.6896401107927567,-0.03931779556863529
8/29/2025 11:30,-0.5466468701122025,-0.11987277383956264,-0.6817047141075127,-0.026071089525591375
8/29/2025 11:45,-0.5348818501035912,-0.11337887262675511,-0.6986906354690967,-0.03319379916627208
8/29/2025 12:00,-0.5459361758683636,-0.13863283510997867,-0.6763508370094428,-0.015206622224545673
8/29/2025 12:15,-0.5488910959423274,-0.12507596566412346,-0.7030854293152426,-0.04463143250126385
8/29/2025 12:30,-0.5333001362213303,-0.10643099146814691,-0.7012455677105371,-0.04131460165211492
8/29/2025 12:45,-0.5447840087326846,-0.10629421074603011,-0.7167730654714349,-0.034009383527084075
8/29/2025 13:00,-0.5511021055581518,-0.1297497706035213,-0.6762061441198347,-0.0341515385288851
8/29/2025 13:15,-0.5288840002253052,-0.11399626361130209,-0.7124868664896532,-0.02391431424775259
8/29/2025 13:30,-0.550361478176959,-0.07778377875351022,-0.689781288301707,-0.0411763572477075
8/29/2025 13:45,-0.5569610880094381,-0.11718274887264372,-0.6983462888805434,-0.030804727249480246
8/29/2025 14:00,-0.809309590928732,0.3776460288040717,0.037916320889506354,0.1686704884614412
8/29/2025 14:15,-0.8141756415909975,0.3465606543605224,0.06822282705034804,0.15757062921653128
8/29/2025 14:30,-0.8918082078846352,0.3285627232059615,-0.12265923329129538,0.1462201981227611
8/29/2025 14:45,-0.9059745103842579,0.2672628281062499,-0.2720548486255548,0.13943186517179393
8/29/2025 15:00,-0.9602113556021005,0.3116879737959806,-0.46799495551556664,0.12057403781030716
8/29/2025 15:15,-0.9577721442215409,0.2516972310005132,-0.4984641758465677,0.11874801452933574
8/29/2025 15:30,-0.930571574543831,0.24845260179135364,-0.5687393988756068,0.054353292067830274
8/29/2025 15:45,-0.8968111060164562,0.18783749025874646,-0.6900102097732577,-0.031076840592335255
8/29/2025 16:00,-0.8681885383040722,0.1283387989006857,-0.7554203150021658,-0.09555847419641994
8/29/2025 16:15,-0.8400365849864682,0.10575854379821543,-0.7821595580639095,-0.0956827715111599
8/29/2025 16:30,-0.7878420722216334,0.03276961381906208,-0.7672405570860954,-0.13992482544421567
8/29/2025 16:45,-0.739895155138662,-0.06917752775023019,-0.7998171802712025,-0.16420202864881692
8/29/2025 17:00,-0.681257368051207,-0.15117189154631572,-0.798205008115486,-0.20600505737832847
8/29/2025 17:15,-0.6800239559978597,-0.15756819822767798,-0.8516213121881231,-0.2072508011169126
8/29/2025 17:30,-0.6625451932133847,-0.1801621709013329,-0.8568577350758612,-0.19337384246982608
8/29/2025 17:45,-0.6643098216515404,-0.11478163007230642,-0.8110042821821843,-0.21112166168166582
8/29/2025 18:00,-0.6583442926456367,-0.1269617382330757,-0.8354610792527428,-0.1973299379482321
8/29/2025 18:15,-0.6516996488525219,-0.12493550716780596,-0.805997597135065,-0.19090251698893398
8/29/2025 18:30,-0.6672927954022175,-0.11707587441609363,-0.7590329445697684,-0.19538506732958968
8/29/2025 18:45,-0.6322136788031676,-0.09154157811251235,-0.7890966776364088,-0.18341215689332893
8/29/2025 19:00,-0.6573279768240575,-0.1045984678022868,-0.7253417460508325,-0.1887280077875167
8/29/2025 19:15,-0.6577810582571514,-0.11959652736164969,-0.7247266053888809,-0.17291923086625
8/29/2025 19:30,-0.6433741443868446,-0.07227207205132954,-0.7019136700862776,-0.17049802558057378
8/29/2025 19:45,-0.6798533526733461,-0.0702816653432565,-0.7258956175135919,-0.1756762908469013
8/29/2025 20:00,-0.6633988156400146,-0.08305771067723042,-0.695344992486136,-0.18968580582104122
8/29/2025 20:15,-0.6355291666508821,-0.09991393295658824,-0.7035811500029568,-0.18384499452056846
8/29/2025 20:30,-0.678294567339496,-0.07792821141229299,-0.6754905876296431,-0.1737488548590507
8/29/2025 20:45,-0.6333818249875899,-0.10554225738282443,-0.703837291559869,-0.17733184798169793
8/29/2025 21:00,-0.6271905853090167,-0.09776889357328837,-0.7196086010583592,-0.19523128517258878
8/29/2025 21:15,-0.6567747023915582,-0.09285332013567626,-0.7089959742594818,-0.16927847789848152
8/29/2025 21:30,-0.6463721089287472,-0.06450746286519603,-0.7313162745075478,-0.1765707144363274
8/29/2025 21:45,-0.6333580253247308,-0.08595478569519022,-0.6957133709810277,-0.18287118663253754
8/29/2025 22:00,-0.6583058884051699,-0.08747026484652785,-0.6919766168825996,-0.1709125443052722
8/29/2025 22:15,-0.6373114778130916,-0.044762995343731946,-0.6537503976967982,-0.18193814692245275
8/29/2025 22:30,-0.6615207265258495,-0.07324382402159324,-0.7166225250034279,-0.1820100828542162
8/29/2025 22:45,-0.6584759923879658,-0.07348322748917992,-0.7094212612053117,-0.17510922564163045
8/29/2025 23:00,-0.6635372825928767,-0.08608081206341574,-0.7156853013534678,-0.1657304456481896
8/29/2025 23:15,-0.6455724182686319,-0.09011005607613656,-0.699659843697284,-0.16676841265268946
8/29/2025 23:30,-0.6327463622187122,-0.11837410520077224,-0.6962106215085841,-0.1751002677007191
8/29/2025 23:45,-0.653859029183252,-0.062289024195358575,-0.70505992673993,-0.17442340823422445
8/30/2025 0:00,-0.6709610731600611,-0.07154006869594075,-0.6818782156728116,-0.17225379287380163
8/30/2025 0:15,-0.6679950609279948,-0.08269391532134945,-0.7165237432189702,-0.18575801677523265
8/30/2025 0:30,-0.6447551433350716,-0.0819484132654656,-0.6839153220505669,-0.1732251730645542
8/30/2025 0:45,-0.6219523862298314,-0.06642359565640038,-0.6930211334522111,-0.18231083275081122
8/30/2025 1:00,-0.6447688991129364,-0.10714523306721459,-0.7042189638073075,-0.17537209109691407
8/30/2025 1:15,-0.6570490749873366,-0.08999468553137176,-0.7103801390224614,-0.17897113209849488
8/30/2025 1:30,-0.6389096429502806,-0.09970773412174673,-0.6546154302433751,-0.1741674773306479
8/30/2025 1:45,-0.6547303171710916,-0.04801921337375442,-0.7205923707463979,-0.17669302175890134
8/30/2025 2:00,-0.6569136076955577,-0.06394367921325719,-0.697914260680811,-0.19772995139218952
8/30/2025 2:15,-0.6660404853570231,-0.1186636045227083,-0.7192338591001692,-0.17629228704384553
8/30/2025 2:30,-0.6288059945783893,-0.1064173440160704,-0.6676544375630165,-0.17323832725181584
8/30/2025 2:45,-0.6909076869132857,-0.08186164935872653,-0.6859360718801332,-0.17453189985878545
8/30/2025 3:00,-0.638411350996404,-0.08790708239970899,-0.7177720272875955,-0.17814787385814698
8/30/2025 3:15,-0.6582579984533387,-0.10305098418392104,-0.693548002119484,-0.16664596377544255
8/30/2025 3:30,-0.6574178819508034,-0.04493951340693828,-0.6987326975052801,-0.17541892901919795
8/30/2025 3:45,-0.624340414253644,-0.07395347759176724,-0.7144825103733384,-0.17458631966106553
8/30/2025 4:00,-0.6621968930594546,-0.07106889388829145,-0.6885530815347717,-0.17058598588757704
8/30/2025 4:15,-0.6616610551859177,-0.09181018644838486,-0.6960557340046994,-0.17508127196615325
8/30/2025 4:30,-0.653013965400118,-0.06667014725444177,-0.6995869239163433,-0.18339160362365098
8/30/2025 4:45,-0.6444523482244592,-0.08627158161530864,-0.7048269273450237,-0.19354586195011136
8/30/2025 5:00,-0.6579136540276035,-0.08454574208532824,-0.6952065500425256,-0.18061692284287323
8/30/2025 5:15,-0.6757215120753483,-0.06864809303536035,-0.6993084883488663,-0.17245521027262398
8/30/2025 5:30,-0.6645812373116267,-0.10846574841640913,-0.7027723045126748,-0.1797993149390666
8/30/2025 5:45,-0.6308056759941814,-0.05112075026236644,-0.7170126480108159,-0.17218998304345018
8/30/2025 6:00,-0.6497863625893089,-0.07626700294438996,-0.6695227741770622,-0.1764911342976206
8/30/2025 6:15,-0.6438665169779691,-0.05673937194066976,-0.7253399969029571,-0.1689802704178928
8/30/2025 6:30,-0.6550751872745505,-0.09862549168499518,-0.6952760783225916,-0.17941775475251917
8/30/2025 6:45,-0.6613374398303525,-0.09591905249904427,-0.7104880253674086,-0.1743889359612276
8/30/2025 7:00,-0.6245723830816334,-0.10016274618596746,-0.6681847766495586,-0.1741366468471312
8/30/2025 7:15,-0.6539231958919077,-0.07505987966346432,-0.7223512645888321,-0.16757257709617768
8/30/2025 7:30,-0.6579374727145567,-0.07833620450846072,-0.7189296553628616,-0.18872227104253558
8/30/2025 7:45,-0.6337189751070268,-0.08776437175362853,-0.7237005406885881,-0.1804935634791418
8/30/2025 8:00,-0.6623263499544079,-0.09753493984467732,-0.697394937937724,-0.17187791822799417
8/30/2025 8:15,-0.6603185193061306,-0.10202379620759727,-0.7319023616031882,-0.16728057349782222
8/30/2025 8:30,-0.6508015037163825,-0.08037094405483938,-0.713707625693652,-0.17588897108349005
8/30/2025 8:45,-0.5346507759322454,0.4091323714043616,0.3652735018360174,0.03451881527472945
8/30/2025 9:00,-0.32902709463810315,0.23583588797988192,0.2427321934772521,0.012902247004775106
8/30/2025 9:15,-0.17239935352341504,0.1835059369763646,0.0658607377789443,-0.017212370765953056
8/30/2025 9:30,-0.1896945602404419,0.19387632638054625,0.018065047849121052,-0.005102772906785333
8/30/2025 9:45,-0.35225563343459265,0.300410795652512,0.0519509651161237,0.0013648959203466848
8/30/2025 10:00,-0.4295743278840723,0.3508509981833107,-0.01519158809994155,0.008888988086461968
8/30/2025 10:15,-0.5539731532042647,0.4471761447583461,0.009153657790315357,0.015488257401634814
8/30/2025 10:30,-0.2536507469563307,0.14816187253609922,-0.007743676867795884,-0.03080262842946639
8/30/2025 10:45,-0.3244799757818579,0.22071152797677754,-0.0645905970785595,-0.022569401088393903
8/30/2025 11:00,-0.402814958075681,0.3780178253787993,-0.18560330023774688,-0.0103791290358183
8/30/2025 11:15,-0.4772062376977526,0.45196562084624153,-0.325035608181519,0.0064896089154376745
8/30/2025 11:30,-0.5407493825093027,0.5693762404352503,-0.426867809415292,0.014890258826200143
8/30/2025 11:45,-0.40810971801296064,0.34421509385871374,-0.3136328401829432,-0.0006435914225317312
8/30/2025 12:00,-0.14411031467453464,0.04378934880852528,-0.1416068980099564,-0.050307961753200445
8/30/2025 12:15,-0.13468341393282524,0.04103715242589949,-0.2045097954427977,-0.031220921130124472
8/30/2025 12:30,-0.24656208857283285,0.08814340497932271,-0.23998303863191692,-0.04372536638733467
8/30/2025 12:45,-0.2867747283137755,0.08143466320280242,-0.34588431726696767,-0.035494933854987726
8/30/2025 13:00,-0.36492812359266474,0.0921502966897044,-0.3935941827820711,-0.02844035737464292
8/30/2025 13:15,-0.25016925606487567,0.08103907155838248,-0.2976474723277367,0.018194643114914654
8/30/2025 13:30,-0.14497570494022166,0.05584028398969321,-0.1618340322150355,0.022042554310474617
8/30/2025 13:45,-0.2987208655362749,0.35510248397197625,0.18911738407576148,0.010155795739377384
8/30/2025 14:00,-0.6248661219749418,-0.08947950467533139,-0.7162726281735688,-0.17626567362929937
8/30/2025 14:15,-0.6952045140912261,-0.05978826769044421,-0.7155364836808114,-0.1635866156621529
8/30/2025 14:30,-0.6667370492153958,-0.0952026970067943,-0.7053127241095036,-0.1692932040396824
8/30/2025 14:45,-0.6079960307802894,-0.08988166819845526,-0.7026077977339183,-0.172296234230145
8/30/2025 15:00,-0.6416673660513842,-0.05042043305829032,-0.7118394854759672,-0.1838139026279089
8/30/2025 15:15,-0.6683612556535218,-0.06406941760285154,-0.704328881637357,-0.18085341421592346
8/30/2025 15:30,-0.6516221206661595,-0.08587298804537873,-0.7047830438315761,-0.17809684058183078
8/30/2025 15:45,-0.6499015505277744,-0.0744007011366401,-0.7004184177321643,-0.18258331685268211
8/30/2025 16:00,-0.6376520643368448,-0.07675755958816527,-0.7519259767685418,-0.17417238070178376
8/30/2025 16:15,-0.6220249768127838,-0.12831443254737185,-0.6657169229916196,-0.17511874362468924
8/30/2025 16:30,-0.6448502820254746,-0.09562235447346662,-0.7069701429826927,-0.18464605376746301
8/30/2025 16:45,-0.6594542578942517,-0.08041294309806894,-0.692164308412832,-0.1695818141164163
8/30/2025 17:00,-0.6385808517301121,-0.08584814059072819,-0.7320050933499669,-0.17679713491027543
8/30/2025 17:15,-0.6619471055826004,-0.0751166750784824,-0.7135545001189696,-0.18887016178016539
8/30/2025 17:30,-0.6672184182517016,-0.059431719641916306,-0.7176492944268477,-0.17781006374963407
8/30/2025 17:45,-0.6786483157258072,-0.08522464411359766,-0.6740798369848026,-0.1756177969557647
8/30/2025 18:00,-0.6755841695718032,-0.09830970631672732,-0.7158898234726182,-0.17105865113674013
8/30/2025 18:15,-0.6650649265764188,-0.07373462718785967,-0.6885547947934337,-0.17969634359422776
8/30/2025 18:30,-0.6694908373287256,-0.08531507907446993,-0.7172039379174029,-0.17201357362968292
8/30/2025 18:45,-0.6460350857706382,-0.08228325135902764,-0.7131806208510751,-0.17623789870717077
8/30/2025 19:00,-0.6698308226580724,-0.08469560129266156,-0.7089688060805771,-0.18614083813166854
8/30/2025 19:15,-0.7004165907747016,-0.03965877462427901,-0.677860640699726,-0.18680080814020156
8/30/2025 19:30,-0.6673847651850702,-0.11933928930002584,-0.7424142038667166,-0.17007133791110254
8/30/2025 19:45,-0.6583856532241291,-0.08641203028584427,-0.7307350979530283,-0.16958730241352485
8/30/2025 20:00,-0.660487192352986,-0.0795746818821493,-0.743582797812329,-0.1753428795110844
8/30/2025 20:15,-0.6270586295587746,-0.09339449472823964,-0.7260942547998828,-0.16761143973764686
8/30/2025 20:30,-0.6606145067223772,-0.06351403417266065,-0.720482358893899,-0.17050610062185353
8/30/2025 20:45,-0.6371046438505674,-0.06505284740056758,-0.7368131017509567,-0.17296490624277594
8/30/2025 21:00,-0.6512613177511181,-0.08035798052591142,-0.7189069655914094,-0.18347923999292606
8/30/2025 21:15,-0.6516282046362624,-0.08432053376332464,-0.7449539149706828,-0.16605748801843673
8/30/2025 21:30,-0.664104298074769,-0.08149922259884863,-0.7246803402743003,-0.17393613284821874
8/30/2025 21:45,-0.6518874234961651,-0.08137176731310625,-0.6795575141080434,-0.18001516313927107
8/30/2025 22:00,-0.6629986382707622,-0.08090224549994662,-0.6957652218341536,-0.18187703619699946
8/30/2025 22:15,-0.6482879971392199,-0.08285093038249582,-0.7001611481990199,-0.17577879869543844
8/30/2025 22:30,-0.6546792061970166,-0.07502163263000608,-0.7243709628306986,-0.1884877285244073
8/30/2025 22:45,-0.5495152311624165,0.43079742616292216,0.37780876144636655,0.04106087088832172
8/30/2025 23:00,-0.31750734613833465,0.22615427358817008,0.214671349389872,0.001624860673106747
8/30/2025 23:15,-0.1985892378851087,0.13732894099298767,0.07515629935486616,-0.020495962495936618
8/30/2025 23:30,-0.20203277557810576,0.16425851972247318,0.06599124620467202,-0.006170453921883064
8/30/2025 23:45,-0.3125570098072362,0.293235696473603,0.048223791356734824,-0.002555719939931104
8/31/2025 0:00,-0.4360260633242122,0.3647796342909245,0.024233348092540154,-0.0038831900971221874
8/31/2025 0:15,-0.5682173696130629,0.4518065698971331,-0.02205834950602665,0.001962899773994895
8/31/2025 0:30,-0.2532252755482026,0.12373760694231083,0.007014962873978383,-0.02324273959857112
8/31/2025 0:45,-0.33811835123382095,0.28261680419532875,-0.10370299932854335,-0.013729641496943132
8/31/2025 1:00,-0.4172288302973206,0.3418052739098511,-0.20494152281243086,-0.007685815242841624
8/31/2025 1:15,-0.5019067887700509,0.4573580597618644,-0.2630962051421652,0.002648332788802609
8/31/2025 1:30,-0.5560347049380782,0.5712954241201147,-0.4440535816016763,0.021218042041913306
8/31/2025 1:45,-0.3906629194412385,0.3400386647243313,-0.33072269495323003,0.005555350857100655
8/31/2025 2:00,-0.14012987646697794,0.03700825886295452,-0.11162289849946554,-0.048804534438673164
8/31/2025 2:15,-0.1425973921933471,0.05963100838257584,-0.23088182663293103,-0.04028201959101185
8/31/2025 2:30,-0.22136776629491722,0.11696632026302387,-0.27895453187191527,-0.04821982584392559
8/31/2025 2:45,-0.26783132244646807,0.08125184671686572,-0.34141659054384227,-0.025242488338336366
8/31/2025 3:00,-0.3288892837970041,0.11417991023797593,-0.39999286559191954,-0.015470450480932825
8/31/2025 3:15,-0.2228535162623352,0.07832807521730001,-0.3495268124547501,0.0055973777911080685
8/31/2025 3:30,-0.14267542111833206,0.04182711027953447,-0.1661834005320374,0.010820293125988808
8/31/2025 3:45,-0.3320438757802562,0.3239142623159548,0.20591633224016118,0.01856036821574605
8/31/2025 4:00,-0.46024365372938864,0.6665483528878106,0.5733599312527295,-0.0016962907511928627
8/31/2025 4:15,-0.44467565632827916,0.6098228205610263,0.5427300444842469,0.003698994342182578
8/31/2025 4:30,-0.2813040320857093,-0.1051801143625417,-0.3628274962404088,0.03909785641506362
8/31/2025 4:45,-0.2067031278529274,-0.11123977225430785,-0.2732342378705729,0.017776425325521733
8/31/2025 5:00,-0.3057534195419509,0.05495102080489261,-0.021493594130823628,0.09708112613198655
8/31/2025 5:15,-0.5102435791911288,0.6267476831608864,0.38431677833998346,0.30939444340563726
8/31/2025 5:30,-0.5501516575245469,0.6812500235464012,0.22176760005915308,0.24735303918592286
8/31/2025 5:45,-0.6239658508325042,0.7022375232597362,0.07497291517940374,0.17667081425527167
8/31/2025 6:00,-0.6728830174894618,0.7559857414109886,-0.01789826417922011,0.10490435295512475
8/31/2025 6:15,-0.640492731477973,0.7280927553630453,-0.0456192114069893,0.10841299043789064
8/31/2025 6:30,-0.6193575473706429,0.6835703483950775,-0.23631665471218494,0.1083407506555323
8/31/2025 6:45,-0.5858090988863531,0.6690977488249754,-0.4269103280867446,0.10042464325205551
8/31/2025 7:00,-0.5408402855717467,0.6345114359185096,-0.6085761618386045,0.08777717832801502
8/31/2025 7:15,-0.5339411373919515,0.6155195039032298,-0.5965839574410188,0.10970198875652258
8/31/2025 7:30,-0.5844978814977093,0.5901826382297506,-0.6700749156875714,0.036778545536363116
8/31/2025 7:45,-0.6431460546122965,0.4999078908563561,-0.737399385724432,0.0035429085711673725
8/31/2025 8:00,-0.6961794794703857,0.4672420417246639,-0.8365870836073491,-0.045951197736216136
8/31/2025 8:15,-0.7003493710347574,0.4691623583249692,-0.8042337924481532,-0.05103638290595256
8/31/2025 8:30,-0.665360300811443,0.30809979755219125,-0.8109101119941425,-0.11237500981672087
8/31/2025 8:45,-0.597366901371864,0.18014227693249046,-0.8524420961421292,-0.1727141108477495
8/31/2025 9:00,-0.5689245783982296,0.07161818365476322,-0.8685432774145424,-0.24890291277476875
8/31/2025 9:15,-0.5783282348958462,0.11031897931461017,-0.8708273511876004,-0.2450686907304002
8/31/2025 9:30,-0.6163228701930067,-0.010388306785292425,-0.8349370551555823,-0.17666941087288562
8/31/2025 9:45,-0.6286671808936997,-0.1471466344495873,-0.7712831619693469,-0.11826798130320111
8/31/2025 10:00,-0.6432148535104164,-0.26755036513547126,-0.6915231751326008,-0.023480732247919495
8/31/2025 10:15,-0.6202097708516335,-0.18060992501523915,-0.7700991676417811,-0.04297098563407572
8/31/2025 10:30,-0.62304060668764,-0.18575444268776645,-0.7339021166022452,-0.031131196473277625
8/31/2025 10:45,-0.5946746920224386,-0.15416100568109994,-0.7377988901919385,-0.031736426446583116
8/31/2025 11:00,-0.6016121297002764,-0.18050695065347336,-0.7703070530779786,-0.03290059056878187
8/31/2025 11:15,-0.5793524338615582,-0.1490299275883107,-0.7541672770392932,-0.038388585496279735
8/31/2025 11:30,-0.589618057456268,-0.13061753247774524,-0.739991625799949,-0.030085191787302845
8/31/2025 11:45,-0.600513511632252,-0.14401657227464632,-0.7317101536601925,-0.046235624806287616
8/31/2025 12:00,-0.5578646687580792,-0.13404024067225168,-0.7074456945709494,-0.03679367954236828
8/31/2025 12:15,-0.5407631452085446,-0.11642086702124751,-0.6843937412169324,-0.04048746124064431
8/31/2025 12:30,-0.5431224711046748,-0.10722345745964819,-0.6713655679174805,-0.041235182098789076
8/31/2025 12:45,-0.5455318844359734,-0.11712473018594688,-0.690627372980708,-0.03394379035237336
8/31/2025 13:00,-0.5576571398867675,-0.09955642424034317,-0.705960907146201,-0.029667158791539194
8/31/2025 13:15,-0.5648645717140873,-0.12508117371404942,-0.7392488555911877,-0.039033073875885234
8/31/2025 13:30,-0.5434940291852076,-0.14048314409085835,-0.6954599035099878,-0.03162373837943446
8/31/2025 13:45,-0.5454648573114685,-0.08172772698332828,-0.6963715375042546,-0.03644232122455227
8/31/2025 14:00,-0.1564223736601337,-0.1341707397369884,-0.16940954987837906,-0.015735206761314034
8/31/2025 14:15,-0.14596479023581624,-0.1022066643243738,-0.17319301904247533,-0.004617825737455674
8/31/2025 14:30,-0.14614649009163952,-0.07188396215194116,-0.16830346408508623,0.0009007678888351793
8/31/2025 14:45,-0.15192286575538577,-0.1214635695756841,-0.15121373733138138,-0.00764886389353575
8/31/2025 15:00,-0.1337512491897425,-0.11444753112146766,-0.16093334262861506,-0.01677359943087498
8/31/2025 15:15,-0.13632886923407392,-0.10353228395625558,-0.17858623733041834,-0.008665468764099835
8/31/2025 15:30,-0.16457142926585988,-0.05102848156416462,-0.2039151277480742,0.005060455395256883
8/31/2025 15:45,-0.16552909131529467,-0.061051224685023914,-0.19228557103741228,-0.010266980297086399
8/31/2025 16:00,-0.1328676442154868,-0.08198897231420746,-0.1845486954368885,-0.0013052807258294129
8/31/2025 16:15,-0.15237397287214333,-0.07892998949510889,-0.17494860177393246,-0.015822660410864026
8/31/2025 16:30,-0.1347969802306371,-0.09409453415329994,-0.18981073102514168,-0.01121962691750965
8/31/2025 16:45,-0.12726342108232316,-0.06375897086260815,-0.19911433522408695,-0.006857819452331823
8/31/2025 17:00,-0.15954218855622976,-0.08633290179250959,-0.20424952705762653,-0.008322873056876137
8/31/2025 17:15,-0.16175376133196379,-0.08420291835400191,-0.21366660160367154,-0.015994451381103336
8/31/2025 17:30,-0.11320752110760295,-0.0687581742999862,-0.18486029777751056,-0.0162787694706717
8/31/2025 17:45,-0.13401781580561273,-0.08292161434886725,-0.20997460960862413,-0.0044271097286485974
8/31/2025 18:00,-0.14614366609137905,-0.08375655974800936,-0.20043222560107535,-0.0030871153854305066
8/31/2025 18:15,-0.1542405524985559,-0.07939188255228408,-0.18809339211268258,-0.0009736699501256864
8/31/2025 18:30,-0.14757836181616657,-0.06544183143157227,-0.20725414940292294,0.0009498787068850916
8/31/2025 18:45,-0.15827770041497272,-0.050312227287229574,-0.17235713438177194,-0.010054730293380944
8/31/2025 19:00,-0.12565127017203848,-0.06917241202014089,-0.16502509428968795,-0.012993703394610472
8/31/2025 19:15,-0.15176776368319575,-0.06530035767518036,-0.19125680056360833,-0.002036037307308501
8/31/2025 19:30,-0.12234577572248045,-0.08313241908700224,-0.18897057093218306,-0.006241411985797299
8/31/2025 19:45,-0.14585087965407129,-0.09216149744133031,-0.16914994503570624,-0.01741882835351434
8/31/2025 20:00,-0.1559617075688386,-0.06795477363992537,-0.1946041437891893,-0.017756225249622486
8/31/2025 20:15,-0.14625474357662474,-0.07653593183412553,-0.1960023031901102,-0.007699228442475034
8/31/2025 20:30,-0.18082997542401263,-0.10486814561684012,-0.15574437325572288,-0.012110831582690685
8/31/2025 20:45,-0.14144831834425334,-0.08541154592546281,-0.1620968278398234,-0.011116417138167349
8/31/2025 21:00,-0.1422246666593337,-0.08105342085222358,-0.16784572839656695,-0.0038717148051714712
8/31/2025 21:15,-0.1265742153414429,-0.08865363242979156,-0.16125358765898512,-0.0059383777721966746
8/31/2025 21:30,-0.16922246435351967,-0.05324091388948308,-0.22029955179238242,-0.0021752515812619652
8/31/2025 21:45,-0.1212708295005179,-0.07105036938997171,-0.1525441100037923,-0.02367545958940609
8/31/2025 22:00,-0.12663939713634353,-0.05517066055366711,-0.1721067483104328,-0.009271706217467483
8/31/2025 22:15,-0.11985222670800545,-0.07489728499280371,-0.15952189114787718,-0.006362583574097369
8/31/2025 22:30,-0.14037784880363746,-0.07813313543992186,-0.1722064220240578,-0.021005903684563877
8/31/2025 22:45,-0.12359857950018706,-0.09622858657949343,-0.179086220315153,-0.015259455167836306
8/31/2025 23:00,-0.16269302538813502,-0.07936780837202728,-0.18568119683886283,-0.01648291805518487
8/31/2025 23:15,-0.12833132347057505,-0.07934782146053938,-0.1726135794557014,-0.010799141812322404
8/31/2025 23:30,-0.15167985113382235,-0.10388132943878073,-0.18642236624366865,-0.00021087153221053742
8/31/2025 23:45,-0.16552713807531202,-0.08917036621084035,-0.16242860939775605,0.0023913451962995318
9/1/2025 0:00,-0.15723264291162153,-0.08532645300199615,-0.21235016291441006,-0.016310215402117197
9/1/2025 0:15,-0.13946146220778213,-0.07222995866580333,-0.19109710664916993,-0.00747095634346189
9/1/2025 0:30,-0.1525157554253374,-0.07137902376356106,-0.1384893003596651,-0.007258416436216822
9/1/2025 0:45,-0.13363235621400282,-0.08991323249411921,-0.19281594489933046,-0.008386835146757516
9/1/2025 1:00,-0.16799436468053328,-0.07124535923359993,-0.18493622803701537,-0.008311987007665802
9/1/2025 1:15,-0.17301044031876664,-0.0828164528993166,-0.19803320892236745,-0.008939819313132355
9/1/2025 1:30,-0.1179590636323325,-0.13058949212295165,-0.17325020052111467,0.00018279560741891673
9/1/2025 1:45,-0.12533054154630738,-0.08819580333038718,-0.19505711523769217,-0.003674386327212271
9/1/2025 2:00,-0.15605525601887568,-0.060400040156206494,-0.1838567183230078,-0.01793104154641047
9/1/2025 2:15,-0.13959566232631135,-0.10947521122086858,-0.16281526722568718,-0.005696546046549553
9/1/2025 2:30,-0.12351032346473864,-0.0775766948934876,-0.19429432880951578,-0.0050593845646658125
9/1/2025 2:45,-0.13295391211320104,-0.0514006691035957,-0.1640408728488617,-0.008865822099151238
9/1/2025 3:00,-0.13721673512497842,-0.09310032489324503,-0.16335707290805837,-0.003483487282463226
9/1/2025 3:15,-0.12232029902375086,-0.07954166318471606,-0.15862336987369133,-0.00970234123378724
9/1/2025 3:30,-0.15104351636019467,-0.10275972225466129,-0.17722273152963602,-0.009620638259793382
9/1/2025 3:45,-0.13905799720229603,-0.05065462246825842,-0.11415358818995076,-0.01014292803920368
9/1/2025 4:00,-0.13982925601582508,-0.08106116402826125,-0.15863196152584413,-0.024247065110464757
9/1/2025 4:15,-0.14383937013584974,-0.07875103792147486,-0.1734732925286342,-0.011472193596041722
9/1/2025 4:30,-0.14568061359096401,-0.055506167964335745,-0.19789781416645347,-0.01534749497189275
9/1/2025 4:45,-0.1384021634719546,-0.06782159488805486,-0.1820555591776817,-0.018763610754254634
9/1/2025 5:00,-0.13900720015600754,-0.09514481580500116,-0.15106962174806643,-0.001488695647818854
9/1/2025 5:15,-0.15604158249478847,-0.09108571057117533,-0.1453091292785739,-0.0076182926124712565
9/1/2025 5:30,-0.1269351984449776,-0.07078209312277674,-0.15001188954000094,-0.01113883840237857
9/1/2025 5:45,-0.15490826280945152,-0.09067408002381448,-0.16411041208853233,-0.01466553923497544
9/1/2025 6:00,-0.14298156543320487,-0.11721543720393715,-0.2056217060123197,-0.008989742303687036
9/1/2025 6:15,-0.14419361377673884,-0.08052625942760636,-0.1701724039003773,-0.004406332822769841
9/1/2025 6:30,-0.1339150460349893,-0.1058917442090431,-0.20533169931408207,-0.01639379457072749
9/1/2025 6:45,-0.1728846907085894,-0.05084925597471655,-0.21033678167714195,-0.010974012899459751
9/1/2025 7:00,-0.1255333226875648,-0.07643733311010036,-0.1752168306252833,-0.005219622923569235
9/1/2025 7:15,-0.15019839854968892,-0.09567002366489896,-0.16943939226988358,-0.02370489438479645
9/1/2025 7:30,-0.12035689038846974,-0.09199857478622227,-0.16170651293541188,-0.011321700274778555
9/1/2025 7:45,-0.1470706202248035,-0.11316531021627169,-0.1699695224162998,-0.013772202811185222
9/1/2025 8:00,-0.14031684620061774,-0.09912361638112153,-0.16926880862342514,-0.01182443014839254
9/1/2025 8:15,-0.10944217078047012,-0.061513964856192205,-0.20010936401224663,-0.0142490716653395
9/1/2025 8:30,-0.14391135900602367,-0.03990820822400791,-0.18221660369650164,-0.010034919300925886
9/1/2025 8:45,-0.12005978016187438,-0.06666762711090522,-0.21073637642940682,0.001738956208998355
9/1/2025 9:00,-0.1389342449376097,-0.08121598917693089,-0.22083023513352787,-0.013077578816325954
9/1/2025 9:15,-0.13301340432030775,-0.0872582634385217,-0.16501655861246825,-0.009019134597320401
9/1/2025 9:30,-0.1384479359647796,-0.09658228823761886,-0.19540004046472664,0.0022077957147884786
9/1/2025 9:45,-0.1262106830925198,-0.04296599587252064,-0.16233458893813602,-0.014568053714121624
9/1/2025 10:00,-0.15033276358144163,-0.08293501305995771,-0.15753737785007993,0.0010207121478686132
9/1/2025 10:15,-0.15502881656445747,-0.041972973009328986,-0.192678381480624,-0.010907091904804869
9/1/2025 10:30,-0.14959409470112725,-0.05480902032426896,-0.16807432972940126,0.0008046221427406106
9/1/2025 10:45,-0.13797990228587093,-0.11052381428106811,-0.1935294022112053,-0.005996627518895113
9/1/2025 11:00,-0.1430222361554203,-0.09141766317616344,-0.21762685604841273,-0.0089176305336593
9/1/2025 11:15,-0.12837494141231914,-0.09147263872094766,-0.17757322506723416,-0.011374840321527881
9/1/2025 11:30,-0.11902337490637188,-0.08099919311585059,-0.18965901607656646,-0.015056054834875373
9/1/2025 11:45,-0.15489965983621234,-0.08065199533491221,-0.18903284650152472,-0.010442541713472503
9/1/2025 12:00,-0.151094427758599,-0.02631948921928917,-0.13990253826200444,-0.005026501585919544
9/1/2025 12:15,-0.16214235797675006,-0.0987283902974136,-0.21111755528724563,-0.011028617356015727
9/1/2025 12:30,-0.10760810885993441,-0.07550975400495351,-0.17229369446166892,-0.013029457166465017
9/1/2025 12:45,-0.1347556330159158,-0.06862098163380129,-0.20031591139746957,-0.012595417962756794
9/1/2025 13:00,-0.13200056964046608,-0.07960780823270452,-0.161607165207254,-0.004399473394923737
9/1/2025 13:15,-0.16063166694067396,-0.07762132307564976,-0.17401121665010041,-0.0028655437501819564
9/1/2025 13:30,-0.13956687952034838,-0.09815211884476352,-0.1723654299042061,-0.015340243035382499
9/1/2025 13:45,-0.7652558047913818,0.6868946139297427,0.4260727270786764,-0.18519741171258386
9/1/2025 13:45,-0.13153735166100627,-0.07768699348076362,-0.1993005783620938,-0.015349718444544141
9/1/2025 14:00,-0.7656899640774384,0.6716367114487528,0.4412263465647821,-0.18216007871240097
9/1/2025 14:15,-0.6991907945268988,0.5792995783043305,0.5010621534431826,-0.1750033961906106
9/1/2025 14:30,-0.6326916249763592,0.4869624451599082,0.5608979603215831,-0.1678467136688202
9/1/2025 14:45,-0.5661924554258198,0.3946253120154859,0.6207337671999836,-0.16069003114702982
9/1/2025 15:00,-0.5662364656601879,0.39548644711553604,0.6502397961862599,-0.159334629332018
9/1/2025 15:15,-0.5573689413842217,0.3263769980041894,0.6738411506241072,-0.09236743597700697
9/1/2025 15:30,-0.5485014171082555,0.2572675488928428,0.6974425050619546,-0.025400242621995944
9/1/2025 15:45,-0.5396338928322892,0.18815809978149622,0.7210438594998019,0.041566950733015105
9/1/2025 16:00,-0.5397307780332617,0.18055386380476607,0.7228787052672575,0.03565234549554815
9/1/2025 16:15,-0.5705739404500848,0.053923501860171946,0.7231477123428912,-0.0024516589037944375
9/1/2025 16:30,-0.6014171028669079,-0.07270686008442218,0.7234167194185248,-0.04055566330313703
9/1/2025 16:45,-0.6322602652837309,-0.19933722202901627,0.7236857264941585,-0.07865966770247962
9/1/2025 17:00,-0.6441607959571256,-0.20553920585282287,0.7211301900451271,-0.07977951882123058
9/1/2025 17:15,-0.6441613287374416,-0.2722583647197928,0.6305876634667168,-0.0010766254547826537
9/1/2025 17:30,-0.6441618615177575,-0.3389775235867627,0.5400451368883065,0.07762626791166527
9/1/2025 17:45,-0.6441623942980734,-0.4056966824537326,0.44950261030989613,0.1563291612781132
9/1/2025 18:00,-0.6426436913119109,-0.3954130940927624,0.4650674871616106,0.16030328108223377
9/1/2025 18:15,-0.6794929273116291,-0.4223268328976369,0.3792670192244729,0.15300642566052994
9/1/2025 18:30,-0.7163421633113474,-0.4492405717025114,0.2934665512873352,0.1457095702388261
9/1/2025 18:45,-0.7531913993110656,-0.47615431050738594,0.20766608335019748,0.13841271481712228
9/1/2025 19:00,-0.782831539826608,-0.4648313241651608,0.20562375536327987,0.14428298242754403
9/1/2025 19:15,-0.8012707848513664,-0.5068694575143797,0.0654407158543206,0.07612224945386648
9/1/2025 19:30,-0.8197100298761246,-0.5489075908635985,-0.07474232365463868,0.007961516480188918
9/1/2025 19:45,-0.838149274900883,-0.5909457242128174,-0.21492536316359798,-0.06019921649348863
9/1/2025 20:00,-0.8443271555572653,-0.596689243621972,-0.2179089007830753,-0.0617387936675588
9/1/2025 20:15,-0.8380728146045752,-0.582251874262703,-0.2071515872724119,-0.061457636878502454
9/1/2025 20:30,-0.8318184736518851,-0.5678145049034339,-0.19639427376174853,-0.0611764800894461
9/1/2025 20:45,-0.8255641326991949,-0.5533771355441649,-0.18563696025108514,-0.060895323300389756
9/1/2025 21:00,-0.8193097917465049,-0.5389397661848958,-0.17487964674042178,-0.06061416651133341
9/1/2025 21:15,-0.8130554507938147,-0.5245023968256268,-0.1641223332297584,-0.060333009722277064
9/1/2025 21:30,-0.8068011098411246,-0.5100650274663578,-0.153365019719095,-0.06005185293322071
9/1/2025 21:45,-0.8005467688884345,-0.4956276581070888,-0.1426077062084316,-0.059770696144164366
9/1/2025 22:00,-0.7942924279357443,-0.48119028874781977,-0.13185039269776824,-0.05948953935510802
9/1/2025 22:15,-0.7942924279357443,-0.48119028874781977,-0.13185039269776824,-0.05948953935510802
9/1/2025 22:30,-0.7942924279357443,-0.48119028874781977,-0.13185039269776824,-0.05948953935510802
9/1/2025 22:45,-0.7942924279357443,-0.48119028874781977,-0.13185039269776824,-0.05948953935510802
9/1/2025 23:00,-0.7942924279357443,-0.48119028874781977,-0.13185039269776824,-0.05948953935510802
9/1/2025 23:15,-0.7942924279357443,-0.48119028874781977,-0.13185039269776824,-0.05948953935510802
9/1/2025 23:30,-0.7942924279357443,-0.48119028874781977,-0.13185039269776824,-0.05948953935510802
9/1/2025 23:45,-0.7942924279357443,-0.48119028874781977,-0.13185039269776824,-0.05948953935510802
9/2/2025 0:00,-0.7942924279357443,-0.48119028874781977,-0.13185039269776824,-0.05948953935510802
9/2/2025 0:15,-0.7942924279357443,-0.48119028874781977,-0.13185039269776824,-0.05948953935510802
9/2/2025 0:30,-0.7942924279357443,-0.48119028874781977,-0.13185039269776824,-0.05948953935510802
9/2/2025 0:45,-0.7942924279357443,-0.48119028874781977,-0.13185039269776824,-0.05948953935510802
9/2/2025 1:00,-0.7942924279357443,-0.48119028874781977,-0.13185039269776824,-0.05948953935510802
9/2/2025 1:15,-0.7942924279357443,-0.48119028874781977,-0.13185039269776824,-0.05948953935510802
9/2/2025 1:30,-0.7942924279357443,-0.48119028874781977,-0.13185039269776824,-0.05948953935510802
9/2/2025 1:45,-0.7942924279357443,-0.48119028874781977,-0.13185039269776824,-0.05948953935510802
9/2/2025 2:00,-0.7942924279357443,-0.48119028874781977,-0.13185039269776824,-0.05948953935510802
9/2/2025 2:15,-0.7942924279357443,-0.48119028874781977,-0.13185039269776824,-0.05948953935510802
9/2/2025 2:30,-0.7942924279357443,-0.48119028874781977,-0.13185039269776824,-0.05948953935510802
9/2/2025 2:45,-0.7942924279357443,-0.48119028874781977,-0.13185039269776824,-0.05948953935510802
9/2/2025 3:00,-0.7942924279357443,-0.48119028874781977,-0.13185039269776824,-0.05948953935510802
9/2/2025 3:15,-0.7942924279357443,-0.48119028874781977,-0.13185039269776824,-0.05948953935510802
9/2/2025 3:30,-0.7942924279357443,-0.48119028874781977,-0.13185039269776824,-0.05948953935510802
9/2/2025 3:45,-0.7942924279357443,-0.48119028874781977,-0.13185039269776824,-0.05948953935510802
9/2/2025 4:00,-0.7942924279357443,-0.48119028874781977,-0.13185039269776824,-0.05948953935510802
9/2/2025 4:15,-0.7942924279357443,-0.48119028874781977,-0.13185039269776824,-0.05948953935510802
9/2/2025 4:30,-0.7942924279357443,-0.48119028874781977,-0.13185039269776824,-0.05948953935510802
9/2/2025 4:45,-0.7942924279357443,-0.48119028874781977,-0.13185039269776824,-0.05948953935510802
9/2/2025 5:00,-0.7942924279357443,-0.48119028874781977,-0.13185039269776824,-0.05948953935510802
9/2/2025 5:15,-0.7942924279357443,-0.48119028874781977,-0.13185039269776824,-0.05948953935510802
9/2/2025 5:30,-0.7942924279357443,-0.48119028874781977,-0.13185039269776824,-0.05948953935510802
9/2/2025 5:45,-0.7942924279357443,-0.48119028874781977,-0.13185039269776824,-0.05948953935510802
9/2/2025 6:00,-0.7942924279357443,-0.48119028874781977,-0.13185039269776824,-0.05948953935510802
9/2/2025 6:15,-0.7942924279357443,-0.48119028874781977,-0.13185039269776824,-0.05948953935510802
9/2/2025 6:30,-0.7942924279357443,-0.48119028874781977,-0.13185039269776824,-0.05948953935510802
9/2/2025 6:45,-0.7942924279357443,-0.48119028874781977,-0.13185039269776824,-0.05948953935510802
9/2/2025 7:00,-0.7942924279357443,-0.48119028874781977,-0.13185039269776824,-0.05948953935510802
9/2/2025 7:15,-0.7942924279357443,-0.48119028874781977,-0.13185039269776824,-0.05948953935510802
9/2/2025 7:30,-0.7942924279357443,-0.48119028874781977,-0.13185039269776824,-0.05948953935510802
9/2/2025 7:45,-0.7942924279357443,-0.48119028874781977,-0.13185039269776824,-0.05948953935510802
9/2/2025 8:00,-0.7942924279357443,-0.48119028874781977,-0.13185039269776824,-0.05948953935510802
9/2/2025 8:15,-0.7942924279357443,-0.48119028874781977,-0.13185039269776824,-0.05948953935510802
9/2/2025 8:30,-0.7942924279357443,-0.48119028874781977,-0.13185039269776824,-0.05948953935510802
9/2/2025 8:45,-0.7942924279357443,-0.48119028874781977,-0.13185039269776824,-0.05948953935510802
9/2/2025 9:00,-0.7942924279357443,-0.48119028874781977,-0.13185039269776824,-0.05948953935510802
9/2/2025 9:15,-0.7942924279357443,-0.48119028874781977,-0.13185039269776824,-0.05948953935510802
9/2/2025 9:30,-0.7942924279357443,-0.48119028874781977,-0.13185039269776824,-0.05948953935510802
9/2/2025 9:45,-0.7942924279357443,-0.48119028874781977,-0.13185039269776824,-0.05948953935510802
9/2/2025 10:00,-0.7942924279357443,-0.48119028874781977,-0.13185039269776824,-0.05948953935510802
9/2/2025 10:15,-0.7942924279357443,-0.48119028874781977,-0.13185039269776824,-0.05948953935510802
9/2/2025 10:30,-0.7942924279357443,-0.48119028874781977,-0.13185039269776824,-0.05948953935510802
9/2/2025 10:45,-0.7942924279357443,-0.48119028874781977,-0.13185039269776824,-0.05948953935510802
9/2/2025 11:00,-0.7942924279357443,-0.48119028874781977,-0.13185039269776824,-0.05948953935510802
9/2/2025 11:15,-0.7942924279357443,-0.48119028874781977,-0.13185039269776824,-0.05948953935510802
9/2/2025 11:30,-0.7942924279357443,-0.48119028874781977,-0.13185039269776824,-0.05948953935510802
9/2/2025 11:45,-0.7942924279357443,-0.48119028874781977,-0.13185039269776824,-0.05948953935510802
9/2/2025 12:00,-0.7942924279357443,-0.48119028874781977,-0.13185039269776824,-0.05948953935510802
9/2/2025 12:15,-0.7942924279357443,-0.48119028874781977,-0.13185039269776824,-0.05948953935510802
9/2/2025 12:30,-0.7942924279357443,-0.48119028874781977,-0.13185039269776824,-0.05948953935510802
9/2/2025 12:45,-0.7942924279357443,-0.48119028874781977,-0.13185039269776824,-0.05948953935510802
9/2/2025 13:00,-0.7942924279357443,-0.48119028874781977,-0.13185039269776824,-0.05948953935510802
9/2/2025 13:15,-0.7942924279357443,-0.48119028874781977,-0.13185039269776824,-0.05948953935510802
9/2/2025 13:30,-0.7942924279357443,-0.48119028874781977,-0.13185039269776824,-0.05948953935510802
9/2/2025 13:45,-0.7942924279357443,-0.48119028874781977,-0.13185039269776824,-0.05948953935510802
9/2/2025 14:00,-0.7942924279357443,-0.48119028874781977,-0.13185039269776824,-0.05948953935510802
9/2/2025 14:15,-0.7942924279357443,-0.48119028874781977,-0.13185039269776824,-0.05948953935510802
9/2/2025 14:30,-0.7942924279357443,-0.48119028874781977,-0.13185039269776824,-0.05948953935510802
9/2/2025 14:45,-0.7942924279357443,-0.48119028874781977,-0.13185039269776824,-0.05948953935510802
9/2/2025 15:00,-0.7942924279357443,-0.48119028874781977,-0.13185039269776824,-0.05948953935510802
9/2/2025 15:15,-0.7942924279357443,-0.48119028874781977,-0.13185039269776824,-0.05948953935510802
9/2/2025 15:30,-0.7942924279357443,-0.48119028874781977,-0.13185039269776824,-0.05948953935510802
9/2/2025 15:45,-0.7942924279357443,-0.48119028874781977,-0.13185039269776824,-0.05948953935510802
9/2/2025 16:00,-0.7942924279357443,-0.48119028874781977,-0.13185039269776824,-0.05948953935510802
9/2/2025 16:15,-0.7942924279357443,-0.48119028874781977,-0.13185039269776824,-0.05948953935510802
9/2/2025 16:30,-0.7942924279357443,-0.48119028874781977,-0.13185039269776824,-0.05948953935510802
9/2/2025 16:45,-0.32521685648398474,0.6016124131973571,0.6749481206019853,-0.03840278017588194
9/2/2025 17:00,-0.3332974775635332,0.6102728343393516,0.6889736062410036,-0.03413573236337933
9/2/2025 17:15,-0.35474624298227364,0.5099091506208073,0.6980596322381782,-0.12209928861939763
9/2/2025 17:30,-0.37619500840101405,0.4095454669022629,0.7071456582353528,-0.21006284487541593
9/2/2025 17:45,-0.3976437738197545,0.30918178318371853,0.7162316842325275,-0.2980264011314342
9/2/2025 18:00,-0.4192954163116485,0.3114194970963411,0.7093981129709482,-0.2969097677011868
9/2/2025 18:15,-0.5146620726236923,0.2280994605827223,0.7010059069244241,-0.30039952938173525
9/2/2025 18:30,-0.6100287289357361,0.14477942406910352,0.6926137008779,-0.3038892910622837
9/2/2025 18:45,-0.7053953852477799,0.061459387555484746,0.6842214948313758,-0.3073790527428321
9/2/2025 19:00,-0.6952667187252094,0.07118520654859124,0.6796593608790739,-0.3105955727948429
9/2/2025 19:15,-0.7213675084539987,0.030138303975164794,0.5953167334691234,-0.04933956747391627
9/2/2025 19:30,-0.747468298182788,-0.010908598598261654,0.5109741060591729,0.21191643784701036
9/2/2025 19:45,-0.7735690879115773,-0.0519555011716881,0.42663147864922246,0.4731724431679369
9/2/2025 20:00,-0.7856013978833224,-0.032206029402981916,0.4309357854593413,0.4803371124542736
9/2/2025 20:15,-0.8223339241023361,-0.0384980157869524,0.3434560549024105,0.35162563815730496
9/2/2025 20:30,-0.8590664503213499,-0.04479000217092289,0.2559763243454797,0.2229141638603363
9/2/2025 20:45,-0.8957989765403636,-0.051081988554893376,0.16849659378854892,0.09420268956336768
9/2/2025 21:00,-0.8891573056625693,-0.05307961434963355,0.152264604276066,0.10230160142466885
9/2/2025 21:15,-0.9448502464371528,-0.1002308870781265,-0.020249681157584576,0.07139606395687037
9/2/2025 21:30,-1.0005431872117363,-0.14738215980661945,-0.19276396659123515,0.040490526489071886
9/2/2025 21:45,-1.0562361279863197,-0.1945334325351124,-0.36527825202488573,0.0095849890212734
9/2/2025 22:00,-1.0632572855723652,-0.2038926375272924,-0.36535880173443125,0.0133331328706251
9/2/2025 22:15,-0.9846118414524713,-0.22252449589295228,-0.4700579057665564,-0.023530749676762924
9/2/2025 22:30,-0.9059663973325773,-0.24115635425861215,-0.5747570097986816,-0.06039463222415095
9/2/2025 22:45,-0.8273209532126834,-0.25978821262427204,-0.6794561138308067,-0.09725851477153898
9/2/2025 23:00,-0.8350916621358138,-0.26186111349818064,-0.6688339070782048,-0.0998777204652259
9/2/2025 23:15,-0.8170176389510643,-0.2546861747417728,-0.6518485153467728,-0.09744020801774565
9/2/2025 23:30,-0.7989436157663148,-0.247511235985365,-0.6348631236153407,-0.09500269557026539
9/2/2025 23:45,-0.7808695925815653,-0.2403362972289572,-0.6178777318839087,-0.09256518312278514
9/3/2025 0:00,-0.7627955693968159,-0.23316135847254937,-0.6008923401524767,-0.09012767067530489
9/3/2025 0:15,-0.7447215462120664,-0.22598641971614156,-0.5839069484210446,-0.08769015822782464
9/3/2025 0:30,-0.7266475230273169,-0.21881148095973374,-0.5669215566896126,-0.08525264578034439
9/3/2025 0:45,-0.7085734998425675,-0.21163654220332592,-0.5499361649581807,-0.08281513333286412
9/3/2025 1:00,-0.690499476657818,-0.2044616034469181,-0.5329507732267486,-0.08037762088538387
9/3/2025 1:15,-0.690499476657818,-0.2044616034469181,-0.5329507732267486,-0.08037762088538387
9/3/2025 1:30,-0.690499476657818,-0.2044616034469181,-0.5329507732267486,-0.08037762088538387
9/3/2025 1:45,-0.690499476657818,-0.2044616034469181,-0.5329507732267486,-0.08037762088538387
9/3/2025 2:00,-0.690499476657818,-0.2044616034469181,-0.5329507732267486,-0.08037762088538387
9/3/2025 2:15,-0.690499476657818,-0.2044616034469181,-0.5329507732267486,-0.08037762088538387
9/3/2025 2:30,-0.690499476657818,-0.2044616034469181,-0.5329507732267486,-0.08037762088538387
9/3/2025 2:45,-0.690499476657818,-0.2044616034469181,-0.5329507732267486,-0.08037762088538387
9/3/2025 3:00,-0.690499476657818,-0.2044616034469181,-0.5329507732267486,-0.08037762088538387
9/3/2025 3:15,-0.690499476657818,-0.2044616034469181,-0.5329507732267486,-0.08037762088538387
9/3/2025 3:30,-0.690499476657818,-0.2044616034469181,-0.5329507732267486,-0.08037762088538387
9/3/2025 3:45,-0.690499476657818,-0.2044616034469181,-0.5329507732267486,-0.08037762088538387
9/3/2025 4:00,-0.690499476657818,-0.2044616034469181,-0.5329507732267486,-0.08037762088538387
9/3/2025 4:15,-0.690499476657818,-0.2044616034469181,-0.5329507732267486,-0.08037762088538387
9/3/2025 4:30,-0.690499476657818,-0.2044616034469181,-0.5329507732267486,-0.08037762088538387
9/3/2025 4:45,-0.690499476657818,-0.2044616034469181,-0.5329507732267486,-0.08037762088538387
9/3/2025 5:00,-0.690499476657818,-0.2044616034469181,-0.5329507732267486,-0.08037762088538387
9/3/2025 5:15,-0.690499476657818,-0.2044616034469181,-0.5329507732267486,-0.08037762088538387
9/3/2025 5:30,-0.690499476657818,-0.2044616034469181,-0.5329507732267486,-0.08037762088538387
9/3/2025 5:45,-0.690499476657818,-0.2044616034469181,-0.5329507732267486,-0.08037762088538387
9/3/2025 6:00,-0.690499476657818,-0.2044616034469181,-0.5329507732267486,-0.08037762088538387
9/3/2025 6:15,-0.690499476657818,-0.2044616034469181,-0.5329507732267486,-0.08037762088538387
9/3/2025 6:30,-0.690499476657818,-0.2044616034469181,-0.5329507732267486,-0.08037762088538387
9/3/2025 6:45,-0.690499476657818,-0.2044616034469181,-0.5329507732267486,-0.08037762088538387
9/3/2025 7:00,-0.690499476657818,-0.2044616034469181,-0.5329507732267486,-0.08037762088538387
9/3/2025 7:15,-0.690499476657818,-0.2044616034469181,-0.5329507732267486,-0.08037762088538387
9/3/2025 7:30,-0.690499476657818,-0.2044616034469181,-0.5329507732267486,-0.08037762088538387
9/3/2025 7:45,-0.690499476657818,-0.2044616034469181,-0.5329507732267486,-0.08037762088538387
9/3/2025 8:00,-0.690499476657818,-0.2044616034469181,-0.5329507732267486,-0.08037762088538387
9/3/2025 8:15,-0.690499476657818,-0.2044616034469181,-0.5329507732267486,-0.08037762088538387
9/3/2025 8:30,-0.690499476657818,-0.2044616034469181,-0.5329507732267486,-0.08037762088538387
9/3/2025 8:45,-0.690499476657818,-0.2044616034469181,-0.5329507732267486,-0.08037762088538387
9/3/2025 9:00,-0.690499476657818,-0.2044616034469181,-0.5329507732267486,-0.08037762088538387
9/3/2025 9:15,-0.690499476657818,-0.2044616034469181,-0.5329507732267486,-0.08037762088538387
9/3/2025 9:30,-0.690499476657818,-0.2044616034469181,-0.5329507732267486,-0.08037762088538387
9/3/2025 9:45,-0.690499476657818,-0.2044616034469181,-0.5329507732267486,-0.08037762088538387
9/3/2025 10:00,-0.03983464200683698,0.05383619178376338,0.07852332910480414,0.0073728272239052504
9/3/2025 10:15,-0.07917454197656025,0.05441842772604009,0.09765476991384342,0.0044389573189658905
9/3/2025 10:30,-0.0992809050884401,0.04410572051617013,0.12407144437060333,0.0005145321416530637
9/3/2025 10:45,-0.07609313937383685,0.0226200141459034,0.08742034838484472,-0.004624766428158289
9/3/2025 11:00,-0.07158039397619348,0.05503129328662762,0.12193957049143736,-0.004537963525669675
9/3/2025 11:15,-0.20329935794339407,0.05162482024131016,0.30170364904010777,-0.004560108826552225
9/3/2025 11:30,-0.33501832191059466,0.04821834719599271,0.4814677275887782,-0.0045822541274347746
9/3/2025 11:45,-0.4667372858777953,0.04481187415067525,0.6612318061374486,-0.004604399428317325
9/3/2025 12:00,-0.1857519105328836,-0.004969835464459329,0.278123425505355,-0.00211409705727255
9/3/2025 12:15,-0.08029111230010315,-0.012962710695106225,0.11587322101046386,0.001095888360109612
9/3/2025 12:30,-0.19528597962313882,-0.04053397380664929,0.16533088955452738,0.019144811089344873
9/3/2025 12:45,-0.3102808469461745,-0.06810523691819234,0.21478855809859088,0.037193733818580134
9/3/2025 13:00,-0.4252757142692102,-0.0956765000297354,0.2642462266426544,0.0552426565478154
9/3/2025 13:15,-0.34472979452509495,-0.09779024611222577,0.2397964760823885,0.038953634048405135
9/3/2025 13:30,-0.07988543168542088,-0.0660074698557219,0.08401622345474292,0.01243039807645932
9/3/2025 13:45,-0.1848336434280922,-0.0656298849961602,0.04949578994241075,-0.00648989741105338
9/3/2025 14:00,-0.16814191540790416,-0.08887286010662811,0.04291840347540389,-0.0081058024783607
9/3/2025 14:15,-0.18412976913288037,-0.1308526618861183,0.0806925560623244,0.0016959247637108002
9/3/2025 14:30,-0.3115401825033403,-0.15472529514072855,0.019964909107356828,-0.0073064940250183305
9/3/2025 14:45,-0.43895059587380025,-0.1785979283953388,-0.04076273784761074,-0.01630891281374746
9/3/2025 15:00,-0.5663610092442601,-0.20247056164994906,-0.1014903848025783,-0.025311331602476592
9/3/2025 15:15,-0.6937714226147201,-0.22634319490455931,-0.16221803175754584,-0.034313750391205725
9/3/2025 15:30,-0.33848015487868144,-0.13572977925164748,-0.09813288317593422,-0.040500293318487285
9/3/2025 15:45,-0.16802660081978069,-0.08030241853630478,-0.1169541397676387,-0.038639791033068846
9/3/2025 16:00,-0.15841265085214065,-0.015767269822285893,-0.045837686464392166,-0.06456022008119747
9/3/2025 16:15,-0.14879870088450062,0.048767878891732994,0.02527876683885437,-0.09048064912932609
9/3/2025 16:30,-0.13918475091686058,0.11330302760575185,0.0963952201421009,-0.11640107817745471
9/3/2025 16:45,-0.12957080094922055,0.17783817631977078,0.16751167344534745,-0.14232150722558334
9/3/2025 17:00,-0.11995685098158052,0.24237332503378967,0.23862812674859396,-0.16824193627371198
9/3/2025 17:15,-0.11034290101394048,0.3069084737478085,0.3097445800518405,-0.19416236532184056
9/3/2025 17:30,-0.10072895104630045,0.3714436224618274,0.38086103335508703,-0.2200827943699692
9/3/2025 17:45,-0.09111500107866041,0.4359787711758463,0.4519774866583336,-0.24600322341809783
9/3/2025 18:00,-0.09111500107866041,0.4359787711758463,0.4519774866583336,-0.24600322341809783
9/3/2025 18:15,-0.09111500107866041,0.4359787711758463,0.4519774866583336,-0.24600322341809783
9/3/2025 18:30,-0.09111500107866041,0.4359787711758463,0.4519774866583336,-0.24600322341809783
9/3/2025 18:45,-0.05265920120810027,0.6941193660319218,0.7364432998713197,-0.3496849396106123
9/3/2025 19:00,-0.03484230774227285,0.698567446669569,0.7334424224387361,-0.35061651893655044
9/3/2025 19:15,-0.13323235607742265,0.6200204416740294,0.7395977285934894,-0.269660167345656
9/3/2025 19:30,-0.23162240441257245,0.5414734366784897,0.7457530347482427,-0.18870381575476153
9/3/2025 19:45,-0.3300124527477223,0.46292643168295,0.751908340902996,-0.10774746416386707
9/3/2025 20:00,-0.34011450252359904,0.4611969179552879,0.762059457290081,-0.11574582881034814
9/3/2025 20:15,-0.4361453382131901,0.41598593486206914,0.70843091119139,-0.06358662939144044
9/3/2025 20:30,-0.5321761739027813,0.3707749517688504,0.6548023650926991,-0.011427429972532752
9/3/2025 20:45,-0.6282070095923723,0.32556396867563164,0.6011738189940081,0.040731769446374945
9/3/2025 21:00,-0.6235590660642596,0.3286004293090521,0.6073261170660323,0.042711638638562525
9/3/2025 21:15,-0.6525658449731112,0.33181600223233015,0.5321727161727544,0.10970494504735798
9/3/2025 21:30,-0.6815726238819628,0.3350315751556082,0.45701931527947653,0.17669825145615345
9/3/2025 21:45,-0.7105794027908144,0.3382471480788863,0.3818659143861986,0.24369155786494892
9/3/2025 22:00,-0.7017559793046387,0.31507268402925465,0.39255776317067864,0.23345380065936866
9/3/2025 22:15,-0.7437028600347887,0.3297381987252217,0.28398334264830016,0.21249421523736822
9/3/2025 22:30,-0.7856497407649387,0.3444037134211887,0.17540892212592163,0.19153462981536779
9/3/2025 22:45,-0.8275966214950886,0.35906922811715575,0.0668345016035431,0.17057504439336738
9/3/2025 23:00,-0.825260653668316,0.3381703336834696,0.0823730609465209,0.1690334325831341
9/3/2025 23:15,-0.8766905057228065,0.31845882170357964,-0.10223997456749957,0.15318328817967058
9/3/2025 23:30,-0.9281203577772971,0.29874730972368974,-0.28685301008152003,0.1373331437762071
9/3/2025 23:45,-0.9795502098317875,0.2790357977437998,-0.47146604559554045,0.12148299937274358
9/4/2025 0:00,-0.9672043759539566,0.2728838066077651,-0.47018091188274597,0.1182540723100772
9/4/2025 0:15,-0.9337862251495737,0.2212812979333147,-0.5649003088616454,0.047502214404881296
9/4/2025 0:30,-0.9003680743451907,0.16967878925886426,-0.659619705840545,-0.02324964350031461
9/4/2025 0:45,-0.8669499235408078,0.1180762805844138,-0.7543391028194445,-0.0940015014055105
9/4/2025 1:00,-0.8501169551052149,0.12095653334421352,-0.7484889943520281,-0.0969268119014891
9/4/2025 1:15,-0.7883318632990187,0.030074991729533374,-0.7779969999807993,-0.13528278775992125
9/4/2025 1:30,-0.7265467714928224,-0.06080654988514678,-0.8075050056095705,-0.17363876361835343
9/4/2025 1:45,-0.6647616796866263,-0.15168809149982693,-0.8370130112383417,-0.2119947394767856
9/4/2025 2:00,-0.6681934634125839,-0.15312653322238684,-0.8688672018865807,-0.20916344874985637
9/4/2025 2:15,-0.6660396176319806,-0.14392435490847794,-0.8482555857946352,-0.20520196714657332
9/4/2025 2:30,-0.6638857718513773,-0.13472217659456906,-0.8276439697026897,-0.2012404855432903
9/4/2025 2:45,-0.6617319260707741,-0.12551999828066018,-0.8070323536107442,-0.19727900394000725
9/4/2025 3:00,-0.6595780802901708,-0.11631781996675128,-0.7864207375187987,-0.19331752233672422
9/4/2025 3:15,-0.6574242345095676,-0.10711564165284239,-0.7658091214268532,-0.18935604073344117
9/4/2025 3:30,-0.6552703887289643,-0.0979134633389335,-0.7451975053349078,-0.18539455913015812
9/4/2025 3:45,-0.653116542948361,-0.08871128502502461,-0.7245858892429623,-0.1814330775268751
9/4/2025 4:00,-0.6509626971677578,-0.07950910671111572,-0.7039742731510168,-0.17747159592359205
9/4/2025 4:15,-0.6509626971677578,-0.07950910671111572,-0.7039742731510168,-0.17747159592359205
9/4/2025 4:30,-0.6509626971677578,-0.07950910671111572,-0.7039742731510168,-0.17747159592359205
9/4/2025 4:45,-0.6509626971677578,-0.07950910671111572,-0.7039742731510168,-0.17747159592359205
9/4/2025 5:00,-0.6509626971677578,-0.07950910671111572,-0.7039742731510168,-0.17747159592359205
9/4/2025 5:15,-0.6509626971677578,-0.07950910671111572,-0.7039742731510168,-0.17747159592359205
9/4/2025 5:30,-0.6509626971677578,-0.07950910671111572,-0.7039742731510168,-0.17747159592359205
9/4/2025 5:45,-0.6509626971677578,-0.07950910671111572,-0.7039742731510168,-0.17747159592359205
9/4/2025 6:00,-0.6509626971677578,-0.07950910671111572,-0.7039742731510168,-0.17747159592359205
9/4/2025 6:15,-0.6509626971677578,-0.07950910671111572,-0.7039742731510168,-0.17747159592359205
9/4/2025 6:30,-0.6509626971677578,-0.07950910671111572,-0.7039742731510168,-0.17747159592359205
9/4/2025 6:45,-0.6509626971677578,-0.07950910671111572,-0.7039742731510168,-0.17747159592359205
9/4/2025 7:00,-0.6509626971677578,-0.07950910671111572,-0.7039742731510168,-0.17747159592359205
9/4/2025 7:15,-0.6509626971677578,-0.07950910671111572,-0.7039742731510168,-0.17747159592359205
9/4/2025 7:30,-0.6509626971677578,-0.07950910671111572,-0.7039742731510168,-0.17747159592359205
9/4/2025 7:45,-0.6509626971677578,-0.07950910671111572,-0.7039742731510168,-0.17747159592359205
9/4/2025 8:00,-0.6509626971677578,-0.07950910671111572,-0.7039742731510168,-0.17747159592359205
9/4/2025 8:15,-0.6509626971677578,-0.07950910671111572,-0.7039742731510168,-0.17747159592359205
9/4/2025 8:30,-0.6509626971677578,-0.07950910671111572,-0.7039742731510168,-0.17747159592359205
9/4/2025 8:45,-0.6509626971677578,-0.07950910671111572,-0.7039742731510168,-0.17747159592359205
9/4/2025 9:00,-0.6509626971677578,-0.07950910671111572,-0.7039742731510168,-0.17747159592359205
9/4/2025 9:15,-0.6509626971677578,-0.07950910671111572,-0.7039742731510168,-0.17747159592359205
9/4/2025 9:30,-0.6509626971677578,-0.07950910671111572,-0.7039742731510168,-0.17747159592359205
9/4/2025 9:45,-0.6509626971677578,-0.07950910671111572,-0.7039742731510168,-0.17747159592359205
9/4/2025 10:00,-0.6509626971677578,-0.07950910671111572,-0.7039742731510168,-0.17747159592359205
9/4/2025 10:15,-0.6509626971677578,-0.07950910671111572,-0.7039742731510168,-0.17747159592359205
9/4/2025 10:30,-0.6509626971677578,-0.07950910671111572,-0.7039742731510168,-0.17747159592359205
9/4/2025 10:45,-0.6509626971677578,-0.07950910671111572,-0.7039742731510168,-0.17747159592359205
9/4/2025 11:00,-0.6509626971677578,-0.07950910671111572,-0.7039742731510168,-0.17747159592359205
9/4/2025 11:15,-0.6509626971677578,-0.07950910671111572,-0.7039742731510168,-0.17747159592359205
9/4/2025 11:30,-0.6509626971677578,-0.07950910671111572,-0.7039742731510168,-0.17747159592359205
9/4/2025 11:45,-0.6509626971677578,-0.07950910671111572,-0.7039742731510168,-0.17747159592359205
9/4/2025 12:00,-0.6509626971677578,-0.07950910671111572,-0.7039742731510168,-0.17747159592359205
9/4/2025 12:15,-0.6509626971677578,-0.07950910671111572,-0.7039742731510168,-0.17747159592359205
9/4/2025 12:30,-0.6509626971677578,-0.07950910671111572,-0.7039742731510168,-0.17747159592359205
9/4/2025 12:45,-0.6509626971677578,-0.07950910671111572,-0.7039742731510168,-0.17747159592359205
9/4/2025 13:00,-0.6509626971677578,-0.07950910671111572,-0.7039742731510168,-0.17747159592359205
9/4/2025 13:15,-0.6509626971677578,-0.07950910671111572,-0.7039742731510168,-0.17747159592359205
9/4/2025 13:30,-0.6509626971677578,-0.07950910671111572,-0.7039742731510168,-0.17747159592359205
9/4/2025 13:45,-0.6509626971677578,-0.07950910671111572,-0.7039742731510168,-0.17747159592359205
9/4/2025 14:00,-0.6509626971677578,-0.07950910671111572,-0.7039742731510168,-0.17747159592359205
9/4/2025 14:15,-0.6509626971677578,-0.07950910671111572,-0.7039742731510168,-0.17747159592359205
9/4/2025 14:30,-0.6509626971677578,-0.07950910671111572,-0.7039742731510168,-0.17747159592359205
9/4/2025 14:45,-0.6509626971677578,-0.07950910671111572,-0.7039742731510168,-0.17747159592359205
9/4/2025 15:00,-0.6509626971677578,-0.07950910671111572,-0.7039742731510168,-0.17747159592359205
9/4/2025 15:15,-0.6509626971677578,-0.07950910671111572,-0.7039742731510168,-0.17747159592359205
9/4/2025 15:30,-0.6509626971677578,-0.07950910671111572,-0.7039742731510168,-0.17747159592359205
9/4/2025 15:45,-0.6509626971677578,-0.07950910671111572,-0.7039742731510168,-0.17747159592359205
9/4/2025 16:00,-0.6509626971677578,-0.07950910671111572,-0.7039742731510168,-0.17747159592359205
9/4/2025 16:15,-0.6509626971677578,-0.07950910671111572,-0.7039742731510168,-0.17747159592359205
9/4/2025 16:30,-0.6509626971677578,-0.07950910671111572,-0.7039742731510168,-0.17747159592359205
9/4/2025 16:45,-0.6509626971677578,-0.07950910671111572,-0.7039742731510168,-0.17747159592359205
9/4/2025 17:00,-0.6509626971677578,-0.07950910671111572,-0.7039742731510168,-0.17747159592359205
9/4/2025 17:15,-0.6509626971677578,-0.07950910671111572,-0.7039742731510168,-0.17747159592359205
9/4/2025 17:30,-0.5346550250151811,0.4174085222399643,0.40905299581404,0.03644841065369215
9/4/2025 17:45,-0.33311111334266214,0.24802306152401618,0.23784198145405583,0.007911091144695567
9/4/2025 18:00,-0.2053039848264494,0.15600527221368818,0.07603519472492777,-0.022939124504262845
9/4/2025 18:15,-0.19498417542317342,0.19533972646026584,0.0483323799950705,-0.0027317731141515
9/4/2025 18:30,-0.314845801611888,0.2778348391398328,0.029869481654840793,-0.0008125909099998838
9/4/2025 18:45,-0.4347074278006027,0.36032995181939975,0.011406583314611085,0.0011065912941517326
9/4/2025 19:00,-0.5545690539893173,0.44282506449896675,-0.007056315025618625,0.003025773498303349
9/4/2025 19:15,-0.2543342714385928,0.1491479999315151,0.006515615026842167,-0.035698107455421846
9/4/2025 19:30,-0.3283490416760205,0.25088802548787686,-0.09716683655859559,-0.022860378195626984
9/4/2025 19:45,-0.4023638119134483,0.35262805104423867,-0.20084928814403336,-0.010022648935832122
9/4/2025 20:00,-0.47637858215087603,0.4543680766006004,-0.3045317397294711,0.002815080323962736
9/4/2025 20:15,-0.5503933523883038,0.5561081021569622,-0.4082141913149089,0.0156528095837576
9/4/2025 20:30,-0.39958209341948586,0.35758296299214787,-0.3259493278330322,-0.001893759595919425
9/4/2025 20:45,-0.12920199594322757,0.04671958013416831,-0.1362700813445822,-0.04333411785320824
9/4/2025 21:00,-0.1822513654524649,0.056446097003885684,-0.20106533949221322,-0.039771518889969444
9/4/2025 21:15,-0.23530073496170226,0.06617261387360304,-0.26586059763984426,-0.03620891992673066
9/4/2025 21:30,-0.2883501044709396,0.07589913074332041,-0.33065585578747525,-0.03264632096349186
9/4/2025 21:45,-0.34139947398017695,0.08562564761303779,-0.39545111393510624,-0.02908372200025307
9/4/2025 22:00,-0.2520014532681261,0.05689633951195822,-0.31706476714801574,0.005069448635356819
9/4/2025 22:15,-0.13029487286038322,0.0352854585304545,-0.17829162220004813,0.024829009829306112
9/4/2025 22:30,-0.2917601999511388,0.34149795191124316,0.19236393340410513,0.01454637569396762
9/4/2025 22:45,-0.4532255270418943,0.6477104452920318,0.5630194890082584,0.004263741558629125
9/4/2025 23:00,-0.4534571488253573,0.6364528446497925,0.5604335959101494,0.0080719967550559
9/4/2025 23:15,-0.2836875879343834,-0.1336368587834696,-0.3645871407228155,0.03496727320762122
9/4/2025 23:30,-0.2110366645217696,-0.11479501516777312,-0.2549394674678411,0.016098326671694765
9/4/2025 23:45,-0.3265330241374865,0.10206071289040797,-0.014728520390688038,0.10029888847297008
9/5/2025 0:00,-0.516253833723242,0.6328004319210974,0.340514867369097,0.313676842425459
9/5/2025 0:15,-0.5627195801748777,0.66962561529032,0.21982113948878212,0.2465234894214331
9/5/2025 0:30,-0.6091853266265133,0.7064507986595429,0.09912741160846728,0.17937013641740718
9/5/2025 0:45,-0.655651073078149,0.7432759820287655,-0.021566316271847564,0.11221678341338125
9/5/2025 1:00,-0.6658848089282188,0.74320256632484,-0.0181234479191063,0.11060534864865298
9/5/2025 1:15,-0.6209448576334168,0.7067851551285914,-0.21192857546407323,0.10610205221453764
9/5/2025 1:30,-0.5760049063386147,0.6703677439323427,-0.40573370300904016,0.10159875578042231
9/5/2025 1:45,-0.5310649550438127,0.633950332736094,-0.599538830554007,0.09709545934630696
9/5/2025 2:00,-0.5237296000622323,0.6217122945161915,-0.6156420692473074,0.1031817722550807
9/5/2025 2:15,-0.5733450489035175,0.5683666264912179,-0.6818396353082339,0.05483362822717881
9/5/2025 2:30,-0.6229604977448024,0.5150209584662444,-0.7480372013691603,0.006485484199276928
9/5/2025 2:45,-0.6725759465860875,0.4616752904412709,-0.8142347674300868,-0.04186265982862497
9/5/2025 3:00,-0.6972817026441274,0.46795414160082,-0.7932233646145681,-0.052013223391176526
9/5/2025 3:15,-0.6560328181556841,0.33577157989844086,-0.8164426616631465,-0.11607765624478938
9/5/2025 3:30,-0.6147839336672408,0.20358901819606173,-0.8396619587117248,-0.18014208909840226
9/5/2025 3:45,-0.5735350491787976,0.07140645649368255,-0.8628812557603032,-0.24420652195201514
9/5/2025 4:00,-0.5825020215074108,0.07510167774277965,-0.8798046635090435,-0.24893562091137966
9/5/2025 4:15,-0.604632635275682,-0.02068525796165939,-0.8278429583555771,-0.17796030557921408
9/5/2025 4:30,-0.6267632490439531,-0.11647219366609843,-0.7758812532021105,-0.1069849902470485
9/5/2025 4:45,-0.6488938628122243,-0.2122591293705375,-0.7239195480486441,-0.03600967491488295
9/5/2025 5:00,-0.6314764462906536,-0.19364049712823064,-0.766603529876383,-0.03348613992859602
9/5/2025 5:15,-0.6215635681113095,-0.1840441765632943,-0.7578900521057871,-0.033896650800639645
9/5/2025 5:30,-0.6116506899319656,-0.17444785599835796,-0.7491765743351912,-0.03430716167268327
9/5/2025 5:45,-0.6017378117526215,-0.16485153543342163,-0.7404630965645953,-0.03471767254472691
9/5/2025 6:00,-0.5918249335732776,-0.15525521486848526,-0.7317496187939994,-0.035128183416770535
9/5/2025 6:15,-0.5819120553939335,-0.14565889430354892,-0.7230361410234034,-0.03553869428881416
9/5/2025 6:30,-0.5719991772145895,-0.13606257373861258,-0.7143226632528076,-0.03594920516085779
9/5/2025 6:45,-0.5620862990352455,-0.1264662531736762,-0.7056091854822116,-0.03635971603290142
9/5/2025 7:00,-0.5521734208559015,-0.11686993260873989,-0.6968957077116157,-0.03677022690494505
9/5/2025 7:15,-0.5521734208559015,-0.11686993260873989,-0.6968957077116157,-0.03677022690494505
9/5/2025 7:30,-0.5521734208559015,-0.11686993260873989,-0.6968957077116157,-0.03677022690494505
9/5/2025 7:45,-0.5521734208559015,-0.11686993260873989,-0.6968957077116157,-0.03677022690494505
9/5/2025 8:00,-0.5521734208559015,-0.11686993260873989,-0.6968957077116157,-0.03677022690494505
9/5/2025 8:15,-0.5521734208559015,-0.11686993260873989,-0.6968957077116157,-0.03677022690494505
9/5/2025 8:30,-0.5521734208559015,-0.11686993260873989,-0.6968957077116157,-0.03677022690494505
9/5/2025 8:45,-0.5521734208559015,-0.11686993260873989,-0.6968957077116157,-0.03677022690494505
9/5/2025 9:00,-0.5521734208559015,-0.11686993260873989,-0.6968957077116157,-0.03677022690494505
9/5/2025 9:15,-0.5521734208559015,-0.11686993260873989,-0.6968957077116157,-0.03677022690494505
9/5/2025 9:30,-0.5521734208559015,-0.11686993260873989,-0.6968957077116157,-0.03677022690494505
9/5/2025 9:45,-0.5521734208559015,-0.11686993260873989,-0.6968957077116157,-0.03677022690494505
9/5/2025 10:00,-0.5521734208559015,-0.11686993260873989,-0.6968957077116157,-0.03677022690494505
9/5/2025 10:15,-0.5521734208559015,-0.11686993260873989,-0.6968957077116157,-0.03677022690494505
9/5/2025 10:30,-0.5521734208559015,-0.11686993260873989,-0.6968957077116157,-0.03677022690494505
9/5/2025 10:45,-0.5521734208559015,-0.11686993260873989,-0.6968957077116157,-0.03677022690494505
9/5/2025 11:00,-0.5521734208559015,-0.11686993260873989,-0.6968957077116157,-0.03677022690494505
9/5/2025 11:15,-0.5521734208559015,-0.11686993260873989,-0.6968957077116157,-0.03677022690494505
9/5/2025 11:30,-0.5521734208559015,-0.11686993260873989,-0.6968957077116157,-0.03677022690494505
9/5/2025 11:45,-0.5521734208559015,-0.11686993260873989,-0.6968957077116157,-0.03677022690494505
9/5/2025 12:00,-0.5521734208559015,-0.11686993260873989,-0.6968957077116157,-0.03677022690494505
9/5/2025 12:15,-0.5521734208559015,-0.11686993260873989,-0.6968957077116157,-0.03677022690494505
9/5/2025 12:30,-0.5521734208559015,-0.11686993260873989,-0.6968957077116157,-0.03677022690494505
9/5/2025 12:45,-0.5521734208559015,-0.11686993260873989,-0.6968957077116157,-0.03677022690494505
9/5/2025 13:00,-0.5521734208559015,-0.11686993260873989,-0.6968957077116157,-0.03677022690494505
9/5/2025 13:15,-0.5521734208559015,-0.11686993260873989,-0.6968957077116157,-0.03677022690494505
9/5/2025 13:30,-0.5521734208559015,-0.11686993260873989,-0.6968957077116157,-0.03677022690494505
9/5/2025 13:45,-0.5521734208559015,-0.11686993260873989,-0.6968957077116157,-0.03677022690494505
9/5/2025 14:00,-0.5521734208559015,-0.11686993260873989,-0.6968957077116157,-0.03677022690494505
9/5/2025 14:15,-0.5521734208559015,-0.11686993260873989,-0.6968957077116157,-0.03677022690494505
9/5/2025 14:30,-0.5521734208559015,-0.11686993260873989,-0.6968957077116157,-0.03677022690494505
9/5/2025 14:45,-0.5521734208559015,-0.11686993260873989,-0.6968957077116157,-0.03677022690494505
9/5/2025 15:00,-0.5521734208559015,-0.11686993260873989,-0.6968957077116157,-0.03677022690494505
9/5/2025 15:15,-0.5521734208559015,-0.11686993260873989,-0.6968957077116157,-0.03677022690494505
9/5/2025 15:30,-0.5521734208559015,-0.11686993260873989,-0.6968957077116157,-0.03677022690494505
9/5/2025 15:45,-0.5521734208559015,-0.11686993260873989,-0.6968957077116157,-0.03677022690494505
9/5/2025 16:00,-0.5521734208559015,-0.11686993260873989,-0.6968957077116157,-0.03677022690494505
9/5/2025 16:15,-0.5521734208559015,-0.11686993260873989,-0.6968957077116157,-0.03677022690494505
9/5/2025 16:30,-0.5521734208559015,-0.11686993260873989,-0.6968957077116157,-0.03677022690494505
9/5/2025 16:45,-0.5521734208559015,-0.11686993260873989,-0.6968957077116157,-0.03677022690494505
9/5/2025 17:00,-0.5521734208559015,-0.11686993260873989,-0.6968957077116157,-0.03677022690494505
9/5/2025 17:15,-0.5521734208559015,-0.11686993260873989,-0.6968957077116157,-0.03677022690494505
9/5/2025 17:30,-0.5521734208559015,-0.11686993260873989,-0.6968957077116157,-0.03677022690494505
9/5/2025 17:45,-0.5521734208559015,-0.11686993260873989,-0.6968957077116157,-0.03677022690494505
9/5/2025 18:00,-0.5521734208559015,-0.11686993260873989,-0.6968957077116157,-0.03677022690494505
9/5/2025 18:15,-0.5521734208559015,-0.11686993260873989,-0.6968957077116157,-0.03677022690494505
9/5/2025 18:30,-0.5521734208559015,-0.11686993260873989,-0.6968957077116157,-0.03677022690494505
9/5/2025 18:45,-0.5521734208559015,-0.11686993260873989,-0.6968957077116157,-0.03677022690494505
9/5/2025 19:00,-0.5521734208559015,-0.11686993260873989,-0.6968957077116157,-0.03677022690494505
9/5/2025 19:15,-0.5521734208559015,-0.11686993260873989,-0.6968957077116157,-0.03677022690494505
9/5/2025 19:30,-0.5521734208559015,-0.11686993260873989,-0.6968957077116157,-0.03677022690494505
9/5/2025 19:45,-0.5521734208559015,-0.11686993260873989,-0.6968957077116157,-0.03677022690494505
9/5/2025 20:00,-0.5521734208559015,-0.11686993260873989,-0.6968957077116157,-0.03677022690494505
9/5/2025 20:15,-0.5521734208559015,-0.11686993260873989,-0.6968957077116157,-0.03677022690494505
9/5/2025 20:30,-0.5521734208559015,-0.11686993260873989,-0.6968957077116157,-0.03677022690494505
9/5/2025 20:45,-0.5521734208559015,-0.11686993260873989,-0.6968957077116157,-0.03677022690494505
9/5/2025 21:00,-0.5521734208559015,-0.11686993260873989,-0.6968957077116157,-0.03677022690494505
9/5/2025 21:15,-0.5521734208559015,-0.11686993260873989,-0.6968957077116157,-0.03677022690494505
9/5/2025 21:30,-0.5521734208559015,-0.11686993260873989,-0.6968957077116157,-0.03677022690494505
9/5/2025 21:45,-0.5521734208559015,-0.11686993260873989,-0.6968957077116157,-0.03677022690494505
9/5/2025 22:00,-0.5521734208559015,-0.11686993260873989,-0.6968957077116157,-0.03677022690494505
9/5/2025 22:15,-0.5521734208559015,-0.11686993260873989,-0.6968957077116157,-0.03677022690494505
9/5/2025 22:30,-0.5521734208559015,-0.11686993260873989,-0.6968957077116157,-0.03677022690494505
9/5/2025 22:45,-0.5521734208559015,-0.11686993260873989,-0.6968957077116157,-0.03677022690494505
9/5/2025 23:00,-0.5521734208559015,-0.11686993260873989,-0.6968957077116157,-0.03677022690494505
9/5/2025 23:15,-0.5521734208559015,-0.11686993260873989,-0.6968957077116157,-0.03677022690494505
9/5/2025 23:30,0.10207653898080316,0.5164872246770589,-0.12180617485228548,-0.06386394445982456
9/5/2025 23:45,0.1034184238315374,0.5988541417947022,-0.15396242479559918,-0.08585718844434333
9/6/2025 0:00,0.09476350389127756,0.5608820321927965,-0.1902176104941387,-0.06075184787297431
9/6/2025 0:15,0.08610858395101773,0.5229099225908909,-0.22647279619267824,-0.03564650730160529
9/6/2025 0:30,0.0774536640107579,0.48493781298898514,-0.26272798189121777,-0.010541166730236265
9/6/2025 0:45,0.06879874407049806,0.44696570338707947,-0.2989831675897573,0.014564173841132743
9/6/2025 1:00,0.042891116608657825,0.21012050432628293,-0.1454153476932712,0.013267471169088751
9/6/2025 1:15,0.04371382899631723,0.055110443876503615,-0.04598686352024887,0.02226021260371623
9/6/2025 1:30,0.014031424430633837,0.09036634423862122,-0.08930944858856596,0.03010757403222409
9/6/2025 1:45,0.0280342715489345,0.6200840985729045,0.10496685172825727,0.027224939139997725
9/6/2025 2:00,0.01463967130126688,0.8033401006668169,0.17151131096348143,0.02306073751834114
9/6/2025 2:15,-0.07930363001938194,0.7075351190464614,-0.3393906540936848,0.10370266072841333
9/6/2025 2:30,-0.17324693134003075,0.6117301374261057,-0.850292619150851,0.18434458393848552
9/6/2025 2:45,-0.08767123192501634,0.3353260294299888,-0.3169682929942478,0.06029793089025771
9/6/2025 3:00,-0.08238992665854616,0.321366176060702,-0.12308493355531396,0.0195867903250688
9/6/2025 3:15,-0.011553136153992283,0.017566707572247958,-0.07658255638485824,-0.0040136305038964174
9/6/2025 3:30,-0.0477838418358071,0.09541322953624806,-0.10330173091903952,0.016618362506888272
9/6/2025 3:45,-0.08298822084637039,0.06590545204980731,-0.11851755453006674,0.01449563354586452
9/6/2025 4:00,-0.35355603187028223,0.6746235038255185,-0.5108464308650206,0.30563520007628664
9/6/2025 4:15,-0.35811250804768346,0.6657095323363327,-0.6097139443970653,0.2652132939354572
9/6/2025 4:30,-0.3626689842250847,0.656795560847147,-0.7085814579291101,0.2247913877946277
9/6/2025 4:45,-0.36722546040248594,0.6478815893579611,-0.8074489714611548,0.18436948165379827
9/6/2025 5:00,-0.34293026706539687,0.636253583499261,-0.8187135805718958,0.18772045288752606
9/6/2025 5:15,-0.43198877677875386,0.5176368188670527,-0.8208561889888519,0.1079071445732064
9/6/2025 5:30,-0.5210472864921109,0.3990200542348444,-0.822998797405808,0.02809383625888673
9/6/2025 5:45,-0.6101057962054678,0.2804032896026361,-0.8251414058227641,-0.051719472055432925
9/6/2025 6:00,-0.6210482612823459,0.27128584700057484,-0.846767135537164,-0.0661647034173373
9/6/2025 6:15,-0.6429675844578635,0.19951536228999667,-0.8050915123273205,-0.10433300127731712
9/6/2025 6:30,-0.6648869076333811,0.1277448775794185,-0.7634158891174768,-0.14250129913729698
9/6/2025 6:45,-0.6868062308088987,0.0559743928688403,-0.7217402659076333,-0.1806695969972768
9/6/2025 7:00,-0.7052642485869999,0.0649131032141136,-0.7361146588123568,-0.17530196424030672
9/6/2025 7:15,-0.6921958591969128,0.04512498699141543,-0.5848056610035817,-0.16523256357666552
9/6/2025 7:30,-0.6791274698068258,0.025336870768717247,-0.43349666319480645,-0.15516316291302432
9/6/2025 7:45,-0.6660590804167388,0.005548754546019066,-0.2821876653860313,-0.1450937622493831
9/6/2025 8:00,-0.6529906910266519,-0.014239361676679108,-0.13087866757725608,-0.1350243615857419
9/6/2025 8:15,-0.6399223016365648,-0.034027477899377295,0.020430330231519078,-0.1249549609221007
9/6/2025 8:30,-0.6268539122464778,-0.05381559412207547,0.17173932804029424,-0.11488556025845952
9/6/2025 8:45,-0.6137855228563908,-0.07360371034477366,0.3230483258490695,-0.10481615959481831
9/6/2025 9:00,-0.6007171334663037,-0.09339182656747182,0.47435732365784467,-0.09474675893117711
9/6/2025 9:15,-0.6007171334663037,-0.09339182656747182,0.47435732365784467,-0.09474675893117711
9/6/2025 9:30,-0.6007171334663037,-0.09339182656747182,0.47435732365784467,-0.09474675893117711
9/6/2025 9:45,-0.5615119652960427,-0.1527561752355664,0.92828431708417,-0.0645385569402535
9/6/2025 10:00,-0.2917375133184341,-0.056677895123082446,0.4603836866442533,-0.018995578934437977
9/6/2025 10:15,-0.08736187556672181,0.004440716006822211,0.07497432846943244,0.0037447337199359504
9/6/2025 10:30,-0.13187789493432409,-0.07835264038849223,0.15833145241743404,-0.02063768157871427
9/6/2025 10:45,-0.10092743777559755,-0.08040199164431289,0.11980420637195745,-0.025973427050839062
9/6/2025 11:00,-0.09964094183423888,-0.08997943946426742,0.1646632184668451,-0.028859376572487026
9/6/2025 11:15,-0.29839227121677975,-0.2502616708471822,0.2264891128068272,-0.027160759787793903
9/6/2025 11:30,-0.4971436005993206,-0.41054390223009707,0.28831500714680935,-0.02546214300310078
9/6/2025 11:45,-0.6958949299818615,-0.5708261336130118,0.35014090148679144,-0.023763526218407657
9/6/2025 12:00,-0.8946462593644023,-0.7311083649959267,0.4119667958267736,-0.022064909433714534
9/6/2025 12:15,-0.2979254103935214,-0.24701633612486693,0.12284129729252014,0.006474165125881576
9/6/2025 12:30,-0.16818852976982485,-0.16253683893237308,0.05794668247702928,0.00580751252094986
9/6/2025 12:45,-0.15898210945298077,-0.16010585457003523,0.011418564756232366,-0.006252009731621389
9/6/2025 13:00,-0.15575163257656127,-0.14000019253625087,0.010321267818639901,-0.009546161172675425
9/6/2025 13:15,-0.0944921282236578,-0.3608398394519976,0.15944701834960415,0.25730825252323414
9/6/2025 13:30,-0.03323262387075432,-0.5816794863677442,0.3085727688805684,0.5241626662191438
9/6/2025 13:45,0.02802688048214917,-0.802519133283491,0.4576985194115326,0.7910170799150533
9/6/2025 14:00,-0.31206253244924165,-0.8703931485665104,0.1523134186793248,0.5019118847268279
9/6/2025 14:15,-0.9468674915294177,-0.9776512872413365,-0.4617597396563863,-0.08284354574118495
9/6/2025 14:30,-0.9307360974096734,-0.9482201218009215,-0.46512210890860395,-0.07958174999291967
9/6/2025 14:45,-0.9146047032899292,-0.9187889563605065,-0.46848447816082167,-0.0763199542446544
9/6/2025 15:00,-0.8984733091701849,-0.8893577909200914,-0.47184684741303934,-0.07305815849638912
9/6/2025 15:15,-0.8823419150504406,-0.8599266254796764,-0.475209216665257,-0.06979636274812384
9/6/2025 15:30,-0.8662105209306963,-0.8304954600392613,-0.4785715859174747,-0.06653456699985857
9/6/2025 15:45,-0.850079126810952,-0.8010642945988463,-0.4819339551696924,-0.0632727712515933
9/6/2025 16:00,-0.8339477326912077,-0.7716331291584313,-0.48529632442191006,-0.06001097550332802
9/6/2025 16:15,-0.8178163385714634,-0.7422019637180163,-0.48865869367412773,-0.056749179755062745
9/6/2025 16:30,-0.8178163385714634,-0.7422019637180163,-0.48865869367412773,-0.056749179755062745
9/6/2025 16:45,-0.8178163385714634,-0.7422019637180163,-0.48865869367412773,-0.056749179755062745
9/6/2025 17:00,-0.8178163385714634,-0.7422019637180163,-0.48865869367412773,-0.056749179755062745
9/6/2025 17:15,-0.8178163385714634,-0.7422019637180163,-0.48865869367412773,-0.056749179755062745
9/6/2025 17:30,-0.8178163385714634,-0.7422019637180163,-0.48865869367412773,-0.056749179755062745
9/6/2025 17:45,-0.8178163385714634,-0.7422019637180163,-0.48865869367412773,-0.056749179755062745
9/6/2025 18:00,-0.8178163385714634,-0.7422019637180163,-0.48865869367412773,-0.056749179755062745
9/6/2025 18:15,-0.8178163385714634,-0.7422019637180163,-0.48865869367412773,-0.056749179755062745
9/6/2025 18:30,-0.8178163385714634,-0.7422019637180163,-0.48865869367412773,-0.056749179755062745
9/6/2025 18:45,-0.8178163385714634,-0.7422019637180163,-0.48865869367412773,-0.056749179755062745
9/6/2025 19:00,-0.8178163385714634,-0.7422019637180163,-0.48865869367412773,-0.056749179755062745
9/6/2025 19:15,-0.8178163385714634,-0.7422019637180163,-0.48865869367412773,-0.056749179755062745
9/6/2025 19:30,-0.8178163385714634,-0.7422019637180163,-0.48865869367412773,-0.056749179755062745
9/6/2025 19:45,-0.8178163385714634,-0.7422019637180163,-0.48865869367412773,-0.056749179755062745
9/6/2025 20:00,-0.8178163385714634,-0.7422019637180163,-0.48865869367412773,-0.056749179755062745
9/6/2025 20:15,-0.8178163385714634,-0.7422019637180163,-0.48865869367412773,-0.056749179755062745
9/6/2025 20:30,-0.8178163385714634,-0.7422019637180163,-0.48865869367412773,-0.056749179755062745
9/6/2025 20:45,-0.8178163385714634,-0.7422019637180163,-0.48865869367412773,-0.056749179755062745
9/6/2025 21:00,-0.8178163385714634,-0.7422019637180163,-0.48865869367412773,-0.056749179755062745
9/6/2025 21:15,-0.8178163385714634,-0.7422019637180163,-0.48865869367412773,-0.056749179755062745
9/6/2025 21:30,-0.8178163385714634,-0.7422019637180163,-0.48865869367412773,-0.056749179755062745
9/6/2025 21:45,-0.8178163385714634,-0.7422019637180163,-0.48865869367412773,-0.056749179755062745
9/6/2025 22:00,-0.8178163385714634,-0.7422019637180163,-0.48865869367412773,-0.056749179755062745
9/6/2025 22:15,-0.8178163385714634,-0.7422019637180163,-0.48865869367412773,-0.056749179755062745
9/6/2025 22:30,-0.8178163385714634,-0.7422019637180163,-0.48865869367412773,-0.056749179755062745
9/6/2025 22:45,-0.8178163385714634,-0.7422019637180163,-0.48865869367412773,-0.056749179755062745
9/6/2025 23:00,-0.8178163385714634,-0.7422019637180163,-0.48865869367412773,-0.056749179755062745
9/6/2025 23:15,-0.8178163385714634,-0.7422019637180163,-0.48865869367412773,-0.056749179755062745
9/6/2025 23:30,-0.8178163385714634,-0.7422019637180163,-0.48865869367412773,-0.056749179755062745
9/6/2025 23:45,-0.8178163385714634,-0.7422019637180163,-0.48865869367412773,-0.056749179755062745
9/7/2025 0:00,-0.8178163385714634,-0.7422019637180163,-0.48865869367412773,-0.056749179755062745
9/7/2025 0:15,-0.8178163385714634,-0.7422019637180163,-0.48865869367412773,-0.056749179755062745
9/7/2025 0:30,-0.8178163385714634,-0.7422019637180163,-0.48865869367412773,-0.056749179755062745
9/7/2025 0:45,-0.8178163385714634,-0.7422019637180163,-0.48865869367412773,-0.056749179755062745
9/7/2025 1:00,-0.8178163385714634,-0.7422019637180163,-0.48865869367412773,-0.056749179755062745
9/7/2025 1:15,-0.8178163385714634,-0.7422019637180163,-0.48865869367412773,-0.056749179755062745
9/7/2025 1:30,-0.8178163385714634,-0.7422019637180163,-0.48865869367412773,-0.056749179755062745
9/7/2025 1:45,-0.8178163385714634,-0.7422019637180163,-0.48865869367412773,-0.056749179755062745
9/7/2025 2:00,-0.8178163385714634,-0.7422019637180163,-0.48865869367412773,-0.056749179755062745
9/7/2025 2:15,-0.8178163385714634,-0.7422019637180163,-0.48865869367412773,-0.056749179755062745
9/7/2025 2:30,-0.8178163385714634,-0.7422019637180163,-0.48865869367412773,-0.056749179755062745
9/7/2025 2:45,-0.8178163385714634,-0.7422019637180163,-0.48865869367412773,-0.056749179755062745
9/7/2025 3:00,-0.8178163385714634,-0.7422019637180163,-0.48865869367412773,-0.056749179755062745
9/7/2025 3:15,-0.8178163385714634,-0.7422019637180163,-0.48865869367412773,-0.056749179755062745
9/7/2025 3:30,-0.8178163385714634,-0.7422019637180163,-0.48865869367412773,-0.056749179755062745
9/7/2025 3:45,-0.8178163385714634,-0.7422019637180163,-0.48865869367412773,-0.056749179755062745
9/7/2025 4:00,-0.8178163385714634,-0.7422019637180163,-0.48865869367412773,-0.056749179755062745
9/7/2025 4:15,-0.8178163385714634,-0.7422019637180163,-0.48865869367412773,-0.056749179755062745
9/7/2025 4:30,-0.8178163385714634,-0.7422019637180163,-0.48865869367412773,-0.056749179755062745
9/7/2025 4:45,-0.8178163385714634,-0.7422019637180163,-0.48865869367412773,-0.056749179755062745
9/7/2025 5:00,-0.8178163385714634,-0.7422019637180163,-0.48865869367412773,-0.056749179755062745
9/7/2025 5:15,-0.8178163385714634,-0.7422019637180163,-0.48865869367412773,-0.056749179755062745
9/7/2025 5:30,-0.8178163385714634,-0.7422019637180163,-0.48865869367412773,-0.056749179755062745
9/7/2025 5:45,0.0532789438947285,0.8470809700643958,-0.6702266332938827,0.11938779065126215
9/7/2025 6:00,0.04976854354610625,0.8574505280034798,-0.6611118068156107,0.11772062121576382
9/7/2025 6:15,-0.00285556747363154,0.8111893711193191,-0.7174407403479379,-0.16147717298959297
9/7/2025 6:30,-0.05547967849336933,0.7649282142351584,-0.7737696738802651,-0.44067496719494975
9/7/2025 6:45,-0.10810378951310712,0.7186670573509978,-0.8300986074125923,-0.7198727614003065
9/7/2025 7:00,-0.11843552962241294,0.733626224887234,-0.8275297392902895,-0.7127880275721669
9/7/2025 7:15,-0.24482451452772983,0.6293788465238245,-0.8185101606796944,-0.448312065780551
9/7/2025 7:30,-0.3712134994330467,0.525131468160415,-0.8094905820690992,-0.18383610398893513
9/7/2025 7:45,-0.49760248433836357,0.4208840897970056,-0.8004710034585041,0.0806398578026808
9/7/2025 8:00,-0.48746386961078847,0.42290512977190714,-0.7830490374900104,0.0704358450402196
9/7/2025 8:15,-0.5494459506294422,0.3926728873960161,-0.7408290706640239,0.03949199660693197
9/7/2025 8:30,-0.611428031648096,0.3624406450201251,-0.6986091038380374,0.00854814817364434
9/7/2025 8:45,-0.6734101126667498,0.332208402644234,-0.6563891370120509,-0.0223957002596433
9/7/2025 9:00,-0.663752008737936,0.3378055550792277,-0.6513272009953581,-0.016209731188023917
9/7/2025 9:15,-0.8244394515515155,0.3970642412268653,-0.584461973983182,-0.0069531235144593
9/7/2025 9:30,-0.985126894365095,0.45632292737450286,-0.517596746971006,0.002303484159105317
9/7/2025 9:45,-1.1458143371786744,0.5155816135221405,-0.4507315199588299,0.011560091832669935
9/7/2025 10:00,-1.306501779992254,0.5748402996697781,-0.3838662929466538,0.020816699506234552
9/7/2025 10:15,-1.4671892228058336,0.6340989858174156,-0.3170010659344777,0.030073307179799166
9/7/2025 10:30,-1.627876665619413,0.6933576719650533,-0.2501358389223016,0.03932991485336379
9/7/2025 10:45,-1.7885641084329924,0.7526163581126908,-0.18327061191012556,0.0485865225269284
9/7/2025 11:00,-1.949251551246572,0.8118750442603284,-0.1164053848979495,0.05784313020049302
9/7/2025 11:15,-1.949251551246572,0.8118750442603284,-0.1164053848979495,0.05784313020049302
9/7/2025 11:30,-2.270626436873731,0.9303924165556037,0.0173250691264028,0.07635634554762225
9/7/2025 11:45,-1.824817017766473,0.7040124132921753,0.21227817885699818,0.5775077561582612
9/7/2025 12:00,-0.9338740927272707,0.21694942126857927,0.5634274600528276,1.5828710601053633
9/7/2025 12:15,-0.8788203293867808,0.16051468714959033,0.629545570214444,1.0394473743750907
9/7/2025 12:30,-0.8237665660462908,0.1040799530306014,0.6956636803760603,0.49602368864481816
9/7/2025 12:45,-0.7687128027058009,0.04764521891161248,0.7617817905376767,-0.04739999708545464
9/7/2025 13:00,-0.7498947091462078,0.05207191742650089,0.7681256130855721,-0.03430057208679063
9/7/2025 13:15,-0.39613349543457577,0.07225354628863549,0.4544724230372206,-0.030983990482070952
9/7/2025 13:30,-0.04237228172294368,0.09243517515077009,0.14081923298886898,-0.027667408877351272
9/7/2025 13:45,-0.09561515581943404,0.05574778594933101,0.17812729178948106,-0.08293455030681954
9/7/2025 14:00,-0.20985999671078767,-0.03896144337895236,0.3763233663240625,-0.26216502041871803
9/7/2025 14:15,-0.09174826480973296,0.0614086518664547,0.17533704141205944,-0.0028044332687541494
9/7/2025 14:30,-0.14250780230841903,0.08247485488545882,0.18082941512903083,-0.005322329435497287
9/7/2025 14:45,-0.16640732756104684,0.03708523245521383,0.19550572981375156,0.01383522636738152
9/7/2025 15:00,-0.22320924694956826,-0.05948476101954298,0.29050331986666156,0.06315757060590284
9/7/2025 15:15,-0.22449935090752698,0.09172858213196997,0.16753365360759392,0.00848290765681251
9/7/2025 15:30,-0.19260543104520247,0.07068632477323421,0.12198355309963609,0.01193042521189721
9/7/2025 15:45,-0.24534735458038653,-0.2812144455555796,0.25004038337811557,0.11496285757579743
9/7/2025 16:00,-0.3993295888822757,-0.12515419623779908,0.23881908555844922,0.07226269763581965
9/7/2025 16:15,-0.48464324016444116,-0.056552530065374584,0.19637166810301648,0.05811832700120254
9/7/2025 16:30,-0.5699568914466066,0.012049136107049913,0.15392425064758375,0.04397395636658544
9/7/2025 16:45,-0.6552705427287719,0.08065080227947441,0.11147683319215099,0.029829585731968325
9/7/2025 17:00,-0.7405841940109374,0.1492524684518989,0.06902941573671825,0.01568521509735122
9/7/2025 17:15,-0.8258978452931028,0.21785413462432335,0.0265819982812855,0.0015408444627341116
9/7/2025 17:30,-0.18893853358339774,0.07808296769755539,-0.0072938039634157,0.00486359430109727
9/7/2025 17:45,-0.1795283809249238,0.07921116881664879,-0.019242625516058688,-0.01176461590622689
9/7/2025 18:00,-0.3155398313206286,0.0898587434812409,-0.11429433325231861,-0.0340645467672552
9/7/2025 18:15,-0.45155128171633346,0.10050631814583302,-0.20934604098857854,-0.056364477628283505
9/7/2025 18:30,-0.5875627321120382,0.11115389281042513,-0.3043977487248385,-0.07866440848931182
9/7/2025 18:45,-0.7235741825077432,0.12180146747501724,-0.3994494564610984,-0.10096433935034012
9/7/2025 19:00,-0.24174961144593518,0.04614029985324278,-0.16849691335032405,-0.0006108598379787456
9/7/2025 19:15,-0.1126936929438679,0.0096277176499418,-0.1088541841386366,0.0045502280327408
9/7/2025 19:30,-0.33733752478101015,0.010959052580065898,-0.3243153422778707,-9.505627631675034e-05
9/7/2025 19:45,-0.5619813566181524,0.01229038751019,-0.5397765004171048,-0.004740340585374301
9/7/2025 20:00,-0.31914309303801774,-0.00015345697733673948,-0.3397729983216464,0.03126109974402836
9/7/2025 20:15,-0.13725055826666682,-0.028681165890088428,-0.19012076104647815,0.039166924842660614
9/7/2025 20:30,-0.11409413640860833,-0.02436534648877538,-0.15220208134982552,0.00961340643336247
9/7/2025 20:45,-0.13933699026975907,-0.05126496125330287,-0.23371996333299067,0.029287206658826514
9/7/2025 21:00,-0.12744708976431143,-0.06653136890769407,-0.1969863571525292,0.008653951263752267
9/7/2025 21:15,-0.06489384969585801,-0.06886475918620646,-0.1652688491353272,0.01942490771395582
9/7/2025 21:30,-0.09862962604504978,-0.09775228593605072,-0.17307004087544625,0.01163534908270562
9/7/2025 21:45,-0.1433219135107923,-0.14637709049740114,-0.17972153891418235,-0.010603561832637857
9/7/2025 22:00,-0.1428502335839604,-0.13802743727092742,-0.1797665165162739,-0.010645889452632685
9/7/2025 22:15,-0.1423785536571285,-0.12967778404445374,-0.17981149411836544,-0.010688217072627515
9/7/2025 22:30,-0.14190687373029662,-0.12132813081798004,-0.179856471720457,-0.010730544692622343
9/7/2025 22:45,-0.14143519380346473,-0.11297847759150634,-0.17990144932254853,-0.010772872312617173
9/7/2025 23:00,-0.14096351387663283,-0.10462882436503262,-0.17994642692464008,-0.010815199932612
9/7/2025 23:15,-0.14049183394980094,-0.09627917113855894,-0.17999140452673162,-0.01085752755260683
9/7/2025 23:30,-0.14002015402296905,-0.08792951791208523,-0.18003638212882317,-0.010899855172601659
9/7/2025 23:45,-0.13954847409613716,-0.07957986468561153,-0.18008135973091471,-0.010942182792596488
9/8/2025 0:00,-0.13954847409613716,-0.07957986468561153,-0.18008135973091471,-0.010942182792596488
9/8/2025 0:15,-0.13954847409613716,-0.07957986468561153,-0.18008135973091471,-0.010942182792596488
9/8/2025 0:30,-0.13954847409613716,-0.07957986468561153,-0.18008135973091471,-0.010942182792596488
9/8/2025 0:45,-0.13954847409613716,-0.07957986468561153,-0.18008135973091471,-0.010942182792596488
9/8/2025 1:00,-0.13954847409613716,-0.07957986468561153,-0.18008135973091471,-0.010942182792596488
9/8/2025 1:15,-0.13954847409613716,-0.07957986468561153,-0.18008135973091471,-0.010942182792596488
9/8/2025 1:30,-0.13954847409613716,-0.07957986468561153,-0.18008135973091471,-0.010942182792596488
9/8/2025 1:45,-0.13954847409613716,-0.07957986468561153,-0.18008135973091471,-0.010942182792596488
9/8/2025 2:00,-0.13954847409613716,-0.07957986468561153,-0.18008135973091471,-0.010942182792596488
9/8/2025 2:15,-0.13954847409613716,-0.07957986468561153,-0.18008135973091471,-0.010942182792596488
9/8/2025 2:30,-0.13954847409613716,-0.07957986468561153,-0.18008135973091471,-0.010942182792596488
9/8/2025 2:45,-0.13954847409613716,-0.07957986468561153,-0.18008135973091471,-0.010942182792596488
9/8/2025 3:00,-0.13954847409613716,-0.07957986468561153,-0.18008135973091471,-0.010942182792596488
9/8/2025 3:15,-0.13954847409613716,-0.07957986468561153,-0.18008135973091471,-0.010942182792596488
9/8/2025 3:30,-0.13954847409613716,-0.07957986468561153,-0.18008135973091471,-0.010942182792596488
9/8/2025 3:45,-0.13954847409613716,-0.07957986468561153,-0.18008135973091471,-0.010942182792596488
9/8/2025 4:00,-0.13954847409613716,-0.07957986468561153,-0.18008135973091471,-0.010942182792596488
9/8/2025 4:15,-0.13954847409613716,-0.07957986468561153,-0.18008135973091471,-0.010942182792596488
9/8/2025 4:30,-0.13954847409613716,-0.07957986468561153,-0.18008135973091471,-0.010942182792596488
9/8/2025 4:45,-0.13954847409613716,-0.07957986468561153,-0.18008135973091471,-0.010942182792596488
9/8/2025 5:00,-0.13954847409613716,-0.07957986468561153,-0.18008135973091471,-0.010942182792596488
9/8/2025 5:15,-0.13954847409613716,-0.07957986468561153,-0.18008135973091471,-0.010942182792596488
9/8/2025 5:30,-0.13954847409613716,-0.07957986468561153,-0.18008135973091471,-0.010942182792596488
9/8/2025 5:45,-0.13954847409613716,-0.07957986468561153,-0.18008135973091471,-0.010942182792596488
9/8/2025 6:00,-0.13954847409613716,-0.07957986468561153,-0.18008135973091471,-0.010942182792596488
9/8/2025 6:15,-0.13954847409613716,-0.07957986468561153,-0.18008135973091471,-0.010942182792596488
9/8/2025 6:30,-0.13954847409613716,-0.07957986468561153,-0.18008135973091471,-0.010942182792596488
9/8/2025 6:45,-0.13954847409613716,-0.07957986468561153,-0.18008135973091471,-0.010942182792596488
9/8/2025 7:00,-0.13954847409613716,-0.07957986468561153,-0.18008135973091471,-0.010942182792596488
9/8/2025 7:15,-0.13954847409613716,-0.07957986468561153,-0.18008135973091471,-0.010942182792596488
9/8/2025 7:30,-0.13954847409613716,-0.07957986468561153,-0.18008135973091471,-0.010942182792596488
9/8/2025 7:45,-0.13954847409613716,-0.07957986468561153,-0.18008135973091471,-0.010942182792596488
9/8/2025 8:00,-0.13954847409613716,-0.07957986468561153,-0.18008135973091471,-0.010942182792596488
9/8/2025 8:15,-0.13954847409613716,-0.07957986468561153,-0.18008135973091471,-0.010942182792596488
9/8/2025 8:30,-0.13954847409613716,-0.07957986468561153,-0.18008135973091471,-0.010942182792596488
9/8/2025 8:45,-0.13954847409613716,-0.07957986468561153,-0.18008135973091471,-0.010942182792596488
9/8/2025 9:00,-0.13954847409613716,-0.07957986468561153,-0.18008135973091471,-0.010942182792596488
9/8/2025 9:15,-0.13954847409613716,-0.07957986468561153,-0.18008135973091471,-0.010942182792596488
9/8/2025 9:30,-0.13954847409613716,-0.07957986468561153,-0.18008135973091471,-0.010942182792596488
9/8/2025 9:45,-0.13954847409613716,-0.07957986468561153,-0.18008135973091471,-0.010942182792596488
9/8/2025 10:00,-0.13954847409613716,-0.07957986468561153,-0.18008135973091471,-0.010942182792596488
9/8/2025 10:15,-0.13954847409613716,-0.07957986468561153,-0.18008135973091471,-0.010942182792596488
9/8/2025 10:30,-0.13954847409613716,-0.07957986468561153,-0.18008135973091471,-0.010942182792596488
9/8/2025 10:45,-0.13954847409613716,-0.07957986468561153,-0.18008135973091471,-0.010942182792596488
9/8/2025 11:00,-0.13954847409613716,-0.07957986468561153,-0.18008135973091471,-0.010942182792596488
9/8/2025 11:15,-0.13954847409613716,-0.07957986468561153,-0.18008135973091471,-0.010942182792596488
9/8/2025 11:30,-0.13954847409613716,-0.07957986468561153,-0.18008135973091471,-0.010942182792596488
9/8/2025 11:45,-0.13954847409613716,-0.07957986468561153,-0.18008135973091471,-0.010942182792596488
9/8/2025 12:00,-0.13954847409613716,-0.07957986468561153,-0.18008135973091471,-0.010942182792596488
9/8/2025 12:15,-0.13954847409613716,-0.07957986468561153,-0.18008135973091471,-0.010942182792596488
9/8/2025 12:30,-0.13954847409613716,-0.07957986468561153,-0.18008135973091471,-0.010942182792596488
9/8/2025 12:45,-0.13954847409613716,-0.07957986468561153,-0.18008135973091471,-0.010942182792596488
9/8/2025 13:00,-0.13954847409613716,-0.07957986468561153,-0.18008135973091471,-0.010942182792596488
9/8/2025 13:15,-0.13954847409613716,-0.07957986468561153,-0.18008135973091471,-0.010942182792596488
9/8/2025 13:30,-0.13954847409613716,-0.07957986468561153,-0.18008135973091471,-0.010942182792596488
9/8/2025 13:45,-0.13954847409613716,-0.07957986468561153,-0.18008135973091471,-0.010942182792596488
9/8/2025 14:00,-0.13954847409613716,-0.07957986468561153,-0.18008135973091471,-0.010942182792596488
9/8/2025 14:15,-0.13954847409613716,-0.07957986468561153,-0.18008135973091471,-0.010942182792596488
9/8/2025 14:30,-0.13954847409613716,-0.07957986468561153,-0.18008135973091471,-0.010942182792596488
9/8/2025 14:45,-0.13954847409613716,-0.07957986468561153,-0.18008135973091471,-0.010942182792596488
9/8/2025 15:00,-0.13954847409613716,-0.07957986468561153,-0.18008135973091471,-0.010942182792596488
9/8/2025 15:15,-0.13954847409613716,-0.07957986468561153,-0.18008135973091471,-0.010942182792596488
9/8/2025 15:30,-0.13954847409613716,-0.07957986468561153,-0.18008135973091471,-0.010942182792596488
9/8/2025 15:45,-0.13954847409613716,-0.07957986468561153,-0.18008135973091471,-0.010942182792596488
9/8/2025 16:00,-0.13954847409613716,-0.07957986468561153,-0.18008135973091471,-0.010942182792596488
9/8/2025 16:15,-0.13954847409613716,-0.07957986468561153,-0.18008135973091471,-0.010942182792596488
9/8/2025 16:30,-0.13954847409613716,-0.07957986468561153,-0.18008135973091471,-0.010942182792596488
9/8/2025 16:45,-0.13954847409613716,-0.07957986468561153,-0.18008135973091471,-0.010942182792596488
9/8/2025 17:00,-0.13954847409613716,-0.07957986468561153,-0.18008135973091471,-0.010942182792596488
9/8/2025 17:15,-0.13954847409613716,-0.07957986468561153,-0.18008135973091471,-0.010942182792596488
9/8/2025 17:30,-0.13954847409613716,-0.07957986468561153,-0.18008135973091471,-0.010942182792596488
9/8/2025 17:45,-0.13954847409613716,-0.07957986468561153,-0.18008135973091471,-0.010942182792596488
9/8/2025 18:00,-0.13954847409613716,-0.07957986468561153,-0.18008135973091471,-0.010942182792596488
9/8/2025 18:15,-0.13954847409613716,-0.07957986468561153,-0.18008135973091471,-0.010942182792596488
9/8/2025 18:30,-0.13954847409613716,-0.07957986468561153,-0.18008135973091471,-0.010942182792596488
9/8/2025 18:45,-0.13954847409613716,-0.07957986468561153,-0.18008135973091471,-0.010942182792596488
9/8/2025 19:00,-0.13954847409613716,-0.07957986468561153,-0.18008135973091471,-0.010942182792596488
9/8/2025 19:15,-0.13954847409613716,-0.07957986468561153,-0.18008135973091471,-0.010942182792596488
9/8/2025 19:30,-0.13954847409613716,-0.07957986468561153,-0.18008135973091471,-0.010942182792596488
9/8/2025 19:45,-0.13954847409613716,-0.07957986468561153,-0.18008135973091471,-0.010942182792596488
9/8/2025 20:00,-0.13954847409613716,-0.07957986468561153,-0.18008135973091471,-0.010942182792596488
9/8/2025 20:15,-0.13954847409613716,-0.07957986468561153,-0.18008135973091471,-0.010942182792596488
9/8/2025 20:30,-0.13954847409613716,-0.07957986468561153,-0.18008135973091471,-0.010942182792596488
9/8/2025 20:45,-0.13954847409613716,-0.07957986468561153,-0.18008135973091471,-0.010942182792596488
9/8/2025 21:00,-0.13954847409613716,-0.07957986468561153,-0.18008135973091471,-0.010942182792596488
9/8/2025 21:15,-0.13954847409613716,-0.07957986468561153,-0.18008135973091471,-0.010942182792596488
9/8/2025 21:30,-0.13954847409613716,-0.07957986468561153,-0.18008135973091471,-0.010942182792596488
9/8/2025 21:45,-0.13954847409613716,-0.07957986468561153,-0.18008135973091471,-0.010942182792596488
9/8/2025 22:00,-0.13954847409613716,-0.07957986468561153,-0.18008135973091471,-0.010942182792596488
9/8/2025 22:15,-0.09709728068126691,0.6718889256970216,-0.1841293439191539,-0.014751668592131086
9/8/2025 22:30,0.01031961970791703,0.07788867620802924,-0.01582579763065629,0.0017217597681254812
9/8/2025 22:45,0.010292109316727567,0.1488886689140252,-0.1072435803382262,-0.025325163612486587
9/8/2025 23:00,-0.04227484699925046,0.1351098912792222,-0.09044501349522285,-0.008348908454282189
9/8/2025 23:15,-0.0793749583523732,0.1484209925404744,-0.0928996885994136,-0.0109370488731394
9/8/2025 23:30,-0.1315114917620591,0.332134049406657,-0.27972250282880795,0.03572103660682585
9/8/2025 23:45,-0.183648025171745,0.5158471062728396,-0.4665453170582023,0.0823791220867911
9/9/2025 0:00,-0.2357845585814309,0.6995601631390221,-0.6533681312875965,0.12903720756675635
9/9/2025 0:15,-0.09052919512187779,0.21569745751829325,-0.23524607150286883,0.047706096563263745
9/9/2025 0:30,0.0031591001756996,0.06028890304657258,-0.09372695016000566,0.02585901878775669
9/9/2025 0:45,-0.05680201698356195,0.08204212748153153,-0.1269899254618346,0.018159318436475207
9/9/2025 1:00,-0.04163197988304317,0.06924393561910705,-0.11660941974153577,0.013582096412574275
9/9/2025 1:15,-0.02333996029847015,0.07712285046448356,-0.1162894477109266,-0.0011069989670832
9/9/2025 1:30,-0.13448289547113043,0.09057292341842157,-0.19706748543807573,0.019531635713112068
9/9/2025 1:45,-0.2456258306437907,0.10402299637235958,-0.2778455231652249,0.04017027039330733
9/9/2025 2:00,-0.35676876581645095,0.1174730693262976,-0.35862356089237396,0.0608089050735026
9/9/2025 2:15,-0.33126347309516896,0.1047863481982358,-0.36881107544152325,0.05424201199796649
9/9/2025 2:30,-0.04157490000438106,0.01275384490694042,-0.08166385018285144,-0.0068477071576467
9/9/2025 2:45,-0.0769025108881673,0.00422771340036065,-0.03296614784720034,-0.010402337286254748
9/9/2025 3:00,-0.11223012177195352,-0.00429841810621912,0.01573155448845076,-0.013956967414862796
9/9/2025 3:15,-0.14755773265573974,-0.01282454961279889,0.06442925682410186,-0.017511597543470845
9/9/2025 3:30,-0.18288534353952596,-0.021350681119378663,0.11312695915975296,-0.021066227672078892
9/9/2025 3:45,-0.21821295442331218,-0.029876812625958434,0.16182466149540403,-0.02462085780068694
9/9/2025 4:00,-0.2535405653070984,-0.038402944132538204,0.21052236383105516,-0.028175487929294987
9/9/2025 4:15,-0.2888681761908846,-0.046929075639117974,0.25922006616670623,-0.03173011805790304
9/9/2025 4:30,-0.3241957870746709,-0.055455207145697745,0.30791776850235736,-0.03528474818651108
9/9/2025 4:45,-0.3241957870746709,-0.055455207145697745,0.30791776850235736,-0.03528474818651108
9/9/2025 5:00,-0.3241957870746709,-0.055455207145697745,0.30791776850235736,-0.03528474818651108
9/9/2025 5:15,-0.3241957870746709,-0.055455207145697745,0.30791776850235736,-0.03528474818651108
9/9/2025 5:30,-0.3241957870746709,-0.055455207145697745,0.30791776850235736,-0.03528474818651108
9/9/2025 5:45,-0.3241957870746709,-0.055455207145697745,0.30791776850235736,-0.03528474818651108
9/9/2025 6:00,-0.3241957870746709,-0.055455207145697745,0.30791776850235736,-0.03528474818651108
9/9/2025 6:15,-0.3241957870746709,-0.055455207145697745,0.30791776850235736,-0.03528474818651108
9/9/2025 6:30,-0.3241957870746709,-0.055455207145697745,0.30791776850235736,-0.03528474818651108
9/9/2025 6:45,-0.3241957870746709,-0.055455207145697745,0.30791776850235736,-0.03528474818651108
9/9/2025 7:00,-0.6774718959125331,-0.14071652221149544,0.7948947918588682,-0.07083104947259156
9/9/2025 7:15,-0.24321519952949866,-0.047509767398967485,0.26990874262825165,-0.02981379001599395
9/9/2025 7:30,-0.06211477822619148,0.026930095845579226,0.035364307308995827,-0.0099466442164192
9/9/2025 7:45,-0.07551191969214303,-0.01464760953810652,0.07231757696637861,-0.02016358344166902
9/9/2025 8:00,-0.04366540098327963,0.002704666398727978,0.06098436451955253,-0.008855397263027646
9/9/2025 8:15,-0.11789343784614267,-0.06396582086065351,0.15724158827868698,-0.00263450505572559
9/9/2025 8:30,-0.07710402856940522,-0.06972118598429905,0.13298832392973312,-0.017417676867002716
9/9/2025 8:45,-0.08194088008603437,-0.10285562466737204,0.1591985784839413,-0.006689361480237639
9/9/2025 9:00,-0.11643845688562132,-0.12645054217487078,0.14278972332466788,0.009050274324952323
9/9/2025 9:15,-0.080001628192977,-0.15136920768328563,0.1500755833004462,0.00666616182536475
9/9/2025 9:30,-0.07038098419911008,-0.17494070013567908,0.13984178167685862,-0.00952074448084499
9/9/2025 9:45,-0.07179414724817249,-0.15121779505239957,0.10008917645679158,0.016771594668962546
9/9/2025 10:00,-0.13971154949289577,-0.33508449336467894,0.1773523928117281,0.022902453139318817
9/9/2025 10:15,-0.20762895173761906,-0.5189511916769582,0.2546156091666646,0.02903331160967509
9/9/2025 10:30,-0.27554635398234234,-0.7028178899892376,0.33187882552160114,0.035164170080031365
9/9/2025 10:45,-0.13018912389677953,-0.29503576014404503,0.14155399428374532,-0.0030406544320824673
9/9/2025 11:00,-0.05836702873331117,-0.08460384908007738,-6.596543096400002e-05,-0.014913732269690718
9/9/2025 11:15,-0.08289892217764283,-0.060566011906513714,0.0005254480655812899,-0.0035757171313167404
9/9/2025 11:30,-0.01919324342793778,-0.06399632605958243,0.03500127174291461,-0.013718719338305934
9/9/2025 11:45,-0.0167632642245699,-0.0855483742949896,0.0809744517771096,-0.0304843775006273
