utc_time,x_error (m),y_error (m),z_error (m),satclockerror (m)
8/25/2025 6:00,1.4594717001255608,1.6972251575261135,-5.173511743448287,3.8445464022520657
8/25/2025 6:15,1.5191050171165836,1.7268668723474467,-5.3576758849239905,3.366751339347246
8/25/2025 6:30,1.374882674933449,1.300994717312727,-5.0822065605659645,2.952116838611839
8/25/2025 6:45,0.8380988310293214,1.1840330761265676,-4.587609521399132,2.6419133157686234
8/25/2025 7:00,0.7523129775243179,1.260935844250124,-4.518791240847305,1.719886224533378
8/25/2025 7:15,0.7660350795538861,0.7760250068411446,-4.21403878825347,1.525133551294869
8/25/2025 7:30,0.5410261416171765,0.7545502550458754,-3.9998316468623836,1.1115066880031192
8/25/2025 7:45,0.41073044486539456,0.2670028669864428,-3.6766439642552915,0.6643161298935139
8/25/2025 8:00,0.2691324472577264,0.38115115649815245,-3.7312368964670957,0.5825354415317631
8/25/2025 8:15,0.26711447883833667,0.04086972694641608,-3.3597848701800093,0.23599372104144653
8/25/2025 8:30,0.03146783868683861,-0.07090695324230645,-2.6792033826361465,0.2857008693083417
8/25/2025 8:45,-0.28190291396259953,-0.0868782881997757,-2.535387881883878,0.2571338529073584
8/25/2025 9:00,-0.36942513513259,-0.7344645110299568,-1.6154533058711058,-0.30370903044546876
8/25/2025 9:15,-0.6761681693549402,-0.5848352926048137,-1.1576574498167727,-0.21825783064741255
8/25/2025 9:30,-1.0678853531481303,-0.8327595430527579,-0.630617769653715,-0.5428196901009481
8/25/2025 9:45,-1.1341557247958152,-1.1877570373639226,0.014808149078651384,-0.7006881966034973
8/25/2025 10:00,-1.12912653135857,-0.777853996281308,-0.2761138649774437,-1.0099656458784998
8/25/2025 10:15,-1.2331219896740149,-0.7869319112346178,0.33103779106543907,-0.673699261668485
8/25/2025 10:30,-1.6894250033430578,-1.1533394472496203,0.36095169862696613,-0.23281130193523647
8/25/2025 10:45,-2.0446563531071833,-1.2898570086570533,0.9857888456383745,-0.06052897048579246
8/25/2025 11:00,-2.445890040350156,-1.590388931795982,1.301236319713696,0.3249856813862143
8/25/2025 11:15,-2.541460566969052,-1.5890596333843887,1.7276409752087207,0.5158256956438452
8/25/2025 11:30,-3.054920170164577,-2.164407852370922,2.3480825783509425,0.6857169761396894
8/25/2025 11:45,-3.427840325983577,-2.561582150381237,2.6718206417825208,1.0889558004397994
8/25/2025 12:00,-3.0183767336477403,-2.2699095221117065,2.580334404759944,0.9407312970418951
8/25/2025 12:15,-2.627886396764816,-1.9631257035344212,2.2318182490662584,0.7808612736772176
8/25/2025 12:30,-2.3713160369223516,-1.471176284994413,2.040402574332563,0.44813063937106007
8/25/2025 12:45,-2.087465890135617,-1.2595985807729126,2.016509410238918,0.28530510240347784
8/25/2025 13:00,-1.8073353809127972,-1.040294422432439,1.991669447346461,-0.006243179880850325
8/25/2025 13:15,-1.311576823079657,-0.5538670952757357,1.8788503056269301,-0.017869233608542007
8/25/2025 13:30,-1.3583333258765453,-0.7009978952339521,1.568506080957923,-0.46975674747592705
8/25/2025 13:45,-1.0939877665156694,-0.30853315335210385,1.6607761309728526,-0.45013010325137165
8/25/2025 14:00,-0.9906589266157644,-0.4188312926832915,1.9809309297692206,-0.49804147180991115
8/25/2025 14:15,-0.5251874673530266,-0.17800344630840415,1.9293439290518397,-0.10034193401378741
8/25/2025 14:30,-0.17649662660807158,-0.19401121214288544,1.3934846040761564,0.0938066685509269
8/25/2025 14:45,-0.051481254668837836,0.29546469726618113,0.5122634819883072,0.45814353380515077
8/25/2025 15:00,0.1393548840089504,0.30128679358189586,0.17582201841294504,0.5758303648103519
8/25/2025 15:15,0.4246953347571409,0.24116386076426002,-0.44853717025284123,0.5549888509510578
8/25/2025 15:30,0.8959400805317923,0.46824694749370144,-0.7342559708553373,0.9690417688058413
8/25/2025 15:45,1.1910873444167367,0.8426348242573083,-1.0144249014247264,1.0849946245696551
8/25/2025 16:00,1.3729747344959469,0.9231423413924675,-0.5855729872407542,1.0971910561969709
8/25/2025 16:15,1.4986837437671219,1.5356133071727218,-0.9676174054408734,1.4091788317511083
8/25/2025 16:30,1.8927064859721014,2.107379972468275,-1.0174542298925242,1.3895964238580165
8/25/2025 16:45,2.157670398248642,2.103223736421761,-1.3264753900090156,1.3171618343487743
8/25/2025 17:00,2.4503376030909827,2.283733407036648,-1.0606646540923137,1.3614113837783173
8/25/2025 17:15,2.813160032783104,2.508313092251962,-1.2716050680664288,1.5611312865697102
8/25/2025 17:30,3.010310000254699,3.3300013789692517,-1.2457339129463587,1.4986467617355521
8/25/2025 17:45,3.347983971405754,3.5650078682791064,-1.3653814438158374,1.641139162168579
8/25/2025 18:00,3.4290294665188297,3.201710922123115,-1.0159206510801921,1.833750550515124
8/25/2025 18:15,2.99086808169427,2.66283931120887,-1.1915804612036989,1.0800797433336427
8/25/2025 18:30,2.568072857756304,2.236578017005724,-1.0442434790372503,0.1676760218681591
8/25/2025 18:45,1.8356560345060882,1.9342917748393527,-0.35052995080703425,-1.0135172373591117
8/25/2025 19:00,1.5141714492893306,1.2753681816656213,-0.81597279522758,-1.5670545198596035
8/25/2025 19:15,1.0285923565445247,0.7164465781259473,-0.6851722100283977,-2.443571971126095
8/25/2025 19:30,0.5407453471467891,0.06290241624856555,-0.10097719671436811,-3.2545121112183018
8/25/2025 19:45,0.12069738825179555,-0.550524567789777,0.17486609594616076,-3.967180177311256
8/25/2025 20:00,0.4013444134628879,0.13847757097097696,-0.2919443022749528,-4.349408237075439
8/25/2025 20:15,0.021485763263753413,0.16346916689951121,-0.15961777467584953,-3.732109027212762
8/25/2025 20:30,0.17598865473695963,0.4226316558967565,-0.04274782299306626,-3.147944543792564
8/25/2025 20:45,-0.24085926241492714,0.09865940600339013,0.18607770085221093,-2.9468933635273697
8/25/2025 21:00,-0.14828096520064246,0.19443890232379346,-0.26322209884929043,-2.1485271606076553
8/25/2025 21:15,-0.16402336833851244,-0.10330092691006117,-0.14110017597008642,-1.8258544993634258
8/25/2025 21:30,-0.18921370605290672,-0.2667963188483268,0.02747357249563122,-1.322067881125224
8/25/2025 21:45,-0.2524237618346712,-0.27765861423986243,-0.029601286703142007,-1.0347924272803473
8/25/2025 22:00,0.03149271614410444,-0.2355482570789616,-0.029105805667473297,-0.9195031351247258
8/25/2025 22:15,-0.08166351706198449,0.22766019447502836,-0.029820482972592894,-0.7568084222302514
8/25/2025 22:30,-0.06381206450274557,-0.2874178624305578,-0.27572391909211735,-0.7186352975715374
8/25/2025 22:45,0.13670247598643004,-0.025447871981432918,-0.1286071020263205,-0.5848564399158558
8/25/2025 23:00,0.035366487432225396,-0.3368230009262487,-0.17403984656119012,-0.4471465888999644
8/25/2025 23:15,-0.07044091374285104,-0.04541714112938683,-0.1324038029246783,-0.443018416231313
8/25/2025 23:30,-0.01997582379268338,-0.1553895538842754,-0.30333674863286303,-0.2276612103094184
8/25/2025 23:45,0.03958905850661326,-0.26451353883997625,-0.17437783061122952,-0.09462661742080077
8/26/2025 0:00,0.06128641917226176,-0.0029477320570712407,0.36925398712746565,0.3695722118629987
8/26/2025 0:15,0.6701883713358446,0.5661058993181091,1.5844525445639501,0.49599926820248535
8/26/2025 0:30,1.3940920660926992,1.424232302595426,2.9738004665864928,0.31694273347736884
8/26/2025 0:45,1.9057995166419,1.9449021049243735,4.281342854066716,0.4795848958352116
8/26/2025 1:00,2.6345097624799774,2.487558654217356,5.629468348282333,0.7190821823052449
8/26/2025 1:15,3.3480942039595654,3.151295165145352,6.867087201094852,0.5209889962560647
8/26/2025 1:30,3.883087616360281,4.068363595976024,8.395561948463783,0.5680306817626403
8/26/2025 1:45,4.634768977918895,4.978011351132416,9.6840665317532,0.7410691393499731
8/26/2025 2:00,4.653409193585449,5.071117283388632,10.100452649230816,0.9045372658746769
8/26/2025 2:15,3.91580920192602,4.234125331518971,8.397047457732217,1.1585388370025735
8/26/2025 2:30,3.137757585231668,3.512280451094468,6.583280504241389,1.6581448683229767
8/26/2025 2:45,2.2583823458271035,2.8942240567879534,4.775894414283639,1.953351979877708
8/26/2025 3:00,1.6970744041310324,1.921031894529981,3.1006640227922784,2.300774341329295
8/26/2025 3:15,0.7995758281070796,1.0247583882008031,1.863926808473973,2.6170486834306086
8/26/2025 3:30,0.08529024289251033,0.49048651759939,0.09298831507451866,3.168733984912978
8/26/2025 3:45,-0.630733361564918,-0.4137471433954397,-1.4885655297904066,3.228597746551257
8/26/2025 4:00,-0.5241797954426092,-0.40573941374885125,-1.6866264000340294,3.023469701717135
8/26/2025 4:15,-0.2657691177022432,-0.3435195735525107,-1.61023475614274,3.4312745797371065
8/26/2025 4:30,-0.132541986447102,-0.2906015747459251,-2.053679974257478,3.1915485651086626
8/26/2025 4:45,0.056614153167206326,-0.02461283670293965,-2.6775917385675774,3.251908989781827
8/26/2025 5:00,0.3309129701106825,0.7745153045274094,-2.937249591982224,3.3849162829284
8/26/2025 5:15,0.35666026607042944,1.0769866211485555,-3.180984267171903,3.0481295173158234
8/26/2025 5:30,0.6177928923616144,1.046382870671786,-3.58116249785657,3.083938840345626
8/26/2025 5:45,0.8641732725787625,1.302261316307815,-4.003388054640792,3.039774518855821
8/26/2025 6:00,1.1060141955220062,1.1033793243569185,-2.8161711479406284,3.1400382621801546
8/26/2025 6:15,1.8151070148399269,1.4003866929623496,-3.5678246815708974,3.272496541213648
8/26/2025 6:30,2.3778071888806664,2.006031743597043,-3.9696568805660415,3.1035479360603624
8/26/2025 6:45,2.8981565981040176,2.4217327683383196,-4.931706613442354,3.222371278919601
8/26/2025 7:00,3.234929319454521,2.9257520172858498,-5.228150939186454,2.884856040677983
8/26/2025 7:15,3.113296459208321,3.1754520436155884,-4.626815968481209,2.7267038261881544
8/26/2025 7:30,3.3730021580312948,3.2645766585668405,-4.515276764404521,1.7234247604388375
8/26/2025 7:45,3.2644928816302143,2.933696353016922,-3.9797938465696188,0.8958364722645185
8/26/2025 8:00,3.341619461322489,3.074628079096081,-3.5275546835255525,-0.06599174728771456
8/26/2025 8:15,3.331030073276285,3.030571063002789,-3.8119716125515337,-0.9343597456038264
8/26/2025 8:30,3.2177333717984946,2.7946078761829796,-3.5157225076117453,-2.0767922617298367
8/26/2025 8:45,3.255463830387583,2.569765964158462,-3.0981918238414687,-3.0069155289939484
8/26/2025 9:00,3.146344117303013,2.5797367377759244,-2.630619295661487,-3.9518414787401825
8/26/2025 9:15,3.019542971775708,2.707860963043612,-3.107730976968695,-3.8689137804083717
8/26/2025 9:30,2.2985760084783795,2.4273491499255546,-2.4170459350228213,-2.738069588561176
8/26/2025 9:45,1.801779681342258,1.4706864777921551,-1.709691249344936,-1.911566554340428
8/26/2025 10:00,1.286044597239583,1.2325824655939541,-1.8362660261464803,-0.8576424057990782
8/26/2025 10:15,0.8018198811530536,0.46332374885403727,-1.3275165437167276,0.27677402321761263
8/26/2025 10:30,0.08346025788145658,0.05664487216132752,-0.7383095276954863,1.2628691708470992
8/26/2025 10:45,-0.36367578702719994,0.04831843533339056,-0.30686043314275946,2.4497031710185304
8/26/2025 11:00,-1.0276087919605645,-0.5209310999216047,0.3609784214481267,3.133832174299411
8/26/2025 11:15,-0.8194903667186446,-0.8473213180644354,0.3501646961514885,3.221450707298737
8/26/2025 11:30,-0.6850840061108974,-0.8108958369424804,1.1357085238426095,2.8883308869133733
8/26/2025 11:45,-1.0308701810525325,-0.8889276101931977,2.6331455268401,2.374507279568181
8/26/2025 12:00,-0.9283701364293829,-0.31240441216736203,3.571361056497117,2.1912778704009885
8/26/2025 12:15,-0.9382612852094405,0.35562988318310823,4.996338186309956,1.8586369961767588
8/26/2025 12:30,-1.0329543235568701,0.18935246116614823,5.8008218400758,1.6020097135657987
8/26/2025 12:45,-0.8083229704565528,0.19013729128752743,6.9181962694416566,1.4139096558938056
8/26/2025 13:00,-0.6126910487129754,0.5312769721471554,8.231729950429001,0.9206336414872228
8/26/2025 13:15,-0.8375725190501122,-0.22636290280587396,8.20534429736245,0.9269333994705063
8/26/2025 13:30,-0.8822122042095832,-0.07707228532273311,7.6902669199599805,0.7934260961610577
8/26/2025 13:45,-0.8747831944753925,-0.0739011698300897,6.8745527745797625,0.6750250230036939
8/26/2025 14:00,-0.9505307957776417,-0.16889984060553273,6.779051428134535,0.19900765911431012
8/26/2025 14:15,-1.2345887979522565,-0.08479878002160318,6.056122226066436,-0.038255156586382275
8/26/2025 14:30,-1.1594810369597108,-0.22372306732768843,5.802928546416318,-0.11519907066283452
8/26/2025 14:45,-1.426295702098863,-0.23287756721964814,5.065674180747192,-0.4490215563772005
8/26/2025 15:00,-1.6508271862702661,-0.5252882757078956,4.911731206695978,-0.5945022834059237
8/26/2025 15:15,-1.7802448657702743,-0.015416232168516508,4.673546475597068,-0.5919416320581932
8/26/2025 15:30,-0.9458794873202168,0.7704304372926369,3.6887637757140306,-0.3262584138520842
8/26/2025 15:45,0.07682832894051829,0.9949144367898197,3.1126533510500525,-0.3406201759669313
8/26/2025 16:00,1.0916019594551887,1.6714172402212617,2.1285086833688895,-0.039796969242944534
8/26/2025 16:15,2.186816723132495,2.7088260715614165,1.0809851562150647,0.1215093792600763
8/26/2025 16:30,3.250896643832349,3.1140066776306106,0.5162301393452446,0.19069573387902597
8/26/2025 16:45,3.8028748634746097,4.045502494469222,-0.7025661475049876,0.3349871240293199
8/26/2025 17:00,4.976228002869358,4.396871710844265,-1.5305245642879983,0.7758565098944201
8/26/2025 17:15,4.899874794158209,5.141539211826714,-1.4330771768546264,0.5092308601160364
8/26/2025 17:30,4.485075467799116,4.329606783594169,-1.5004373871073318,0.41500549173881524
8/26/2025 17:45,3.80009116554106,3.762147322630252,-1.2406301622912599,0.5032199755292661
8/26/2025 18:00,2.9757440691556245,3.3935539597704425,-1.3271652761870472,0.6254795804957636
8/26/2025 18:15,2.719405780810075,2.479987733760766,-1.2275198834071934,0.2186168242530213
8/26/2025 18:30,1.9162708834875175,1.793504126808438,-0.8547420300711784,0.29061346396051135
8/26/2025 18:45,1.3175109138253092,1.2877089276934928,-1.1724551422658558,0.3385867180679919
8/26/2025 19:00,0.641434785971309,0.8507463613178109,-1.3197509468166162,0.5933129462826245
8/26/2025 19:15,0.7804425084406467,0.5096425768529819,-0.4195564310582936,0.5892629414877015
8/26/2025 19:30,0.769796396727049,0.7080513116246843,-0.1968736921276653,0.11362681048916962
8/26/2025 19:45,0.5426852851493674,0.33679306739263176,-0.6176540177085725,-0.6352196373811182
8/26/2025 20:00,0.4601604432684606,0.44811241452089434,-0.8032252438955558,-1.163860486357026
8/26/2025 20:15,0.31589931112992264,-0.3219464635794591,-0.4668306648520113,-1.5158523858166244
8/26/2025 20:30,0.2895296727119453,-0.22392526220861841,-0.3952423604219125,-2.0913374616541494
8/26/2025 20:45,-0.07086515332616107,-0.5486017696779832,-0.31174704697668654,-2.5663186953244375
8/26/2025 21:00,-0.36382583999012663,-0.576576844807094,-0.39680606628069093,-3.181419290352239
8/26/2025 21:15,0.03658669499978838,-0.644352831029308,0.1446935681073498,-3.067321339328537
8/26/2025 21:30,-0.09765859189499199,-0.6807236527350888,0.0861600493171164,-3.117073038843142
8/26/2025 21:45,0.1304774829438331,-0.6576339372947531,-0.29697524580704715,-3.082347868183251
8/26/2025 22:00,0.08126052425374317,-0.6061670647410323,0.016166434989510425,-3.1150521885222284
8/26/2025 22:15,0.05964780247982134,-0.5094601514096615,0.19044758763979192,-3.4282661994493884
8/26/2025 22:30,0.16470947305459735,-0.6781613025418436,-0.16984687357342274,-3.5359640385555124
8/26/2025 22:45,0.4127373563748885,-0.3534150369390642,-0.30345931016891786,-3.2009432009546037
8/26/2025 23:00,0.4727119794931989,-0.32527383272041543,-0.3206088027334426,-3.2157466320319945
8/26/2025 23:15,0.11827369775292694,0.252593912926137,0.046290185766058645,-3.2726205322735855
8/26/2025 23:30,-0.6047143806984691,-1.8860374717434212,-1.0219199262303265,-3.5601256644257604
8/26/2025 23:45,-1.2225799345881239,-4.097424153722547,-1.389146439765376,-3.5280662334361095
8/27/2025 0:00,-2.2019554850548126,-5.971884349657656,-2.161314094744184,-3.6247273108380336
8/27/2025 0:15,-2.786359531066109,-8.49715127520396,-2.4718094638221433,-3.7173964742050414
8/27/2025 0:30,-3.566637706608397,-10.701773977275892,-3.486477827499016,-4.055391380892997
8/27/2025 0:45,-4.25791201854414,-12.94456953817907,-3.8624649137249305,-4.348470098296102
8/27/2025 1:00,-5.138612712995587,-15.15909487559674,-5.0010379894128345,-4.5996799737759435
8/27/2025 1:15,-5.0221225667211975,-15.25093732271155,-4.861138050542906,-4.537879479890375
8/27/2025 1:30,-3.7988057319769277,-10.804046453394077,-2.4072424873983986,-2.861343443422843
8/27/2025 1:45,-2.392181134415322,-6.279203116249508,-0.10550889869236696,-1.2310717722163231
8/27/2025 2:00,-1.0233756856348835,-1.8240017266812556,2.5656246639793587,0.8308650569818731
8/27/2025 2:15,0.28260069019714124,2.5152039964757256,5.2348870640439715,2.5127835926268047
8/27/2025 2:30,1.851617609642945,6.764475215274671,7.479123172442205,4.1506710783582585
8/27/2025 2:45,3.0306274473222237,11.432196304087368,9.751150688103325,5.627778323097701
8/27/2025 3:00,4.052082597583164,15.79203143682739,12.526077730236734,7.542619994233422
8/27/2025 3:15,4.037762152166252,15.154479411457988,12.752701193608845,7.59152265996687
8/27/2025 3:30,3.7618692092845394,13.37531766047776,11.015598526151463,6.845870593247727
8/27/2025 3:45,3.597756012583443,11.881811298115815,9.229020458647083,6.214906659556036
8/27/2025 4:00,3.4778419490404855,10.125037500984341,7.13090522121816,5.421605321266452
8/27/2025 4:15,3.353361924833938,8.153231990702956,5.316102742914369,4.710412658639033
8/27/2025 4:30,3.051528098965665,6.689865876169871,3.833153554560018,3.975493079575665
8/27/2025 4:45,3.0505170332218956,5.049482498888192,1.8373975050399722,3.218530487010572
8/27/2025 5:00,2.5897892710304697,3.1576400865995424,-0.3298015780178081,2.2527620696746915
8/27/2025 5:15,3.065180192159494,2.4562951812677323,-0.0575165529293839,2.39724447168771
8/27/2025 5:30,3.1587603992497204,2.0491948835359026,-0.7093960065044699,2.4452127338335496
8/27/2025 5:45,2.6197599155575424,2.389802253011024,-1.4395838633049778,2.483606224097311
8/27/2025 6:00,1.3574542510357828,1.5948070612027578,1.9228926840815057,-0.024900473630822408
8/27/2025 6:15,2.2575958994959886,2.4150598897004985,1.1643313718199244,0.19636349281646845
8/27/2025 6:30,3.06420795887105,3.0476705405797953,0.27048210734057165,0.31200857038472146
8/27/2025 6:45,4.150991164019796,3.801011676574189,-0.8553067317028726,0.6796142102310834
8/27/2025 7:00,4.9277233869188155,4.518475835085243,-1.5781174627385492,0.6454053606785775
8/27/2025 7:15,5.058256780902005,4.726369425387203,-1.600200487030771,0.6786232821513959
8/27/2025 7:30,4.285315632875025,4.429532682454774,-1.2452292613014055,0.45816635257608795
8/27/2025 7:45,3.867359936670038,3.729238614283469,-1.312782279854522,0.5073231513711047
8/27/2025 8:00,3.2166646963219208,2.8108749550980767,-1.285734823428694,0.3742232042804981
8/27/2025 8:15,2.435218184074409,2.2108166557166777,-1.17703169876826,0.5310637995682802
8/27/2025 8:30,1.9868166946119037,1.9500694885947671,-1.0430907735131276,0.6265877233801681
8/27/2025 8:45,1.3753650674734517,1.3260742183098144,-0.8985072653946999,0.4351533839035777
8/27/2025 9:00,1.0066851414059184,0.7570646499277924,-1.08618816922312,0.4039480305546798
8/27/2025 9:15,0.9776964606387875,0.7688607353246396,-0.8579861278820052,0.42969050202788733
8/27/2025 9:30,0.7167478965472369,0.638616761668061,-0.4356563602586202,-0.00019441971438498643
8/27/2025 9:45,0.5984835826759104,0.5873543593319959,-0.6188222061788163,-0.6869141709866632
8/27/2025 10:00,0.4239260644638908,0.0673337991412658,-0.7172763092593313,-1.1402584177366797
8/27/2025 10:15,0.24394816757731655,-0.1159091069044356,-0.34215470002651593,-1.5410956043812614
8/27/2025 10:30,-0.016585802213199052,-0.2756345056098355,-0.2713438973218534,-1.947350481746302
8/27/2025 10:45,-0.046441242389035076,-0.21561737539864412,-0.5333633773208212,-2.3081537801974013
8/27/2025 11:00,-0.2707386411738398,-0.22744509044906963,-0.17484621170637993,-3.2269786342977183
8/27/2025 11:15,-0.25863095000840636,-0.7588106214957716,0.17048207747787025,-2.9351643446875797
8/27/2025 11:30,0.009689318887772663,-1.0722156449573388,0.061346907027566386,-3.1072929850021445
8/27/2025 11:45,0.038336974674997935,-0.9021595863695804,0.05449038939973999,-3.188449197189806
8/27/2025 12:00,-0.19517390082622693,-0.7197561479856708,-0.33151059557395224,-3.15781339630941
8/27/2025 12:15,0.060724567187346416,-0.6377592673692416,-0.09411912727557101,-3.2361918134071317
8/27/2025 12:30,0.247117538798657,-0.576996343949167,-0.24828912577570933,-3.266698952510307
8/27/2025 12:45,0.29913757906642935,-0.46606295524940217,-0.3275028850024983,-3.3619860296495228
8/27/2025 13:00,0.3388129152469762,-0.48952744390206065,-0.15324528289201675,-3.5110707046349567
8/27/2025 13:15,0.11439256605478092,0.3645731526694006,0.18910169201065657,-3.332351779401252
8/27/2025 13:30,-0.7327655224957825,-2.0938046675636413,-0.4392738952636151,-3.2731107633028604
8/27/2025 13:45,-1.4977219657895213,-4.292748623299515,-1.1989966311022078,-3.5709783197678933
8/27/2025 14:00,-2.0503344485258226,-6.234207703095955,-2.1149129168934535,-3.799115228274161
8/27/2025 14:15,-2.7804731517361825,-8.741328430053736,-2.718931906813083,-3.9217254702109727
8/27/2025 14:30,-3.399357586228601,-10.584320823975995,-3.330942827456794,-4.023568957356819
8/27/2025 14:45,-4.157778962062605,-12.800262701340529,-4.118116997419685,-4.2854178469090005
8/27/2025 15:00,-5.049298558186967,-15.009943525865642,-4.796989515320075,-4.572603937030017
8/27/2025 15:15,-4.978128964695459,-14.77342993625599,-4.822048506820072,-4.399134346486487
8/27/2025 15:30,-3.575389589509656,-10.759108239397111,-2.4698341148667557,-2.6468086342602852
8/27/2025 15:45,-2.2221722734055502,-5.919990776553402,-0.08240823815308478,-1.0586599531921097
8/27/2025 16:00,-0.9906899220795695,-1.9183530721556907,2.467795968007728,0.7080804943989687
8/27/2025 16:15,0.24633409628663222,2.29132050264593,5.139250202218388,2.450744625007873
8/27/2025 16:30,1.637058551010851,6.905305208189752,7.533136712978321,4.149991610602503
8/27/2025 16:45,2.825545163972928,11.099035766564299,10.087043828941882,5.803082471659208
8/27/2025 17:00,4.094632098560673,15.54066985815524,12.639736506692074,7.513305861865192
8/27/2025 17:15,4.033143760401644,15.24831747588581,12.839903948490647,7.57782155270798
8/27/2025 17:30,3.7625170413726226,13.579030399615526,11.197181792913526,6.670002971938143
8/27/2025 17:45,3.6650744981651435,11.684487682888335,9.305123936368933,6.152212854620911
8/27/2025 18:00,3.489036262553941,10.259795159584367,7.208729138280155,5.19419523774382
8/27/2025 18:15,3.1293441113884857,8.592455675076286,5.821546437664354,4.535146870796735
8/27/2025 18:30,3.033441758455915,6.943437954940074,3.6707068883723726,4.051631118567949
8/27/2025 18:45,3.098149210229088,5.094553497562782,1.6502295726976235,3.2755694503999035
8/27/2025 19:00,2.5872235899890907,3.539127683513003,-0.0786137547221611,2.6263388506799097
8/27/2025 19:15,2.794744429371977,2.107253614253022,-0.3560078261169194,2.3566667424168957
8/27/2025 19:30,2.59068829563915,2.240841220481602,-0.745791769221164,2.3771380257288675
8/27/2025 19:45,2.595051234408907,2.01841722846474,-1.3668532554376793,2.6023148737072406
8/27/2025 20:00,2.3587666558742484,2.0547989471541768,-1.9444370744272825,2.762467946466909
8/27/2025 20:15,2.1033317191727057,1.8085098721190571,-2.3535075378854335,2.880876580922787
8/27/2025 20:30,2.0364672377665514,1.7469644093791195,-2.9669331918423767,3.1223715398531082
8/27/2025 20:45,1.3048070809632895,1.9623812488259809,-3.5380453409008137,3.0726758668351395
8/27/2025 21:00,1.4592047756327662,1.4866356757290267,-4.089718321286493,3.275181575054114
8/27/2025 21:15,1.7697654738070074,1.706041554620299,-4.04263501527385,3.3912933121297657
8/27/2025 21:30,1.3799571110228985,1.5580788305991038,-4.641418164601714,3.0577970448001475
8/27/2025 21:45,1.4279927478939525,1.57093634207616,-4.50176146988586,2.5088862268200702
8/27/2025 22:00,1.3332231325259662,1.5201296566176528,-4.950411123386657,1.925060395213006
8/27/2025 22:15,1.2679596746830157,1.5556298709128955,-4.732613857949027,1.4859258665167023
8/27/2025 22:30,1.2930801465037127,1.6374313671730418,-4.887864799277215,0.9939893230070067
8/27/2025 22:45,1.4692353450329616,1.6796370150507913,-4.862810305827567,0.4863339337404413
8/27/2025 23:00,1.4742058516362817,1.4150745335429333,-4.987847479099111,0.2216541651772647
8/27/2025 23:15,1.4526876870826095,1.6898273950757403,-5.266329114455623,-0.20013869781258897
8/27/2025 23:30,1.4664545845991395,1.1648568902460164,-5.041239068386643,-0.16556338868275905
8/27/2025 23:45,0.9566110013286452,1.112446548470288,-4.53703457201964,-0.3260680039460757
8/28/2025 0:00,0.9037706420839524,1.0541664461394489,-4.363174229665463,-0.1374605318199797
8/28/2025 0:15,0.3967924460310614,0.8100435785310547,-3.93483632579802,-0.014192795697623741
8/28/2025 0:30,0.15367095685811724,0.4681455196549832,-3.4303001336332506,-0.011290806804740552
8/28/2025 0:45,-0.08816902581195957,0.35029693039513743,-3.3441792818015994,0.276028896219497
8/28/2025 1:00,-0.0014900076345891744,0.05201245133117466,-2.7775079691103377,0.1505759241637285
8/28/2025 1:15,-0.5696862870716796,-0.05997754273224809,-2.4574008246393726,0.3677513071166305
8/28/2025 1:30,-0.7682208959544603,-0.21353302514852676,-2.727182283466651,0.22764732762781204
8/28/2025 1:45,-0.554691604217286,-0.32226833067690336,-2.4083942181352116,0.22485187151776598
8/28/2025 2:00,-0.7242183288323472,-0.20569768402353752,-2.4539025143081226,0.2104588385548921
8/28/2025 2:15,-0.7405130117580385,-0.7563104459030499,-2.5525198437715653,0.22103370341361492
8/28/2025 2:30,-0.5623851634618825,-0.1977675443623521,-2.695369630927755,0.41690098193221414
8/28/2025 2:45,-0.6741667802802145,-0.8773108400220061,-2.711383126601282,-0.04431891061362467
8/28/2025 3:00,-0.6426404308413874,-0.5528281822956603,-2.6582359504433217,-0.007993215084263011
8/28/2025 3:15,-0.6763450961690811,-0.18615617693829284,-2.4796827480751418,0.15856546322738493
8/28/2025 3:30,-0.6352512303723434,-0.18181377078951233,-2.727320026016775,0.22225934583599768
8/28/2025 3:45,-0.6239926646163543,-0.45825634303206686,-2.4970515457256117,0.2994158678242551
8/28/2025 4:00,-0.9248655138090063,-0.3823461837706072,-2.7746138555735453,0.27463067567345256
8/28/2025 4:15,-0.5932157870102217,-0.03128161065642293,-2.6030969664525174,0.17671602525310567
8/28/2025 4:30,-0.8032203190932227,-0.34390082051887017,-2.5512435140965333,0.33698349827353336
8/28/2025 4:45,-0.8618526678754279,0.11577262303386354,-2.1652169996844592,0.3382571173180201
8/28/2025 5:00,-4.761081543298029,-3.736555611255184,2.322626716420012,1.009425109267084
8/28/2025 5:15,-4.734324724977256,-3.5008157741549923,2.5109794555197897,1.1397819189937906
8/28/2025 5:30,-4.117319795322393,-2.751655368780724,1.9728678103944823,1.0331524969847135
8/28/2025 5:45,-3.207073301374081,-2.456729607683239,1.6964895131749569,0.910063818082653
8/28/2025 6:00,0.04773295051622045,-0.3123726673658688,-0.001502866745242075,-4.428054512155378
8/28/2025 6:15,-0.06894111186346143,0.15175668975849338,-0.11070619685866957,-4.1982481846185635
8/28/2025 6:30,-0.08176916904695136,-0.19874709311009242,0.15997571295599153,-4.122566538166073
8/28/2025 6:45,0.106782749631107,0.025997887967235102,-0.011204522724812961,-3.8165492358871353
8/28/2025 7:00,-0.39195889570774994,-0.10767138149365939,-0.03671023523972259,-3.3276075985540476
8/28/2025 7:15,-0.259255478735507,-0.051826158758280394,0.09627687691516852,-3.163597916661804
8/28/2025 7:30,-0.22878731060367036,0.2241796137460481,-0.21194003383464438,-3.115357419191362
8/28/2025 7:45,-0.12275535890070476,0.12663915882220464,0.05812928479734966,-2.891652700552745
8/28/2025 8:00,-0.10782312520315748,0.4658923710641647,0.31428437596945175,-2.604638864700608
8/28/2025 8:15,-0.12398676493522011,-0.20810048335302192,-0.13775214653092094,-2.6248149429215784
8/28/2025 8:30,0.08709336280681088,0.23519666057259006,0.3463978233616247,-2.145025382597406
8/28/2025 8:45,0.2474935384657576,0.2767161139838494,0.9481494285807499,-1.6281063976683405
8/28/2025 9:00,0.814752304237913,0.5879909914141341,1.5875301811262978,-0.8653600478079349
8/28/2025 9:15,0.875793019924374,0.5720270005217309,2.236764062139546,-0.4959265050225494
8/28/2025 9:30,0.7383935035811338,0.8326027386531883,2.839680833572875,0.3297913451113221
8/28/2025 9:45,0.8890933459816236,1.015041191536663,3.676969255365042,0.6275642065687177
8/28/2025 10:00,0.9335819459447511,1.0871327182334685,3.8624227339985984,1.3711407246629492
8/28/2025 10:15,0.5406768499394022,0.9191173188778421,3.6802990690458173,1.287189409404774
8/28/2025 10:30,0.3732600557964045,0.49790257938811144,3.1711204374568753,1.516223422428561
8/28/2025 10:45,-0.13455551839294064,0.06912563072459646,2.9922396704948757,1.4833532533127605
8/28/2025 11:00,-0.41384730234629286,-0.19106672402123565,2.439714484786954,1.6284681471021363
8/28/2025 11:15,-1.0024732936955918,-0.6250568624196985,2.5416549868739358,1.9383416159771576
8/28/2025 11:30,-1.2912895996653204,-1.3517917608444545,2.223993638740196,2.158605124090929
8/28/2025 11:45,-1.5708870926254945,-1.6449244295032803,1.8727708993771115,2.2101663631874353
8/28/2025 12:00,-1.938764241043259,-2.2321472538558345,1.1598489411881632,2.2185164971492086
8/28/2025 12:15,-2.2080009935252822,-1.888608333276523,1.4988114529233305,2.073237075116399
8/28/2025 12:30,-2.170843468138204,-1.7681755542943236,1.0103448105546502,2.236026705572778
8/28/2025 12:45,-1.635214411540796,-1.1685199466173826,0.2597549570389216,2.367568038844534
8/28/2025 13:00,-1.5874759092298247,-1.154835056703106,0.10272979835303418,2.7523771609593934
8/28/2025 13:15,-1.146379293993901,-1.0274274051563854,-0.2513417688924572,3.038790152933397
8/28/2025 13:30,-0.9698043374142202,-0.5640028147463181,-0.6380231264497787,3.079196145632384
8/28/2025 13:45,-0.8852328806267736,-0.905633550309337,-1.1189770995912338,2.992997633135629
8/28/2025 14:00,-0.49163525072565645,-0.6537830924618213,-1.5184799455624658,3.3997972217121615
8/28/2025 14:15,-0.4020729124081212,-0.5735787758654132,-1.2679378716129892,3.6120116127869664
8/28/2025 14:30,0.18139730143641195,-0.17436526069181568,-1.8125041248177713,3.7565942153263605
8/28/2025 14:45,0.6372852752385775,0.3808312610003087,-2.992686112366272,3.237405036768093
8/28/2025 15:00,1.4022989663863776,0.6382004595443397,-3.0749106204449035,3.2458126779111787
8/28/2025 15:15,1.887445193054356,1.3810429914861944,-3.5533014617553107,3.3718629716174844
8/28/2025 15:30,2.2783402853178907,2.245857246831794,-4.319331756920201,3.1150404677055055
8/28/2025 15:45,2.9585172847191865,2.5702372652951575,-4.517808851640688,3.0145931531681205
8/28/2025 16:00,3.6612280014146177,2.9830839838369334,-4.83061659221301,2.849953475643175
8/28/2025 16:15,3.6573017645870936,3.2328370008941443,-4.757854229442934,2.720107193880938
8/28/2025 16:30,3.2096506282469286,3.125530212077016,-4.282463424740674,1.8312988808548456
8/28/2025 16:45,3.2065640295233537,2.7183251148028154,-4.249249155425528,0.7101036556764294
8/28/2025 17:00,3.472256131524018,3.0058621070245612,-3.9687420282482284,-0.037100060352862785
8/28/2025 17:15,3.1068040428930765,2.9901480758969243,-3.3732966740743646,-1.234125756960013
8/28/2025 17:30,3.0316527996166127,2.4672256467200326,-3.4669782417051804,-1.9797504170314504
8/28/2025 17:45,3.096701474514691,2.506525049815683,-3.0607105037234295,-2.9367746133164934
8/28/2025 18:00,3.1706764469339377,2.308103024731784,-3.2062063194141937,-3.967509720898067
8/28/2025 18:15,2.9389774007872234,2.597166798341285,-2.597869349674191,-3.9618208358700295
8/28/2025 18:30,2.3054687202817252,2.278662148261794,-2.3585975058893363,-2.9802958694537476
8/28/2025 18:45,1.738775338206753,1.4280397273480405,-2.0408945281076285,-1.9815604149831352
8/28/2025 19:00,1.1702379733089718,1.392700374308288,-1.468119795089403,-0.8495154512147076
8/28/2025 19:15,0.5852619411548733,0.9259836273964063,-1.3487973718960777,0.11481897784021675
8/28/2025 19:30,0.42426055611902064,0.2663349932585633,-0.47283477835722376,1.327803385454587
8/28/2025 19:45,-0.3921660440850381,-0.5997487397960333,-0.27436426996909274,2.2096212039007064
8/28/2025 20:00,-0.8807860739009391,-0.8397927595587092,0.19293524205651238,3.472317838572388
8/28/2025 20:15,-0.8668180820109863,-0.5182144081839837,0.22895669055667328,3.1809325308704275
8/28/2025 20:30,-0.8144395360504997,-1.025901306110197,1.33311338627501,2.9130137702172236
8/28/2025 20:45,-0.8678813237439631,-0.4477872519364338,2.6627750345725594,2.568176486232709
8/28/2025 21:00,-1.101005748037068,-0.41969809995420415,3.709119386122731,2.4526763831541736
8/28/2025 21:15,-0.9249908967287644,0.08325203193259187,4.893413687869305,2.0008774091200308
8/28/2025 21:30,-0.9663327296463906,0.002243558285238048,5.903100686974816,1.6007957754827509
8/28/2025 21:45,-1.008509654298795,0.3525558846917529,7.108246562619981,1.343757546152225
8/28/2025 22:00,-0.8604268715232504,0.5481977477868203,8.073057004852485,0.7079625434691124
8/28/2025 22:15,-0.6325044219092546,0.3462897318257604,8.44778918257787,1.0397347756069701
8/28/2025 22:30,-0.9130679935657677,-0.06116270691979483,7.357041992965642,1.0280636995182317
8/28/2025 22:45,-0.8491348678865008,-0.027281159548337472,7.361578710495017,0.5703156570376153
8/28/2025 23:00,-1.067304315773008,-0.40471724765203443,6.916219229984008,0.3182266175591131
8/28/2025 23:15,-1.1260961144635535,-0.01743821277805213,6.086229256078835,0.12834102207698056
8/28/2025 23:30,-1.446666464238541,-0.41001540722536145,6.132511808276443,-0.07670440878185945
8/28/2025 23:45,-1.3712881233237706,-0.44005974062528297,5.465542271984699,-0.6518477617586289
8/29/2025 0:00,-1.4513292533266005,-0.41300176986913795,4.998476978669206,-0.8605863102542379
8/29/2025 0:15,-1.7779834069915121,-0.4302086358422463,4.811499076761953,-0.5663660199394505
8/29/2025 0:30,-0.6860059902496,0.5344087118201223,3.8648626956988417,-0.4880392172557287
8/29/2025 0:45,0.2620858779926137,1.3215322253981239,2.96005495842476,-0.0725612340422942
8/29/2025 1:00,1.0672033139197128,1.8704322312960413,2.153117720316888,-0.07441236607305213
8/29/2025 1:15,1.9414297908058988,2.215821659446508,1.4140668277079647,-0.07536772657404542
8/29/2025 1:30,2.8808586072793543,3.125390787916685,0.3063371342260955,0.18474284981558323
8/29/2025 1:45,3.989962342789289,3.9339462199325728,-0.7803821427346751,0.1995133297151841
8/29/2025 2:00,4.967843882700049,4.154901912719747,-1.3995639143354734,0.6707990986541801
8/29/2025 2:15,4.931468374662932,4.715096843677122,-1.3252703734213187,0.5277975218379517
8/29/2025 2:30,4.427993125576134,4.455198827072473,-1.2898070614199757,0.48328128538260307
8/29/2025 2:45,3.8894669153602464,3.7641476398329625,-1.1952813968023184,0.6374214772270418
8/29/2025 3:00,3.2877201951015085,3.1992391248314465,-1.28377325197277,0.6335313851462988
8/29/2025 3:15,2.798840399018615,2.854419423521325,-1.3130316150323549,0.45963647378294853
8/29/2025 3:30,2.1560055373896945,2.031128578419236,-1.2234717948541498,0.21774222023599912
8/29/2025 3:45,1.257972675249262,1.4742200916606931,-1.2707810261987087,0.5144868572110448
8/29/2025 4:00,0.9921665362857113,1.2314396843875792,-0.8817833423645823,0.4898608409384144
8/29/2025 4:15,0.7961498390567474,0.7375372892014732,-0.6996175604881708,0.5923242507450288
8/29/2025 4:30,0.848390183021047,0.46609826698912693,-0.6909708038435586,0.1380859698521826
8/29/2025 4:45,0.5754524379449317,0.49972434154176815,-1.0391954323490329,-0.6380368364544591
8/29/2025 5:00,0.36579280165180156,0.32862858566559516,-0.6892559741231006,-0.8065833190794978
8/29/2025 5:15,0.039524235715679396,-0.007140302351419367,-0.23025030816196376,-1.6765711949069038
8/29/2025 5:30,0.09944368364490253,-0.26536426045632766,-0.4577877305413357,-2.012425321902424
8/29/2025 5:45,-0.22584036110688666,0.12504404818104048,-0.22075360267958613,-2.8216985779762576
8/29/2025 6:00,0.2964765751643258,-0.0017449331470494878,-2.0202486861610782,3.695243456481535
8/29/2025 6:15,0.6220103943300554,0.04105669110398885,-2.55423076017334,3.303763318832947
8/29/2025 6:30,1.3141674288658112,1.0259404834809183,-3.2607832813050504,3.264568327493876
8/29/2025 6:45,1.7892886365405944,1.3863554803781926,-3.6114595449628575,3.2623850032136805
8/29/2025 7:00,2.2976639490707256,1.8737811125009667,-3.8785553054735225,3.0702058702484116
8/29/2025 7:15,3.036696580895258,2.183323273003912,-4.75954498265173,2.822649855823482
8/29/2025 7:30,3.3847467390498367,3.039274415169005,-5.068352087842433,2.8842196355970953
8/29/2025 7:45,3.1807292213886504,2.899908381588439,-4.7137531682957565,2.7485128917721657
8/29/2025 8:00,3.2637583006875395,3.301339849738541,-4.31966150596899,1.7525354361477807
8/29/2025 8:15,3.394802779252929,2.825717714783411,-4.162111083516052,0.8276322452466129
8/29/2025 8:30,3.333482585431373,2.9714437049914264,-3.613488232810698,-0.16692812287774544
8/29/2025 8:45,3.0419938824881765,2.8275397370692676,-3.533759706152075,-0.9084853820733679
8/29/2025 9:00,3.107853832535669,2.929968192030799,-3.5941250361852988,-2.1201194218470256
8/29/2025 9:15,3.0845328192338446,2.587902672299347,-3.026162808576077,-3.0242653041019665
8/29/2025 9:30,3.0705911767500553,2.3862044405661558,-3.0249574036370235,-3.89586922991261
8/29/2025 9:45,2.7767515119348105,2.6744965872456525,-3.001057940973924,-3.858846045747223
8/29/2025 10:00,2.3082956950021987,2.4842127563495486,-2.4063381187989856,-3.0802091563522445
8/29/2025 10:15,1.7318458912205534,1.8698027207254584,-2.0920093490786127,-2.0088100185832647
8/29/2025 10:30,1.3592595604470301,1.2241503112766805,-1.415672469427927,-1.0418554047051138
8/29/2025 10:45,0.8003667889996211,0.759051625745052,-1.2437885473024026,0.24463783288672153
8/29/2025 11:00,0.11504270570234694,0.044488461395501944,-0.7705968182515724,1.163217272760733
8/29/2025 11:15,-0.4800039077985688,-0.11609965120124217,-0.32930360717548857,2.2970517820135
8/29/2025 11:30,-0.9759209964288326,-0.9684762001086453,0.1331722948295736,3.466539026356268
8/29/2025 11:45,-0.9085360964242836,-0.599312840976929,0.49190416157915995,3.2425978019388015
8/29/2025 12:00,-0.9368398503721255,-0.5359422272865687,1.533020215155462,3.0041037632499754
8/29/2025 12:15,-0.8967551400112501,0.013154618011955055,2.830587230944756,2.605324541482723
8/29/2025 12:30,-0.8440852340995153,-0.40623547067951027,4.0416348277984975,2.37809459027259
8/29/2025 12:45,-0.8976624734091423,-0.06967727374732366,4.6153228878151396,2.0174191405385815
8/29/2025 13:00,-0.7150447528051023,0.4191770811022228,5.916193756621637,1.5459529097186016
8/29/2025 13:15,-0.6289685946329198,0.48529142582230045,6.829009499900833,1.2675381439435014
8/29/2025 13:30,-0.9103282598272705,0.335521595000066,8.013758854818985,1.0678259011863849
8/29/2025 13:45,-0.7980817992074863,0.07451641174860611,7.975097043884529,1.089587940662237
8/29/2025 14:00,-0.9354238676630247,-0.026616397746163374,7.441466907938803,0.6403859698985258
8/29/2025 14:15,-0.9700294595314929,-0.043141361890341824,6.97929725076064,0.6300776686853669
8/29/2025 14:30,-1.1213051837390244,-0.27216048454551806,6.666272519470294,0.186598709199586
8/29/2025 14:45,-1.410947254980902,-0.23315893490545772,6.0259720359638065,0.2270610221614563
8/29/2025 15:00,-1.4927148606802654,-0.5511974804553,5.9032335276920955,-0.062029359579761925
8/29/2025 15:15,-1.4342830821586303,-0.3227578436566936,5.149306599986437,-0.3906129101618324
8/29/2025 15:30,-1.4131055081321753,-0.3333929623196221,5.302346840246638,-0.6504931668011192
8/29/2025 15:45,-1.9865800880194766,-0.20509352026966815,4.7322590558551925,-0.6142562950335246
8/29/2025 16:00,-0.713242482167624,0.22360162941059436,3.912671138372869,-0.3289011617914346
8/29/2025 16:15,0.3415015310116352,1.325083185513059,2.780563695920497,-0.264751536321397
8/29/2025 16:30,1.1177145435380342,1.882500136735238,2.3705637999181333,-0.011512740415046636
8/29/2025 16:45,2.1545398011287396,2.361275037825042,1.3675076635095558,0.24515418714389864
8/29/2025 17:00,2.9421379398801544,3.0989609973968895,0.32544466563001534,0.26539767021497856
8/29/2025 17:15,3.963737542256378,3.5559016334104157,-0.8523416185451431,0.4431750603140854
8/29/2025 17:30,4.719709282085734,4.298618407231474,-1.501010924055875,0.5611316226340953
8/29/2025 17:45,4.733791395850167,4.805609599993832,-1.6628840214363128,0.42774083469770985
8/29/2025 18:00,4.544700011490404,4.514513659271833,-1.156304890490447,0.32294037686498905
8/29/2025 18:15,3.691316769850127,3.610819432090158,-1.1847532602879016,0.5975570035767972
8/29/2025 18:30,3.150945449369557,3.2377131725805923,-1.2232172650454203,0.703243593217478
8/29/2025 18:45,2.4245446472312175,2.4502279771335713,-1.5621840630826949,0.6418808151650268
8/29/2025 19:00,1.813730578138826,1.9939418520198289,-1.242516664888014,0.2758296652606811
8/29/2025 19:15,1.363377180806758,1.3394873885370038,-0.8867806101456328,0.5267726087726589
8/29/2025 19:30,0.6847677230911727,0.9216662526126361,-0.7204732769030936,0.5888505363109077
8/29/2025 19:45,0.9119353607146589,0.6834261877873542,-0.5024923751226293,0.504817590786438
8/29/2025 20:00,0.7729361589415842,0.3355187183048646,-0.881386416481881,0.037578879033367873
8/29/2025 20:15,0.6076631834810751,0.19466125709122187,-0.5008251052049756,-0.7343219434168754
8/29/2025 20:30,0.4486880707623353,0.16497233795389254,-0.31523756229457417,-1.0055365621144627
8/29/2025 20:45,0.4707788873559956,-0.1289036518361375,-0.6896139549831513,-1.688463942225965
8/29/2025 21:00,-0.014696258280357144,-0.02218820113649002,-0.34923974631880156,-2.0751928825257613
8/29/2025 21:15,-0.03419745683003835,-0.34283221947516695,-0.23509219160282077,-2.807291784260299
8/29/2025 21:30,-0.031410784515835566,-0.03702200355493884,-0.26248940350377126,-3.0979867110685895
8/29/2025 21:45,0.06172180697214273,-0.9790221652256921,-0.2572403350172627,-2.9820797292782757
8/29/2025 22:00,-0.2365424268026164,-0.6161861819626573,-0.054368460503645494,-3.224577293754919
8/29/2025 22:15,-0.05129308677837913,-0.8050583658285935,-0.10406793895570823,-3.3010215630856115
8/29/2025 22:30,0.2054274758118822,-0.6625048817841939,-0.12387673243714167,-3.453455281358718
8/29/2025 22:45,0.14107388195615292,-0.5199060312425602,-0.24197088967724,-3.2736898623008117
8/29/2025 23:00,0.14515436473030968,-0.9001360851850841,-0.27149426174170654,-3.345729990482507
8/29/2025 23:15,0.13647966039457735,-0.4326454213254824,-0.2542665698467466,-3.4924904079809744
8/29/2025 23:30,0.15924738046387094,-0.1162102325098135,-0.22400511359655706,-3.299656273720575
8/29/2025 23:45,0.1461501852024268,0.11125461590954415,-0.1057221902754124,-3.2074472025422285
8/30/2025 0:00,-0.657268594217028,-1.936055568765761,-0.8035711253175184,-3.4705749141291364
8/30/2025 0:15,-1.365099734188276,-3.9746225818685677,-1.40105321444547,-3.6027136747808552
8/30/2025 0:30,-2.0842194269066505,-6.34256736853014,-2.414278983002063,-3.608684876786409
8/30/2025 0:45,-2.9151630011916057,-8.580400713568253,-2.698384172214464,-3.853836415343542
8/30/2025 1:00,-3.4955583315015017,-11.033623641389575,-3.4577822898277666,-4.1292069746653155
8/30/2025 1:15,-3.926670324172971,-12.709499982602582,-4.131585370293164,-4.235309926801841
8/30/2025 1:30,-5.258814685911141,-15.004166052167868,-4.659805662565421,-4.63026285393375
8/30/2025 1:45,-4.778362767680457,-15.211865560682154,-5.28098115686071,-4.535490375993763
8/30/2025 2:00,-3.6315766432473318,-10.63288468242013,-2.7862858845785308,-2.810339448830294
8/30/2025 2:15,-2.1762921413669365,-6.365677905566823,0.08339033077427428,-1.1688017619032518
8/30/2025 2:30,-0.9590170309155611,-1.969427930926612,2.535126939452482,0.6466129377026081
8/30/2025 2:45,0.4169968933916587,2.608783730541948,5.062600769072653,2.2197702869210123
8/30/2025 3:00,1.7545859567773854,6.667912178990621,7.456258037059241,4.079150577689704
8/30/2025 3:15,2.914252805784272,11.456997666286039,10.14062079538564,5.795974093973828
8/30/2025 3:30,4.3188433135384585,15.431787420270366,12.683134379410323,7.111805409469835
8/30/2025 3:45,3.6948431626413574,15.069681335384871,12.981856952590123,7.654414865902811
8/30/2025 4:00,4.016322975083635,13.809522658217345,11.029071536594092,6.447262895741188
8/30/2025 4:15,3.6817564438788435,11.979399171437587,8.894130780779927,6.001826398896702
8/30/2025 4:30,3.591534574771185,10.109804183116905,7.539973838386142,5.466143961507066
8/30/2025 4:45,3.119096469841936,8.238796024926067,5.785087917132975,4.589659998182143
8/30/2025 5:00,2.988917328347682,6.61210732874033,3.8600114136203714,3.7353022583048916
8/30/2025 5:15,2.933589418735268,5.01766373662244,1.7784024021753166,3.054695273085638
8/30/2025 5:30,2.7330837648760005,3.3156239748017606,0.20548904328697376,2.5737467300314627
8/30/2025 5:45,3.100431152633408,2.408976052478138,-0.04500664233340204,2.168242266530527
8/30/2025 6:00,-0.5343109995896782,-0.18196992605172418,-2.6122110418193554,0.33247702266739354
8/30/2025 6:15,-0.6851457270842732,-0.25983480152513433,-2.5590036809584773,0.3681215954859006
8/30/2025 6:30,-0.8300188795008772,-0.39547489682428827,-2.551592861969321,0.42369934067357484
8/30/2025 6:45,-0.7524062205446309,-0.24040752034849222,-2.5338138630397378,0.12164813098942383
8/30/2025 7:00,-0.8077048687101042,-0.27407514782398607,-2.441675610824395,0.2221874319297003
8/30/2025 7:15,-0.5677832152369242,-0.4870889504979113,-2.4776081860026844,0.22188814734237455
8/30/2025 7:30,-0.5848268846248852,-0.5104081567399724,-2.562058412597551,0.20939931334766412
8/30/2025 7:45,-0.897120503270097,-0.1670432622153469,-2.7031055129894908,0.14644885460587825
8/30/2025 8:00,-0.7295378383827884,-0.7009015010067858,-2.558181712689468,0.05093646697294202
8/30/2025 8:15,-4.86359706328113,-3.7016065823861424,2.545649059051639,0.9989889292885403
8/30/2025 8:30,-4.58024988369467,-3.650186101321327,2.2996040915378835,0.9420856521271574
8/30/2025 8:45,-4.200959342634927,-2.8036797831087714,2.312812196928691,1.0118352938820236
8/30/2025 9:00,-3.1085802131163645,-2.5619988168539276,1.5419546539739444,0.8835034517211403
8/30/2025 9:15,-2.601130340197652,-1.8222589043846027,1.3787541831834793,0.8207754570998096
8/30/2025 9:30,-2.0288566795779976,-1.4549422403437045,1.1659857905063324,0.9453003158141959
8/30/2025 9:45,-1.2510741543193264,-0.8234712015407084,0.6860078130730587,0.9079537661902938
8/30/2025 10:00,-0.5508692090907706,-0.17304880166672593,0.7366534963563405,0.929051916827258
8/30/2025 10:15,0.10492262109929537,0.17016378205351754,-0.03182164343532181,1.0847128531448795
8/30/2025 10:30,0.2868892997120094,0.0571681038030363,-0.17431680631986346,1.0258098062579188
8/30/2025 10:45,1.2558624061635661,0.4984648320642,-1.3890466389141058,0.8562230289382113
8/30/2025 11:00,2.272004819526866,1.4924153040712416,-2.3442456945391235,0.4844376494673192
8/30/2025 11:15,3.638853732491642,2.3750705525335274,-3.2741263709415422,0.26721016522179347
8/30/2025 11:30,4.595032715084955,3.107591886806301,-4.20451753735459,0.4016398508958078
8/30/2025 11:45,5.86634421394671,4.096167885545973,-5.320787843805306,-0.07792013582256281
8/30/2025 12:00,6.983821833489774,4.421215616311503,-6.194543202142469,-0.28499656881812696
8/30/2025 12:15,8.12611756241306,5.0942146977468035,-7.447485103682642,-0.36355320104380184
8/30/2025 12:30,8.446826735052673,5.603770707759705,-7.701744959799812,-0.36178861399766665
8/30/2025 12:45,7.050966755697548,5.057637616670061,-6.096863550632519,-0.870640237433186
8/30/2025 13:00,5.926882297650773,4.205168444900415,-5.375593841765388,-1.2184754348374267
8/30/2025 13:15,4.521185996767942,3.313398478290408,-4.4566353713986615,-1.459318407659255
8/30/2025 13:30,3.5160115670712884,2.2817943146635575,-3.3494246264748946,-2.1078532231948257
8/30/2025 13:45,2.478587364023058,1.7752822996498132,-2.2874422056757684,-2.591049615872487
8/30/2025 14:00,1.1724975546912666,0.614495521744928,-0.8737828592465577,-2.74030690483332
8/30/2025 14:15,0.27052424889441096,0.19122687670784072,0.014229215846337247,-3.2078130988673057
8/30/2025 14:30,-0.03377152094578553,0.6938791152688644,-0.06597584123186553,-3.3592442537772085
8/30/2025 14:45,0.06208644830134824,0.2520595209355555,-0.054915166118194476,-3.5230936324778317
8/30/2025 15:00,0.0030432365670689104,0.2666589885103365,0.11909806351187124,-3.481460149407123
8/30/2025 15:15,0.07776076481429718,0.06336475090469572,-0.09915569026521344,-3.456686653004705
8/30/2025 15:30,-0.045627403874437394,-0.18061910470228176,-0.09436884754256221,-3.3713304373471225
8/30/2025 15:45,-0.019414691177901428,0.0010026285437276933,0.16309293743122602,-3.676867415501271
8/30/2025 16:00,-0.03585439018273715,-0.10354649302400892,0.26795985829456587,-3.6221549643412616
8/30/2025 16:15,-0.12019255156135071,-0.18515930623402566,0.26620150999325415,-3.5894159314493734
8/30/2025 16:30,-0.151319258687331,0.3830890784867885,0.056333436487079114,-4.228888176827823
8/30/2025 16:45,-0.399208392676298,-1.4322627212217003,2.255356505251875,-3.6554410279036182
8/30/2025 17:00,-0.6573260711188117,-2.9852701434387825,3.9736759423350936,-3.725134577796718
8/30/2025 17:15,-0.9173343940646942,-4.672378395241944,5.963673492408859,-3.3687527806487325
8/30/2025 17:30,-0.9774964782629757,-6.2204423889346,7.847103919361803,-3.1950768459376175
8/30/2025 17:45,-1.3254678859889482,-7.599725372553074,10.171443709997543,-2.9159619281915194
8/30/2025 18:00,-1.5509574757743578,-9.338782194307203,12.0143254395848,-2.7934912955092432
8/30/2025 18:15,-1.7150160043098432,-10.814888409626592,13.96287702470891,-2.944498735023025
8/30/2025 18:30,6.660866640253598,6.356775846764913,7.8012281423327545,0.5792187116378624
8/30/2025 18:45,-0.4761313986473844,-2.521179912434161,1.620851283763486,-0.17630701913035532
8/30/2025 19:00,0.986470446230238,0.5086718971574036,0.9420682855500562,0.19427099560769562
8/30/2025 19:15,0.8680629702316428,1.6056876098854829,-0.04975460433497482,0.4209887918673007
8/30/2025 19:30,-16.655566300787218,-23.05421947760916,-17.61290716651598,-4.5043437175265595
8/30/2025 19:45,6.322980691504539,17.34694370845632,10.455729210543417,7.82912864842616
8/30/2025 20:00,-3.2022291871455213,-8.058723397922947,0.8347727741716608,-2.1722503910719833
8/30/2025 20:15,-2.3088261947759845,-4.365935394598944,-1.506392807696382,-1.334909270120378
8/30/2025 20:30,0.8783818509359307,0.5479609908648021,0.7405755404399668,-0.043699940530558666
8/30/2025 20:45,-0.8601393015738509,-1.7124828139085577,-1.677206480412262,0.02861852143187324
8/30/2025 21:00,-0.9944571191707803,-1.6639444918269617,-2.1444947698066765,-0.2508625828906177
8/30/2025 21:15,2.1851970842353445,2.0775378711056436,2.3738279303723715,0.44316070682443093
8/30/2025 21:30,6.9251700576574065,3.006367981218198,-2.4497322314946643,-2.7640826218391528
8/30/2025 21:45,1.3196425294403737,0.24837147478747634,-0.5110247049147977,-0.6736332245666057
8/30/2025 22:00,-3.566621162030547,0.4181315384452684,-3.9535679097689407,2.44829972377201
8/30/2025 22:15,-2.119080118167917,-1.3047540979352839,-0.9974338095688533,0.34653602263523775
8/30/2025 22:30,-2.003586524620512,-2.090773926165236,0.5897757386002885,0.2546264366150481
8/30/2025 22:45,0.9620692996037971,0.09470970801273813,-1.4191193281269439,-0.11627328936689474
8/30/2025 23:00,-1.1229487469335784,-0.8715434675533446,-1.119927589432413,0.010368248701185467
8/30/2025 23:15,5.068360265974338,3.8493585277835,3.07983460413308,-0.003498082278898307
8/30/2025 23:30,1.8442854564066142,1.511516973898316,4.793839097866988,0.2339610689350841
8/30/2025 23:45,1.3725045801998532,1.3704833047030605,2.7231124697240725,0.08852927041474057
8/31/2025 0:00,5.99378355288001,2.159507099564862,2.9655208741607093,-2.862017239261984
8/31/2025 0:15,1.333827118340581,0.06505833797342145,3.95556552066454,-0.8112174946930708
8/31/2025 0:30,-0.2629494228216534,-0.2703204506920592,3.8880876204255737,-0.12321125411870978
8/31/2025 0:45,-7.004448694180478,-0.23289880617273445,-8.768841304280446,4.521697200753223
8/31/2025 1:00,2.474767468443207,1.4028134920146407,0.14598207631359694,0.5277923420946123
8/31/2025 1:15,2.910575508481613,-1.7520399315135422,0.6326244918099182,-3.165215240055229
8/31/2025 1:30,0.45543687018941237,3.3019737856007843,5.817225827529729,2.411146736079043
8/31/2025 1:45,-0.43004660974011577,0.9035872612278032,3.247410262756385,1.4577085385127477
8/31/2025 2:00,0.22434481404823525,0.08375411753314838,-2.9933541795928162,0.05052125198359317
8/31/2025 2:15,-0.31759408097634634,-0.4021903736449564,0.4671873285704094,0.40161647602938866
8/31/2025 2:30,2.6650967549290683,2.586315916638626,2.2017329795571676,0.04705810156844058
8/31/2025 2:45,3.8587730999582863,3.712115116179434,2.8311972407861523,0.21007510722521144
8/31/2025 3:00,3.3913404725507865,4.395061172538564,-2.5554055075843976,0.3306010509275845
8/31/2025 3:15,-7.280703698251863,-13.433579193742935,-7.147384580768311,-3.777531415303895
8/31/2025 3:30,10.573726140360383,15.009096384345677,13.270326392947883,2.0190893743564198
8/31/2025 3:45,-2.397110763830482,-3.70317989715952,2.0814478421896974,-1.5299731339729918
8/31/2025 4:00,15.04114281474903,21.7532734613871,13.559046438274093,3.502924255945365
8/31/2025 4:15,-14.102703099613754,-22.071494672723045,-13.766578291776607,-4.411105883732598
8/31/2025 4:30,12.587923594183458,17.58982932014378,7.092758432578408,2.5225644263020315
8/31/2025 4:45,2.2119442003835976,4.05083325308422,3.8055106169955115,0.4680613257029767
8/31/2025 5:00,-1.063023109501696,-0.5212628870184705,4.737983622857408,0.09776081109060196
8/31/2025 5:15,1.3110655614885693,1.1091665989011457,1.0223256558980192,0.07398994010644822
8/31/2025 5:30,-0.6185569328595742,-0.2117884401359374,0.3671976151074532,0.29484239499186154
8/31/2025 5:45,-0.5094508789230736,-0.5182275648342123,0.5380676061115367,0.45564033132611476
8/31/2025 6:00,0.6869727789302105,1.4730071864356677,5.321497042833957,-0.6156199102715697
8/31/2025 6:15,0.5598204067514746,1.5503080673154943,6.1312068426759225,-0.25797717660321984
8/31/2025 6:30,0.515682071144002,1.2711797864985122,6.349480348077381,-0.5134674686584008
8/31/2025 6:45,0.393243245057108,0.995401271988307,5.35503693174366,-0.16300713898943242
8/31/2025 7:00,0.47929521256051955,0.4883006189471493,4.568440594947863,-0.3303839978348869
8/31/2025 7:15,0.25932093687933416,0.6308715428245488,3.6113378860391756,-0.09378601106334272
8/31/2025 7:30,0.2626545017406909,0.4022920104366151,2.803089691496042,-0.251692700785993
8/31/2025 7:45,0.1933830227044583,0.6527846508677264,1.7030787641419942,-0.2049727521546854
8/31/2025 8:00,0.057256431970258884,-0.06685321415684076,0.885605291373389,-0.08039629989686986
8/31/2025 8:15,0.0928291998409147,-0.1897839849584903,-0.2225844194670572,-0.3042349198479248
8/31/2025 8:30,0.4972472571769444,-0.10305717356584956,0.16719870825781338,-0.4636836563781803
8/31/2025 8:45,-0.004868831451748906,-0.0801134703495314,0.598199389723603,-0.12662616564780194
8/31/2025 9:00,-0.1000377207207206,-0.4530556888907888,0.40130657248432033,0.23639350407902432
8/31/2025 9:15,-0.17629614701914878,-0.452682479643989,0.5480863646251506,0.23603385001212587
8/31/2025 9:30,-0.37431342210753543,-0.26091440707043073,0.48498111688905765,0.44363545439959007
8/31/2025 9:45,-0.701117517215494,-0.7757206478461625,0.41706349892326894,0.9743226968237879
8/31/2025 10:00,-1.18926235641805,-0.7158418244084943,0.5653015672519013,1.0574894553514778
8/31/2025 10:15,-1.002882975258494,-0.468086116357709,0.8503172875297226,1.3276669486877701
8/31/2025 10:30,-1.0066877787750061,-0.43044047142691494,0.7780557053940669,1.2513362058017028
8/31/2025 10:45,0.0541090567806409,-0.23790047782626833,0.039519053397293835,1.6884163142458373
8/31/2025 11:00,0.4792748346413278,0.37981357753124306,-0.07704957783572122,2.0676591065273655
8/31/2025 11:15,1.1758534114903458,1.0811680761257259,-0.11075790683688946,2.4773422242285514
8/31/2025 11:30,1.5244203121819258,1.7724495221375078,-0.8045639749106508,2.5855661734777313
8/31/2025 11:45,2.0323943373265054,1.8473108826210063,-1.4306997996972162,3.16549532716982
8/31/2025 12:00,2.854199412352375,2.4689601090712063,-1.1840819522359447,3.2005888774852296
8/31/2025 12:15,3.4075271071129474,3.306186140274044,-1.7480653942705882,3.50331799809696
8/31/2025 12:30,3.237096798674579,2.9346325113764054,-1.7868220587081443,3.743511534916653
8/31/2025 12:45,3.0677679907249993,3.167215361463628,-2.3706620633013946,3.611502060671037
8/31/2025 13:00,3.1667831692530615,2.6251194295753515,-2.664393303283644,3.5437248252213536
8/31/2025 13:15,2.6778331584438293,2.616821525835931,-3.4668974406336908,3.6084723410870105
8/31/2025 13:30,2.462489488591745,2.361424965216653,-3.721543071765994,3.8001413874585364
8/31/2025 13:45,2.193576346456824,2.043607908471896,-4.355739009338432,3.8324808561929804
8/31/2025 14:00,2.0318043680472178,1.8421529228372417,-4.938935794029063,3.5911626738361355
8/31/2025 14:15,1.5764043572005502,1.8572400270710354,-5.489348384748137,3.699020183247396
8/31/2025 14:30,1.330205150291824,2.033142840411774,-5.4439905747431006,3.8666623005104235
8/31/2025 14:45,1.3994865279654207,1.6376089676970598,-5.001863398281583,3.282892361038749
8/31/2025 15:00,1.3584718990985105,1.465447222691477,-5.07734971588313,2.928333215602074
8/31/2025 15:15,0.963092609129809,1.3440597587977035,-4.962027803074881,2.4744644743730593
8/31/2025 15:30,0.8957238010850165,0.8781463091040489,-4.352008472247252,2.1432417113450923
8/31/2025 15:45,0.6616297227383524,0.9607669371599932,-4.108856274822788,1.6900819343772866
8/31/2025 16:00,0.772645188266545,0.7683436636971746,-3.8934385900718387,1.0537490036690795
8/31/2025 16:15,0.5083396049391914,0.8632649384131525,-3.6650484005148747,0.606075879191757
8/31/2025 16:30,0.460792698597862,0.3523824200063061,-4.01685771926449,0.7008789808843345
8/31/2025 16:45,0.23427526548696542,0.12379454530156064,-3.244596235592078,0.3697926789389086
8/31/2025 17:00,-0.07235550518976618,0.11586493796073935,-2.79316874320661,0.3154686821091299
8/31/2025 17:15,-0.26514863670901423,-0.0904525743624432,-2.277033529669615,0.049816273436315874
8/31/2025 17:30,-0.6639915708724634,-0.5334935055373536,-1.6589525511124528,-0.23924262911888422
8/31/2025 17:45,-1.0142395511396627,-0.726024579361526,-0.68429496744778,-0.42619305205360614
8/31/2025 18:00,-0.9393071374517041,-0.7816171641565072,-0.715933168697978,-0.34003307597868054
8/31/2025 18:15,-1.1398575074044515,-1.2271063192269942,0.24256476130628737,-0.7115490888821117
8/31/2025 18:30,-0.852938907410158,-0.6032990011260061,-0.49842367155391165,-0.7023735513727698
8/31/2025 18:45,-1.1448593446341873,-0.7839881845824509,0.16176072611580142,-0.6941631344511185
8/31/2025 19:00,-1.483072281421012,-0.8962022839102083,0.5085148112101712,-0.3480292438234367
8/31/2025 19:15,-2.1482402200678723,-1.430993788030123,0.6360963035482712,0.1461907027818275
8/31/2025 19:30,-2.404023385157402,-1.9046374224073923,1.445566700931026,0.006378671753367454
8/31/2025 19:45,-2.6360059938356124,-2.182141249574017,1.7189856900774083,0.1646089830273891
8/31/2025 20:00,-2.712710988973615,-2.33635572063884,1.8353660533062888,0.7825089968978117
8/31/2025 20:15,-3.18473693649495,-2.61041094753827,2.7216470578023255,0.7953552608105617
8/31/2025 20:30,-2.830927017681938,-2.326191699380329,2.59646781831294,0.8882297460052754
8/31/2025 20:45,-2.745092205856759,-2.20061563258609,2.503655363874571,0.6193812749776276
8/31/2025 21:00,-2.5303734756026834,-1.818751440822253,2.214764413190179,0.5126279805907421
8/31/2025 21:15,-2.039547115996868,-1.5308558704492168,2.061123363193788,0.1691457829182112
8/31/2025 21:30,-2.0024219758205697,-1.1747060743864939,2.1711156643569716,0.052857814128236286
8/31/2025 21:45,-1.6147618378152901,-0.57760106481886,2.127742215760458,-0.07951534746033499
8/31/2025 22:00,-1.3211833805970425,-0.38902943371929166,1.9351070566279645,-0.4503419190746105
8/31/2025 22:15,-0.8258243708174906,-0.19797336866453158,1.4901946976075282,-0.6194365740559007
8/31/2025 22:30,-0.9321799853697887,-0.3403550533336332,1.9764874216809032,-0.5159415585681241
8/31/2025 22:45,-0.9143752803310647,-0.18532309988930223,1.5858830466698886,-0.3972909381185268
8/31/2025 23:00,-0.25605156126599027,0.09329962341867684,0.784157845665985,-0.040208901352148406
8/31/2025 23:15,-0.1260104699377893,0.28687084350368536,0.7308736578034432,0.2637779969219407
8/31/2025 23:30,0.2518080356771304,0.18575195034957417,0.5990205461584699,0.4467379012717559
8/31/2025 23:45,0.5186763825064006,0.49524248924844394,-0.10087462916423623,0.7035355896934855
9/1/2025 0:00,0.7781993034676765,0.29697620412927617,-0.39308230626103247,0.9744154459806115
9/1/2025 0:15,1.1970854076677522,0.8254747083685148,-1.0363569716340613,1.1439562837198842
9/1/2025 0:30,1.10852276208485,0.9103350829687054,-0.7969878480733016,1.2353081283525453
9/1/2025 0:45,1.5175997172833926,1.1518203866619732,-0.7840893428433411,1.4005846137574236
9/1/2025 1:00,1.9502684095784784,1.9224055900841828,-1.044177979712158,1.2637485560732242
9/1/2025 1:15,2.064581795112103,1.8848204558361372,-1.1308551082026927,1.4523992844448514
9/1/2025 1:30,2.2175436334296372,2.4871899754746347,-0.8244734094238981,1.44982013713985
9/1/2025 1:45,2.787317169030938,2.8616665509266275,-0.8691697222477786,1.5991290240232139
9/1/2025 2:00,3.1248919426764314,3.2679672395803747,-1.3220417714023267,1.8164133494350905
9/1/2025 2:15,3.2557694547094904,3.682771859463883,-1.0604488452232994,1.7758822223771584
9/1/2025 2:30,3.1706402771934368,3.289780744069553,-1.0147136246463269,1.5955775925893347
9/1/2025 2:45,3.0439682165888127,2.908956273287418,-0.8448833989285675,0.999983512682313
9/1/2025 3:00,2.2762132948611153,2.492551349105589,-0.7256904628198148,0.23895374918591872
9/1/2025 3:15,2.060610755788201,1.7542235296792148,-0.5381144076409189,-0.777140854424713
9/1/2025 3:30,1.4418436600926152,1.3863302606960164,-0.5895053755102879,-1.4881058927115325
9/1/2025 3:45,0.9407652231105648,0.6248925099159839,-0.27080460971858494,-2.530615808758935
9/1/2025 4:00,0.5658359305051454,0.36659400304727474,-0.353454273385868,-3.471442925774176
9/1/2025 4:15,0.1323969483133219,-0.3966750509191722,-0.20213579368905227,-4.135642224347682
9/1/2025 4:30,0.12885062564611055,0.4043020715073621,-0.23602680580488056,-4.314373487872705
9/1/2025 4:45,0.20677041732298673,0.5451758888559093,0.2580490332202437,-3.691983911439486
9/1/2025 5:00,-0.004176854951354211,0.10403798491876579,-0.02154647337775517,-3.0684628074655893
9/1/2025 5:15,0.09837250281302043,-0.29289070698455566,0.01819494701560656,-2.9843729664538783
9/1/2025 5:30,-0.06980490431437733,-0.06360532772246195,-0.36592009648677665,-2.463222246020266
9/1/2025 5:45,-0.2736132767953777,0.18851706849758404,-0.23654129055334494,-1.985790682540698
9/1/2025 5:45,5.3134305305885325,4.4610929787580265,-2.887650231849902,1.1249595598830062
9/1/2025 6:00,5.1649168568600965,4.533396747752879,-2.614094540916154,1.3464138059067619
9/1/2025 6:15,4.458865565089581,3.924079936722588,-2.2503024575710033,0.6264011086069232
9/1/2025 6:30,3.752814273319066,3.3147631256922967,-1.886510374225853,-0.09361158869291542
9/1/2025 6:45,3.04676298154855,2.705446314662006,-1.5227182908807027,-0.8136242859927538
9/1/2025 7:00,2.340711689778035,2.096129503631715,-1.1589262075355524,-1.5336369832925927
9/1/2025 7:15,1.6346603980075196,1.4868126926014238,-0.795134124190402,-2.253649680592431
9/1/2025 7:30,0.9286091062370039,0.8774958815711327,-0.4313420408452515,-2.9736623778922695
9/1/2025 7:45,0.22255781446648926,0.2681790705408418,-0.06754995750010134,-3.6936750751921084
9/1/2025 8:00,0.49849530585472235,0.3647036456611204,0.07017484903964649,-3.5545211276011504
9/1/2025 8:15,0.5024987742889461,0.5737490287215248,0.930159082929868,-3.0882670457618833
9/1/2025 8:30,0.5065022427231697,0.782794411781929,1.7901433168200898,-2.6220129639226166
9/1/2025 8:45,0.5105057111573934,0.9918397948423334,2.6501275507103115,-2.1557588820833495
9/1/2025 9:00,0.514509179591617,1.2008851779027376,3.5101117846005327,-1.6895048002440827
9/1/2025 9:15,0.5185126480258407,1.409930560963142,4.370096018490755,-1.2232507184048158
9/1/2025 9:30,0.5225161164600644,1.6189759440235463,5.230080252380977,-0.7569966365655487
9/1/2025 9:45,0.5265195848942881,1.8280213270839507,6.090064486271198,-0.2907425547262814
9/1/2025 10:00,0.4104108632806028,1.2221718108235922,6.182759874725338,-0.2948977303231494
9/1/2025 10:15,0.3576722919492083,1.0551729775013405,5.274962736660913,-0.28158857966625417
9/1/2025 10:30,0.3049337206178139,0.8881741441790891,4.367165598596488,-0.26827942900935886
9/1/2025 10:45,0.2521951492864194,0.7211753108568375,3.459368460532063,-0.2549702783524636
9/1/2025 11:00,0.19945657795502492,0.554176477534586,2.551571322467638,-0.24166112769556833
9/1/2025 11:15,0.14671800662363044,0.38717764421233447,1.6437741844032123,-0.22835197703867305
9/1/2025 11:30,0.09397943529223596,0.22017881089008284,0.735977046338788,-0.2150428263817778
9/1/2025 11:45,0.04124086396084155,0.053179977567831466,-0.17182009172563845,-0.20173367572488252
9/1/2025 12:00,0.21262182350189862,-0.2901612587216962,0.2666127828779066,-0.35029220225942714
9/1/2025 12:15,0.029575458133048516,-0.30881876055923724,0.31609169076319255,-0.10418439371967367
9/1/2025 12:30,-0.1534709072358016,-0.3274762623967783,0.3655705986484786,0.1419234148200798
9/1/2025 12:45,-0.3365172726046517,-0.3461337642343193,0.41504950653376455,0.3880312233598333
9/1/2025 13:00,-0.5195636379735018,-0.36479126607186035,0.4645284144190506,0.6341390318995868
9/1/2025 13:15,-0.7026100033423519,-0.3834487679094014,0.5140073223043365,0.8802468404393403
9/1/2025 13:30,-0.885656368711202,-0.40210626974694247,0.5634862301896225,1.1263546489790937
9/1/2025 13:45,-1.0687027340800521,-0.4207637715844835,0.6129651380749085,1.372462457518847
9/1/2025 14:00,-0.723961896235136,-0.6917006403589874,0.6862813501648309,1.463399567276535
9/1/2025 14:15,-0.1331376748637717,-0.16445082987625625,0.3224045168254271,1.7659614613555839
9/1/2025 14:30,0.45768654650759255,0.36279898060647486,-0.04147231651397676,2.0685233554346327
9/1/2025 14:45,1.0485107678789567,0.8900487910892061,-0.40534914985338066,2.3710852495136816
9/1/2025 15:00,1.639334989250321,1.417298601571937,-0.7692259831927845,2.6736471435927305
9/1/2025 15:15,2.2301592106216854,1.9445484120546686,-1.1331028165321881,2.97620903767178
9/1/2025 15:30,2.8209834319930494,2.4717982225374,-1.4969796498715922,3.2787709317508287
9/1/2025 15:45,3.411807653364414,2.999048033020131,-1.860856483210996,3.5813328258298776
9/1/2025 16:00,3.299711318009387,3.1912248466520676,-1.7752497942536396,3.56793237513625
9/1/2025 16:15,3.0569834838900447,2.993999258371402,-2.309271279695094,3.5873515331419923
9/1/2025 16:30,2.8142556497707023,2.7967736700907366,-2.8432927651365487,3.606770691147734
9/1/2025 16:45,2.57152781565136,2.599548081810071,-3.377314250578003,3.6261898491534765
9/1/2025 17:00,2.3287999815320175,2.4023224935294056,-3.911335736019457,3.645609007159219
9/1/2025 17:15,2.086072147412675,2.2050969052487406,-4.445357221460912,3.665028165164961
9/1/2025 17:30,1.8433443132933327,2.007871316968075,-4.9793787069023665,3.684447323170703
9/1/2025 17:45,1.6006164791739905,1.8106457286874096,-5.513400192343821,3.7038664811764455
9/1/2025 18:00,1.5919492105638646,1.8653279128689253,-5.415070510253865,3.8563656326787936
9/1/2025 18:15,1.4235094156748658,1.6594781906618057,-5.174694849539067,3.395529274769373
9/1/2025 18:30,1.255069620785867,1.4536284684546859,-4.93431918882427,2.9346929168599525
9/1/2025 18:45,1.086629825896868,1.2477787462475662,-4.693943528109473,2.4738565589505317
9/1/2025 19:00,0.9181900310078693,1.0419290240404466,-4.453567867394676,2.013020201041111
9/1/2025 19:15,0.7497502361188705,0.836079301833327,-4.213192206679878,1.55218384313169
9/1/2025 19:30,0.5813104412298717,0.6302295796262074,-3.9728165459650806,1.0913474852222693
9/1/2025 19:45,0.41287064634087295,0.4243798574190877,-3.7324408852502833,0.6305111273128488
9/1/2025 20:00,0.3777967385111615,0.4157811182815432,-3.963876337138855,0.6250112140791849
9/1/2025 20:15,0.15509309918912406,0.20101195116488038,-3.3747574411623846,0.4366261205471833
9/1/2025 20:30,-0.0676105401329134,-0.01375721595178242,-2.7856385451859147,0.2482410270151817
9/1/2025 20:45,-0.2903141794549508,-0.2285263830684452,-2.196519649209444,0.05985593348318008
9/1/2025 21:00,-0.5130178187769883,-0.443295550185108,-1.607400753232974,-0.12852916004882153
9/1/2025 21:15,-0.7357214580990257,-0.6580647173017709,-1.0182818572565036,-0.31691425358082315
9/1/2025 21:30,-0.9584250974210631,-0.8728338844184336,-0.4291629612800332,-0.5052993471128248
9/1/2025 21:45,-1.1811287367431007,-1.0876030515350963,0.15995593469643757,-0.6936844406448265
9/1/2025 22:00,-1.0069800687365194,-0.534096580384112,-0.22088736970495146,-0.8897157823283931
9/1/2025 22:15,-1.3450226507155152,-0.7990905550654382,0.1796503657492329,-0.6355015544057063
9/1/2025 22:30,-1.6830652326945112,-1.0640845297467645,0.5801881012034172,-0.38128732648301944
9/1/2025 22:45,-2.021107814673507,-1.3290785044280908,0.9807258366576016,-0.12707309856033266
9/1/2025 23:00,-2.359150396652503,-1.594072479109417,1.381263572111786,0.12714112936235422
9/1/2025 23:15,-2.6971929786314988,-1.8590664537907433,1.7818013075659702,0.3813553572850409
9/1/2025 23:30,-3.035235560610495,-2.1240604284720694,2.182339043020155,0.6355695852077278
9/1/2025 23:45,-3.3732781425894904,-2.389054403153396,2.582876778474339,0.8897838131304145
9/2/2025 0:00,-2.973520494181621,-2.300129450987762,2.3592789466238475,0.8905945869021712
9/2/2025 0:15,-2.695694159655032,-2.000209851328486,2.257356137538766,0.6862980614884375
9/2/2025 0:30,-2.4178678251284427,-1.7002902516692098,2.155433328453684,0.48200153607470375
9/2/2025 0:45,-2.1400414906018534,-1.4003706520099337,2.053510519368603,0.27770501066097
9/2/2025 1:00,-1.862215156075264,-1.1004510523506579,1.9515877102835213,0.07340848524723631
9/2/2025 1:15,-1.5843888215486748,-0.8005314526913818,1.8496649011984396,-0.13088804016649735
9/2/2025 1:30,-1.3065624870220853,-0.5006118530321058,1.747742092113358,-0.33518456558023124
9/2/2025 1:45,-1.028736152495496,-0.20069225337282992,1.6458192830282765,-0.5394810909939648
9/2/2025 2:00,-0.8869971644273189,-0.26264130593823165,1.9432075938397566,-0.4762675178935444
9/2/2025 2:15,-0.6036534937993527,-0.11229443610505466,1.5132364337474817,-0.2341082008866883
9/2/2025 2:30,-0.32030982317138645,0.03805243372812234,1.0832652736552069,0.00805111612016779
9/2/2025 2:45,-0.03696615254342028,0.1883993035612993,0.6532941135629318,0.25021043312702385
9/2/2025 3:00,0.246377518084546,0.3387461733944763,0.2233229534706569,0.49236975013387996
9/2/2025 3:15,0.5297211887125122,0.48909304322765323,-0.20664820662161798,0.734529067140736
9/2/2025 3:30,0.8130648593404783,0.6394399130608303,-0.6366193667138931,0.9766883841475921
9/2/2025 3:45,1.0964085299684445,0.7897867828940073,-1.066590526806168,1.2188477011544483
9/2/2025 4:00,1.3037854797590374,0.7818619868307758,-0.7848857596509178,1.1563829723139833
9/2/2025 4:15,1.5834591443382364,1.199030672581847,-0.8471088142628822,1.2365838370321307
9/2/2025 4:30,1.8631328089174355,1.6161993583329182,-0.9093318688748466,1.316784701750278
9/2/2025 4:45,2.142806473496634,2.033368044083989,-0.971554923486811,1.3969855664684256
9/2/2025 5:00,2.4224801380758336,2.4505367298350604,-1.0337779780987755,1.477186431186573
9/2/2025 5:15,2.7021538026550322,2.8677054155861317,-1.09600103271074,1.5573872959047204
9/2/2025 5:30,2.9818274672342313,3.284874101337203,-1.1582240873227043,1.637588160622868
9/2/2025 5:45,3.2615011318134304,3.702042787088274,-1.2204471419346687,1.7177890253410153
9/2/2025 6:00,3.420420962956223,3.2717263866553807,-1.0003402102231158,1.7981164452343656
9/2/2025 6:15,2.9540388475472903,2.7660185398717947,-0.9010495768934722,0.948133394006258
9/2/2025 6:30,2.4876567321383574,2.2603106930882086,-0.8017589435638286,0.09815034277815027
9/2/2025 6:45,2.0212746167294244,1.7546028463046222,-0.7024683102341849,-0.7518327084499576
9/2/2025 7:00,1.5548925013204915,1.248894999521036,-0.6031776769045414,-1.601815759678065
9/2/2025 7:15,1.0885103859115586,0.7431871527374496,-0.5038870435748977,-2.451798810906173
9/2/2025 7:30,0.6221282705026256,0.23747930595386357,-0.40459641024525406,-3.301781862134281
9/2/2025 7:45,0.1557461550936922,-0.2682285408297231,-0.3053057769156104,-4.151764913362388
9/2/2025 8:00,0.21091255784575189,0.2204529628173947,-0.09829874794771579,-4.113769076477472
9/2/2025 8:15,0.13177893984094896,0.17253512201883642,-0.09875075131317244,-3.6646000455771928
9/2/2025 8:30,0.05264532183614601,0.12461728122027815,-0.09920275467862909,-3.215431014676913
9/2/2025 8:45,-0.026488296168656944,0.07669944042171986,-0.09965475804408575,-2.7662619837766336
9/2/2025 9:00,-0.10562191417345987,0.028781599623161597,-0.10010676140954239,-2.3170929528763544
9/2/2025 9:15,-0.18475553217826282,-0.019136241175396695,-0.10055876477499905,-1.8679239219760753
9/2/2025 9:30,-0.2638891501830658,-0.06705408197395499,-0.10101076814045569,-1.4187548910757957
9/2/2025 9:45,-0.3430227681878687,-0.11497192277251327,-0.10146277150591235,-0.9695858601755158
9/2/2025 10:00,-0.06956716159992439,-0.11329918461201723,0.033068166460720035,-1.0124417913063593
9/2/2025 10:15,-0.0372414637616744,-0.13112924138278373,-0.007701192863241141,-0.8788368585027563
9/2/2025 10:30,-0.004915765923424409,-0.14895929815355025,-0.048470552187202316,-0.7452319256991533
9/2/2025 10:45,0.027409931914825575,-0.16678935492431674,-0.08923991151116348,-0.6116269928955502
9/2/2025 11:00,0.05973562975307557,-0.18461941169508322,-0.13000927083512467,-0.47802206009194725
9/2/2025 11:15,0.09206132759132556,-0.20244946846584974,-0.17077863015908584,-0.3444171272883443
9/2/2025 11:30,0.12438702542957554,-0.22027952523661623,-0.211547989483047,-0.2108121944847413
9/2/2025 11:45,0.15671272326782554,-0.23810958200738275,-0.2523173488070082,-0.07720726168113831
9/2/2025 12:00,-0.002043988729824718,0.003923478528356801,0.2018645181099781,0.3257854086661433
9/2/2025 12:15,0.6520455873992907,0.6764813978604188,1.5587619883680575,0.3818109318692252
9/2/2025 12:30,1.3061351635284062,1.3490393171924808,2.915659458626137,0.4378364550723072
9/2/2025 12:45,1.9602247396575219,2.021597236524543,4.2725569288842165,0.4938619782753891
9/2/2025 13:00,2.614314315786637,2.694155155856605,5.629454399142296,0.549887501478471
9/2/2025 13:15,3.268403891915753,3.3667130751886667,6.986351869400376,0.605913024681553
9/2/2025 13:30,3.9224934680448684,4.039270994520729,8.343249339658454,0.6619385478846349
9/2/2025 13:45,4.576583044173984,4.7118289138527905,9.700146809916534,0.7179640710877168
9/2/2025 14:00,4.737728079076919,5.044148001231953,9.754477672212673,0.8081013768432594
9/2/2025 14:15,3.9620565142256834,4.254123820314666,8.136991243474244,1.1572338853779705
9/2/2025 14:30,3.186384949374448,3.4640996393973786,6.519504814735815,1.5063663939126815
9/2/2025 14:45,2.4107133845232127,2.6740754584800914,4.902018385997386,1.8554989024473925
9/2/2025 15:00,1.6350418196719771,1.8840512775628042,3.2845319572589577,2.2046314109821035
9/2/2025 15:15,0.8593702548207416,1.094027096645517,1.6670455285205286,2.5537639195168147
9/2/2025 15:30,0.08369868996950647,0.3040029157282298,0.04955909978209938,2.9028964280515255
9/2/2025 15:45,-0.6919728748817296,-0.486021265189057,-1.56792732895633,3.2520289365862367
9/2/2025 16:00,-0.5810607979296369,-0.6646169620582121,-1.3982677935262031,3.252288794717389
9/2/2025 16:15,-0.35052864642051185,-0.3744068252520479,-1.763528930325401,3.248055241775347
9/2/2025 16:30,-0.1199964949113867,-0.08419668844588368,-2.1287900671245987,3.2438216888333056
9/2/2025 16:45,0.11053565659773845,0.20601344836028046,-2.4940512039237968,3.239588135891264
9/2/2025 17:00,0.34106780810686355,0.4962235851664447,-2.859312340722995,3.235354582949222
9/2/2025 17:15,0.5715999596159886,0.786433721972609,-3.2245734775221924,3.23112103000718
9/2/2025 17:30,0.8021321111251138,1.076643858778773,-3.5898346143213904,3.2268874770651386
9/2/2025 17:45,1.0326642626342388,1.3668539955849375,-3.955095751120588,3.222653924123097
9/2/2025 18:00,1.2810780300899745,1.2232856633901532,-4.087130446039252,3.2236213602295436
9/2/2025 18:15,0.9990991183029494,0.9417521759551082,-3.7242482958084735,2.8441531056254234
9/2/2025 18:30,0.7171202065159245,0.6602186885200633,-3.3613661455776946,2.4646848510213033
9/2/2025 18:45,0.4351412947288994,0.37868520108501835,-2.9984839953469162,2.085216596417183
9/2/2025 19:00,0.15316238294187445,0.09715171364997333,-2.6356018451161374,1.705748341813063
9/2/2025 19:15,-0.1288165288451506,-0.18438177378507148,-2.272719694885359,1.3262800872089429
9/2/2025 19:30,-0.41079544063217566,-0.4659152612201165,-1.9098375446545806,0.9468118326048227
9/2/2025 19:45,-0.6927743524192005,-0.7474487486551614,-1.546955394423802,0.5673435780007026
9/2/2025 20:00,-0.4206929254042657,-0.8784816228751501,-1.4155435641711047,0.7513935778747491
9/2/2025 20:15,-0.2224269573021593,-0.6406802444518009,-0.9174554984394885,0.42068951720378056
9/2/2025 20:30,-0.024160989200052885,-0.40287886602845174,-0.41936743270787236,0.08998545653281198
9/2/2025 20:45,0.17410497890205356,-0.16507748760510266,0.07872063302374377,-0.2407186041381566
9/2/2025 21:00,0.37237094700415996,0.0727238908182466,0.57680869875536,-0.5714226648091252
9/2/2025 21:15,0.5706369151062664,0.31052526924159574,1.074896764486976,-0.9021267254800938
9/2/2025 21:30,0.7689028832083729,0.5483266476649448,1.5729848302185923,-1.2328307861510623
9/2/2025 21:45,0.9671688513104794,0.786128026088294,2.0710728959502087,-1.563534846822031
9/2/2025 22:00,0.6552887944974806,1.079991727126203,2.2170248616033645,-1.6923094826625098
9/2/2025 22:15,0.7313290563491784,1.1936483165854532,2.289749661148195,-1.6078045956356737
9/2/2025 22:30,0.8073693182008762,1.3073049060447035,2.3624744606930252,-1.5232997086088376
9/2/2025 22:45,0.8834095800525741,1.4209614955039536,2.4351992602378556,-1.4387948215820014
9/2/2025 23:00,0.9594498419042718,1.534618084963204,2.507924059782686,-1.3542899345551653
9/2/2025 23:15,1.0354901037559698,1.6482746744224541,2.5806488593275163,-1.269785047528329
9/2/2025 23:30,1.1115303656076676,1.7619312638817044,2.6533736588723467,-1.185280160501493
9/2/2025 23:45,1.1875706274593654,1.8755878533409547,2.726098458417177,-1.1007752734746568
9/3/2025 0:00,1.1785149796381023,1.856030866182471,2.903329663586063,-1.102421341272374
9/3/2025 0:15,1.2902620040785897,1.785629381775621,2.761836128764347,-1.137326098163876
9/3/2025 0:30,1.4020090285190772,1.715227897368771,2.620342593942631,-1.1722308550553777
9/3/2025 0:45,1.5137560529595646,1.644826412961921,2.4788490591209156,-1.2071356119468797
9/3/2025 1:00,1.6255030774000523,1.5744249285550709,2.3373555242991997,-1.2420403688383814
9/3/2025 1:15,1.7372501018405395,1.504023444148221,2.195861989477484,-1.2769451257298834
9/3/2025 1:30,1.8489971262810272,1.4336219597413709,2.054368454655768,-1.3118498826213851
9/3/2025 1:45,1.9607441507215146,1.363220475334521,1.912874919834052,-1.346754639512887
9/3/2025 2:00,1.659721496576989,1.675602548929783,1.6167292755266118,-1.5231860048232901
9/3/2025 2:15,1.5017194121697046,1.635365158499624,1.3992760401626039,-0.9304536445947393
9/3/2025 2:30,1.34371732776242,1.5951277680694653,1.1818228047985961,-0.33772128436618853
9/3/2025 2:45,1.1857152433551355,1.5548903776393064,0.9643695694345883,0.2550110758623625
9/3/2025 3:00,1.0277131589478508,1.5146529872091474,0.7469163340705804,0.8477434360909131
9/3/2025 3:15,0.8697110745405664,1.4744155967789885,0.5294630987065725,1.4404757963194639
9/3/2025 3:30,0.7117089901332818,1.4341782063488298,0.31200986334256475,2.033208156548015
9/3/2025 3:45,0.5537069057259972,1.3939408159186708,0.09455662797855673,2.625940516776565
9/3/2025 4:00,0.5292898353985191,1.311619962912018,-0.06572551625639304,2.491241996123534
9/3/2025 4:15,0.7923710473973294,1.508396329921878,-0.296434445911284,2.60442799499789
9/3/2025 4:30,1.0554522593961397,1.7051726969317385,-0.527143375566175,2.7176139938722463
9/3/2025 4:45,1.3185334713949501,1.9019490639415988,-0.757852305221066,2.8307999927466025
9/3/2025 5:00,1.5816146833937603,2.098725430951459,-0.9885612348759568,2.9439859916209583
9/3/2025 5:15,1.8446958953925707,2.295501797961319,-1.219270164530848,3.0571719904953145
9/3/2025 5:30,2.1077771073913807,2.4922781649711796,-1.449979094185739,3.1703579893696707
9/3/2025 5:45,2.3708583193901913,2.6890545319810397,-1.6806880238406299,3.283543988244027
9/3/2025 6:00,2.457932241783139,2.571757579718538,-1.6645060931291629,3.2972684875257166
9/3/2025 6:15,2.302021683792875,2.4158045874992036,-1.3416790317535296,1.7635227798501476
9/3/2025 6:30,2.146111125802611,2.2598515952798692,-1.0188519703778962,0.22977707217457866
9/3/2025 6:45,1.990200567812347,2.103898603060535,-0.6960249090022628,-1.3039686355009898
9/3/2025 7:00,1.8342900098220831,1.9479456108412005,-0.37319784762662955,-2.8377143431765592
9/3/2025 7:15,1.6783794518318191,1.791992618621866,-0.050370786250996114,-4.371460050852128
9/3/2025 7:30,1.5224688938415551,1.6360396264025316,0.2724562751246373,-5.905205758527696
9/3/2025 7:45,1.7452124231760393,1.9879234055758308,0.26435432102270706,-5.6948123133808695
9/3/2025 8:00,-0.21882540011215196,-1.466392296196695,-0.6041131725803758,-0.8417502194306884
9/3/2025 8:15,-0.9832205758275203,-0.7513946027687942,0.22403735078486103,-0.10883940002401618
9/3/2025 8:30,-0.15403505559156605,-0.23094965352526034,0.5028392703550364,-0.25095667066786215
9/3/2025 8:45,-0.06261370589890303,-0.45014884227242424,-0.4274513011522372,0.0920396723026518
9/3/2025 9:00,0.047118212302095654,-0.14999723939549092,-2.0258465396470045,0.03929483717386179
9/3/2025 9:15,-1.2406255099929757,-0.8193159825489307,1.3342274771678635,-0.057271376797539124
9/3/2025 9:30,-2.021367006952188,-1.5719018071502528,0.029844491105961657,-0.0414977551352238
9/3/2025 9:45,-0.6381403268522242,-0.43318621168329263,-1.0586163519925194,-0.0098502009310854
9/3/2025 10:00,-2.6247900167088933,-1.857904856463437,0.1485520421986389,0.04439793296518192
9/3/2025 10:15,-1.5649498111898938,-1.0216501136116811,-0.48922360327469494,0.15225375155792895
9/3/2025 10:30,-1.105285038601407,-1.1558099958511328,-0.33015955091911137,0.08528225442933186
9/3/2025 10:45,-0.11188185281965872,-0.2589486259760289,0.16260692889053516,0.04400743028776467
9/3/2025 11:00,5.97835201718922,5.223408428829809,9.619316369108644,-0.9457860146395703
9/3/2025 11:15,-2.188467131852589,-1.4910286102554224,-1.0642239655202526,0.15846979171256717
9/3/2025 11:30,0.03867554703563395,0.07096351310345174,0.2455771054244334,0.11591381089058025
9/3/2025 11:45,0.26757325009071364,0.8114572523832513,0.6492998567680754,0.22680677216282796
9/3/2025 12:00,-0.5909764503607511,-0.2863228655973149,-0.11281532006820817,0.08350761059878659
9/3/2025 12:15,0.5074815373473006,0.24168649041857387,-0.39338154197381986,-0.015838711515575747
9/3/2025 12:30,-0.646393727442844,-0.5834691698588551,0.21157097745993866,0.023155937850934845
9/3/2025 12:45,0.37094455437647833,0.1612522356357229,-0.0314308010434137,0.22998216191977042
9/3/2025 13:00,-3.8469842461689012,-3.6459390782185324,-0.4295012163588051,0.4709834914230339
9/3/2025 13:15,-0.7434601939207147,-0.726755777172146,0.06465906068346455,0.11790246045009524
9/3/2025 13:30,0.40910541264438677,0.09769992881558662,0.2737786944519863,-0.2261492395929623
9/3/2025 13:45,-0.7333607689920592,-0.5216093332008277,-0.5221119901348104,0.052882961352536235
9/3/2025 14:00,-1.4765784692715243,-1.5587075085507822,-0.7480373518046425,0.09186482376318227
9/3/2025 14:15,-1.70969648797041,-1.6554923538642383,-0.7951957962442069,0.5904548719161403
9/3/2025 14:30,-1.9428145066692954,-1.7522771991776942,-0.8423542406837713,1.0890449200690984
9/3/2025 14:45,-2.175932525368181,-1.8490620444911503,-0.8895126851233357,1.5876349682220563
9/3/2025 15:00,-2.4090505440670666,-1.9458468898046062,-0.9366711295629001,2.0862250163750145
9/3/2025 15:15,-2.642168562765952,-2.0426317351180625,-0.9838295740024645,2.5848150645279726
9/3/2025 15:30,-2.875286581464838,-2.139416580431518,-1.030988018442029,3.0834051126809303
9/3/2025 15:45,-3.1084046001637233,-2.2362014257449743,-1.0781464628815933,3.5819951608338885
9/3/2025 16:00,-2.9984434124579997,-2.87813324097885,-1.6144508658455297,3.270965553684298
9/3/2025 16:15,-2.7721185755992526,-2.6288378537235584,-2.079135392516872,3.3059934861439504
9/3/2025 16:30,-2.5457937387405054,-2.3795424664682674,-2.543819919188214,3.3410214186036025
9/3/2025 16:45,-2.3194689018817582,-2.1302470792129764,-3.0085044458595562,3.376049351063255
9/3/2025 17:00,-2.093144065023011,-1.880951691957685,-3.4731889725308984,3.411077283522907
9/3/2025 17:15,-1.866819228164264,-1.6316563047023938,-3.9378734992022406,3.4461052159825596
9/3/2025 17:30,-1.6404943913055168,-1.3823609174471025,-4.402558025873583,3.4811331484422117
9/3/2025 17:45,-1.4141695544467696,-1.1330655301918116,-4.8672425525449245,3.516161080901864
9/3/2025 18:00,-1.2479805064498,-1.1765062755281885,-4.272822807268828,3.5771737695705506
9/3/2025 18:15,-0.782120326426764,-0.8118459381673535,-3.904558097099747,3.0645484343315843
9/3/2025 18:30,-0.3162601464037279,-0.4471856008065185,-3.536293386930666,2.551923099092618
9/3/2025 18:45,0.14960003361930796,-0.08252526344568345,-3.168028676761584,2.039297763853652
9/3/2025 19:00,0.6154602136423442,0.2821350739151516,-2.799763966592503,1.526672428614685
9/3/2025 19:15,1.0813203936653801,0.6467954112759868,-2.4314992564234217,1.0140470933757189
9/3/2025 19:30,1.5471805736884159,1.0114557486368216,-2.06323454625434,0.5014217581367526
9/3/2025 19:45,2.013040753711452,1.3761160859976564,-1.6949698360852588,-0.011203577102214202
9/3/2025 20:00,1.9867785863822511,1.6399464648325888,-1.8349935300178641,0.21758097583068528
9/3/2025 20:15,1.9535620703089114,1.6711206080626824,-1.246419478569353,0.02715770957289676
9/3/2025 20:30,1.9203455542355718,1.702294751292776,-0.6578454271208416,-0.16326555668489176
9/3/2025 20:45,1.887129038162232,1.7334688945228696,-0.06927137567233044,-0.35368882294268034
9/3/2025 21:00,1.8539125220888923,1.764643037752963,0.5193026757761809,-0.5441120892004688
9/3/2025 21:15,1.8206960060155526,1.7958171809830565,1.107876727224692,-0.7345353554582574
9/3/2025 21:30,1.787479489942213,1.8269913242131501,1.6964507786732033,-0.9249586217160459
9/3/2025 21:45,1.7542629738688733,1.8581654674432437,2.285024830121714,-1.1153818879738344
9/3/2025 22:00,1.9199166640884626,1.764147652473389,2.368953541491742,-1.1813302415152809
9/3/2025 22:15,2.0105902539429272,1.889213292345071,2.603831129611191,-1.3463124142485725
9/3/2025 22:30,2.1012638437973923,2.0142789322167527,2.8387087177306403,-1.511294586981864
9/3/2025 22:45,2.191937433651857,2.1393445720884348,3.07358630585009,-1.6762767597151556
9/3/2025 23:00,2.2826110235063215,2.264410211960117,3.308463893969539,-1.8412589324484472
9/3/2025 23:15,2.373284613360786,2.389475851831799,3.543341482088988,-2.0062411051817386
9/3/2025 23:30,2.463958203215251,2.514541491703481,3.7782190702084373,-2.17122327791503
9/3/2025 23:45,2.5546317930697158,2.6396071315751626,4.013096658327886,-2.336205450648322
9/4/2025 0:00,2.828026441755931,3.094492069761765,3.756607013051124,-2.4894695860685347
9/4/2025 0:15,2.314947909489061,2.702907643905677,3.6487609463917563,-2.191385597061447
9/4/2025 0:30,1.8018693772221908,2.3113232180495893,3.5409148797323886,-1.8933016080543592
9/4/2025 0:45,1.2887908449553207,1.9197387921935012,3.433068813073021,-1.5952176190472716
9/4/2025 1:00,0.7757123126884506,1.5281543663374133,3.3252227464136532,-1.2971336300401837
9/4/2025 1:15,0.26263378042158037,1.1365699404813252,3.2173766797542855,-0.9990496410330958
9/4/2025 1:30,-0.25044475184528947,0.7449855146252373,3.109530613094918,-0.7009656520260081
9/4/2025 1:45,-0.7635232841121593,0.35340108876914944,3.00168454643555,-0.4028816630189205
9/4/2025 2:00,-0.6070230751914819,-0.2258477853851668,2.697327836812819,-0.42405680518098604
9/4/2025 2:15,-0.6200891916196503,-0.015520286864055738,2.3120291592145965,0.06262627455590858
9/4/2025 2:30,-0.6331553080478187,0.19480721165705533,1.9267304816163744,0.5493093542928031
9/4/2025 2:45,-0.6462214244759871,0.4051347101781665,1.5414318040181518,1.0359924340296978
9/4/2025 3:00,-0.6592875409041555,0.6154622086992775,1.1561331264199295,1.5226755137665924
9/4/2025 3:15,-0.6723536573323239,0.8257897072203886,0.7708344488217069,2.009358593503487
9/4/2025 3:30,-0.6854197737604923,1.0361172057414998,0.3855357712234846,2.4960416732403816
9/4/2025 3:45,-0.6984858901886607,1.2464447042626108,0.00023709362526199915,2.9827247529772762
9/4/2025 4:00,-0.8720156873127815,1.0817274318042094,0.1443326154730448,3.1087422210360205
9/4/2025 4:15,-0.701363336690637,1.0946902033110775,-0.2192365076459276,3.066371328165616
9/4/2025 4:30,-0.5307109860684927,1.1076529748179453,-0.5828056307649,3.0240004352952115
9/4/2025 4:45,-0.3600586354463482,1.1206157463248134,-0.9463747538838724,2.981629542424807
9/4/2025 5:00,-0.18940628482420374,1.1335785178316813,-1.3099438770028446,2.939258649554403
9/4/2025 5:15,-0.018753934202059397,1.1465412893385494,-1.673513000121817,2.8968877566839986
9/4/2025 5:30,0.15189841642008506,1.1595040608454172,-2.0370821232407894,2.854516863813594
9/4/2025 5:45,0.3225507670422294,1.1724668323522853,-2.400651246359762,2.8121459709431895
9/4/2025 6:00,0.24295958228751538,0.45079607920767784,-2.357612116915237,2.7301542493815747
9/4/2025 6:15,0.2494266672382113,0.27606114564599304,-2.0291424455178944,1.6023047424663648
9/4/2025 6:30,0.2558937521889072,0.10132621208430825,-1.7006727741205516,0.4744552355511549
9/4/2025 6:45,0.2623608371396031,-0.07340872147737654,-1.372203102723209,-0.6533942713640548
9/4/2025 7:00,0.26882792209029904,-0.24814365503906133,-1.0437334313258662,-1.781243778279265
9/4/2025 7:15,0.2752950070409949,-0.4228785886007461,-0.7152637599285234,-2.9090932851944746
9/4/2025 7:30,0.28176209199169083,-0.5976135221624309,-0.38679408853118047,-4.036942792109684
9/4/2025 7:45,0.28822917694238676,-0.7723484557241158,-0.05832441713383816,-5.164792299024895
9/4/2025 8:00,-0.04807589878478034,-0.12162309230638878,0.008509779116886712,-5.270148389340874
9/4/2025 8:15,1.3552375300947073,1.1184859111403895,0.18093904627509816,-5.289993350245505
9/4/2025 8:30,2.7585509589741948,2.358594914587168,0.3533683134333096,-5.309838311150137
9/4/2025 8:45,4.161864387853682,3.5987039180339466,0.5257975805915209,-5.329683272054768
9/4/2025 9:00,5.565177816733169,4.8388129214807245,0.6982268477497324,-5.3495282329594005
9/4/2025 9:15,6.9684912456126575,6.078921924927503,0.8706561149079438,-5.369373193864032
9/4/2025 9:30,8.371804674492145,7.319030928374282,1.0430853820661552,-5.389218154768663
9/4/2025 9:45,9.775118103371632,8.559139931821061,1.2155146492243667,-5.409063115673295
9/4/2025 10:00,10.021356949882275,8.76489303044471,1.105481845154579,-5.47780834684169
9/4/2025 10:15,8.450969727455565,7.439869269486698,1.3824268586830881,-4.481219031497892
9/4/2025 10:30,6.880582505028855,6.114845508528685,1.6593718722115973,-3.484629716154093
9/4/2025 10:45,5.310195282602145,4.789821747570671,1.9363168857401067,-2.488040400810294
9/4/2025 11:00,3.7398080601754344,3.464797986612658,2.2132618992686157,-1.4914510854664957
9/4/2025 11:15,2.1694208377487243,2.1397742256546444,2.490206912797125,-0.4948617701226974
9/4/2025 11:30,0.5990336153220142,0.8147504646966315,2.767151926325634,0.5017275452211019
9/4/2025 11:45,-0.9713536071046952,-0.5102732962613806,3.0440969398541435,1.4983168605649002
9/4/2025 12:00,-0.9055351013458928,-0.8210471531104133,2.9875848630349555,1.5913700134144024
9/4/2025 12:15,-1.341928294266772,-1.2669386012015864,2.616220274608481,1.7138512286112606
9/4/2025 12:30,-1.7783214871876516,-1.7128300492927595,2.244855686182006,1.8363324438081188
9/4/2025 12:45,-2.214714680108531,-2.158721497383932,1.8734910977555317,1.9588136590049767
9/4/2025 13:00,-2.65110787302941,-2.6046129454751057,1.502126509329057,2.081294874201835
9/4/2025 13:15,-3.08750106595029,-3.0505043935662783,1.1307619209025823,2.2037760893986933
9/4/2025 13:30,-3.5238942588711692,-3.4963958416574514,0.7593973324761079,2.326257304595551
9/4/2025 13:45,-3.960287451792049,-3.9422872897486245,0.388032744049633,2.448738519792409
9/4/2025 14:00,-3.9688873199601367,-3.557859413714262,0.17195509359285024,2.590506452626983
9/4/2025 14:15,-3.8711624923343093,-3.4108089050585964,-0.1823364714279481,2.712064779923584
9/4/2025 14:30,-3.7734376647084824,-3.263758396402931,-0.5366280364487465,2.833623107220186
9/4/2025 14:45,-3.675712837082655,-3.1167078877472654,-0.8909196014695449,2.955181434516787
9/4/2025 15:00,-3.5779880094568277,-2.9696573790915997,-1.2452111664903431,3.0767397618133887
9/4/2025 15:15,-3.4802631818310004,-2.8226068704359344,-1.5995027315111414,3.19829808910999
9/4/2025 15:30,-3.3825383542051735,-2.6755563617802687,-1.95379429653194,3.3198564164065916
9/4/2025 15:45,-3.284813526579346,-2.528505853124603,-2.3080858615527378,3.441414743703193
9/4/2025 16:00,-3.2286321972612035,-2.8502019847288453,-1.9935441811955876,3.366775943993884
9/4/2025 16:15,-2.6696269412841147,-2.3633660602577136,-2.3666347296287986,3.38972843864395
9/4/2025 16:30,-2.1106216853070254,-1.876530135786582,-2.7397252780620094,3.412680933294016
9/4/2025 16:45,-1.5516164293299364,-1.3896942113154502,-3.11281582649522,3.4356334279440817
9/4/2025 17:00,-0.9926111733528473,-0.9028582868443187,-3.485906374928431,3.4585859225941475
9/4/2025 17:15,-0.4336059173757585,-0.4160223623731869,-3.8589969233616417,3.4815384172442134
9/4/2025 17:30,0.1253993386013308,0.07081356209794487,-4.232087471794853,3.5044909118942793
9/4/2025 17:45,0.6844045945784202,0.5576494865690762,-4.605178020228063,3.527443406544345
9/4/2025 18:00,0.5025081533923856,0.18042096455248846,-5.071108514670264,3.5028480342770387
9/4/2025 18:15,1.0057880991598864,0.6680478709642828,-4.597360955895333,2.9717118128104536
9/4/2025 18:30,1.5090680449273872,1.1556747773760772,-4.123613397120402,2.440575591343868
9/4/2025 18:45,2.012347990694888,1.6433016837878718,-3.649865838345471,1.9094393698772827
9/4/2025 19:00,2.515627936462389,2.130928590199666,-3.17611827957054,1.3783031484106973
9/4/2025 19:15,3.0189078822298896,2.61855549661146,-2.7023707207956087,0.8471669269441122
9/4/2025 19:30,3.5221878279973904,3.1061824030232548,-2.2286231620206776,0.31603070547752665
9/4/2025 19:45,4.025467773764891,3.593809309435049,-1.7548756032457464,-0.2151055159890583
9/4/2025 20:00,4.095580827950575,3.512879688627081,-2.173880361438663,-0.0631628398595556
9/4/2025 20:15,3.6409906617169394,3.179932161603163,-1.4279156177655743,-0.4620258754908291
9/4/2025 20:30,3.186400495483304,2.846984634579245,-0.6819508740924853,-0.8608889111221025
9/4/2025 20:45,2.7318103292496687,2.514037107555327,0.06401386958060362,-1.259751946753376
9/4/2025 21:00,2.2772201630160334,2.181089580531409,0.8099786132536924,-1.6586149823846494
9/4/2025 21:15,1.822629996782398,1.848142053507491,1.555943356926781,-2.0574780180159227
9/4/2025 21:30,1.3680398305487627,1.5151945264835731,2.3019081005998703,-2.456341053647196
9/4/2025 21:45,0.9134496643151273,1.1822469994596554,3.0478728442729586,-2.8552040892784696
9/4/2025 22:00,1.0499329153977983,1.4006454877921697,2.856549570938811,-2.7519959951383863
9/4/2025 22:15,0.9789968199181849,1.2568330429397954,2.8978671242212504,-2.5675866623455774
9/4/2025 22:30,0.9080607244385714,1.1130205980874208,2.9391846775036896,-2.3831773295527685
9/4/2025 22:45,0.837124628958958,0.9692081532350465,2.980502230786129,-2.1987679967599596
9/4/2025 23:00,0.7661885334793446,0.8253957083826721,3.021819784068568,-2.0143586639671507
9/4/2025 23:15,0.6952524379997311,0.6815832635302976,3.0631373373510073,-1.829949331174342
9/4/2025 23:30,0.6243163425201177,0.5377708186779232,3.1044548906334466,-1.645539998381533
9/4/2025 23:45,0.5533802470405043,0.39395837382554877,3.145772443915886,-1.4611306655887242
9/5/2025 0:00,0.5318047780252374,0.6676213416850838,2.5580394121045185,-1.3907331914051226
9/5/2025 0:15,0.9945155138918224,1.240309272130328,2.5701241378865958,-1.227779479885834
9/5/2025 0:30,1.4572262497584072,1.8129972025755723,2.5822088636686726,-1.0648257683665454
9/5/2025 0:45,1.9199369856249922,2.3856851330208166,2.59429358945075,-0.9018720568472567
9/5/2025 1:00,2.382647721491577,2.9583730634660608,2.606378315232827,-0.7389183453279681
9/5/2025 1:15,2.845358457358162,3.5310609939113053,2.618463041014904,-0.5759646338086795
9/5/2025 1:30,3.308069193224747,4.10374892435655,2.630547766796981,-0.41301092228939085
9/5/2025 1:45,3.770779929091332,4.6764368548017945,2.6426324925790583,-0.2500572107701023
9/5/2025 2:00,3.779067329139178,4.017779657357332,2.55887693365724,-0.16840462350984073
9/5/2025 2:15,3.257092960849808,3.457562343979788,2.163642273312792,0.00013316007033084554
9/5/2025 2:30,2.735118592560438,2.897345030602244,1.7684076129683433,0.16867094365050242
9/5/2025 2:45,2.213144224271068,2.3371277172247,1.3731729526238947,0.33720872723067397
9/5/2025 3:00,1.691169855981698,1.7769104038471557,0.9779382922794464,0.5057465108108455
9/5/2025 3:15,1.169195487692328,1.2166930904696116,0.5827036319349979,0.6742842943910171
9/5/2025 3:30,0.6472211194029578,0.6564757770920675,0.18746897159054932,0.8428220779711887
9/5/2025 3:45,0.12524675111358763,0.09625846371452336,-0.20776568875389903,1.0113598615513604
9/5/2025 4:00,0.0017816699127328924,-0.3691987204988053,-0.04830578242686551,1.0669533265544893
9/5/2025 4:15,-0.6914405541294507,-0.8470012388797705,0.03091283474815347,1.1358481598988046
9/5/2025 4:30,-1.3846627781716343,-1.3248037572607356,0.11013145192317245,1.20474299324312
9/5/2025 4:45,-2.0778850022138178,-1.802606275641701,0.18935006909819144,1.2736378265874353
9/5/2025 5:00,-2.7711072262560013,-2.280408794022666,0.2685686862732104,1.3425326599317509
9/5/2025 5:15,-3.4643294502981847,-2.758211312403631,0.3477873034482294,1.4114274932760662
9/5/2025 5:30,-4.157551674340369,-3.2360138307845965,0.4270059206232484,1.4803223266203815
9/5/2025 5:45,-4.850773898382553,-3.713816349165562,0.5062245377982673,1.5492171599646969
9/5/2025 6:00,-4.791167181244122,-3.816248775485038,0.5252712844285838,1.4500200961606615
9/5/2025 6:15,-4.112594422089062,-3.338988557777549,0.4423002334440188,0.6329848621324071
9/5/2025 6:30,-3.4340216629340032,-2.86172834007006,0.35932918245945383,-0.18405037189584728
9/5/2025 6:45,-2.755448903778944,-2.3844681223625708,0.2763581314748888,-1.0010856059241018
9/5/2025 7:00,-2.076876144623885,-1.907207904655082,0.19338708049032383,-1.818120839952356
9/5/2025 7:15,-1.3983033854688256,-1.4299476869475929,0.1104160295057588,-2.635156073980611
9/5/2025 7:30,-0.7197306263137664,-0.9526874692401042,0.027444978521193764,-3.452191308008865
9/5/2025 7:45,-0.04115786715870799,-0.47542725153261484,-0.055526072463371295,-4.269226542037119
9/5/2025 8:00,-0.0830314724883011,-0.10392426894869827,0.010331570109407301,-4.36256044851076
9/5/2025 8:15,-0.08193984431144644,-0.06441431875979524,0.008583699265843578,-4.106117368286028
9/5/2025 8:30,-0.08084821613459177,-0.024904368570892205,0.006835828422279856,-3.8496742880612955
9/5/2025 8:45,-0.0797565879577371,0.01460558161801083,0.005087957578716134,-3.5932312078365634
9/5/2025 9:00,-0.07866495978088242,0.054115531806913864,0.003340086735152411,-3.3367881276118307
9/5/2025 9:15,-0.07757333160402775,0.09362548199581691,0.0015922158915886893,-3.080345047387098
9/5/2025 9:30,-0.07648170342717309,0.13313543218471993,-0.0001556549519750334,-2.8239019671623664
9/5/2025 9:45,-0.07539007525031842,0.17264538237362298,-0.001903525795538756,-2.567458886937634
9/5/2025 10:00,0.06802265909207321,-0.1268120739622129,-0.21480558044588755,-2.6830496105371187
9/5/2025 10:15,0.2125868994153941,0.06674168397749358,0.4085810569817297,-2.1330079016557857
9/5/2025 10:30,0.35715113973871504,0.26029544191720005,1.031967694409347,-1.5829661927744523
9/5/2025 10:45,0.501715380062036,0.45384919985690647,1.6553543318369643,-1.0329244838931189
9/5/2025 11:00,0.6462796203853568,0.6474029577966129,2.2787409692645815,-0.4828827750117859
9/5/2025 11:15,0.7908438607086777,0.8409567157363194,2.902127606692199,0.06715893386954752
9/5/2025 11:30,0.9354081010319987,1.0345104736760258,3.525514244119816,0.6172006427508809
9/5/2025 11:45,1.0799723413553195,1.2280642316157324,4.148900881547433,1.1672423516322141
9/5/2025 12:00,0.783742455672072,0.8075123208529535,3.5378210626864806,1.2463805266986636
9/5/2025 12:15,0.38814874113501047,0.3882921534922989,3.233877950194783,1.406245227607144
9/5/2025 12:30,-0.0074449734020510805,-0.030928013868355753,2.929934837703085,1.5661099285156244
9/5/2025 12:45,-0.40303868793911257,-0.45014818122901046,2.625991725211387,1.7259746294241047
9/5/2025 13:00,-0.7986324024761742,-0.869368348589665,2.3220486127196893,1.885839330332585
9/5/2025 13:15,-1.1942261170132358,-1.2885885159503196,2.0181055002279917,2.0457040312410655
9/5/2025 13:30,-1.5898198315502972,-1.7078086833109745,1.7141623877362937,2.205568732149546
9/5/2025 13:45,-1.985413546087359,-2.1270288506716293,1.410219275244596,2.3654334330580262
9/5/2025 14:00,-2.2611803117860894,-1.892545265319919,1.361767937462364,2.2285900187062064
9/5/2025 14:15,-2.002634077117111,-1.6670776795036866,0.943427243991642,2.399017683226976
9/5/2025 14:30,-1.744087842448133,-1.4416100936874543,0.5250865505209202,2.5694453477477452
9/5/2025 14:45,-1.4855416077791546,-1.2161425078712218,0.10674585705019823,2.739873012268515
9/5/2025 15:00,-1.2269953731101764,-0.9906749220549894,-0.31159483642052344,2.910300676789284
9/5/2025 15:15,-0.9684491384411982,-0.765207336238757,-0.7299355298912455,3.0807283413100537
9/5/2025 15:30,-0.70990290377222,-0.5397397504225245,-1.1482762233619674,3.251156005830823
9/5/2025 15:45,-0.4513566691032415,-0.3142721646062921,-1.5666169168326889,3.4215836703515925
9/5/2025 16:00,-0.4486144688247896,-0.7077307902393551,-1.5115077104038854,3.6306046271488888
9/5/2025 16:15,0.10331521623638662,-0.18455823645116853,-2.015152450800465,3.5172135331870233
9/5/2025 16:30,0.6552449012975629,0.3386143173370181,-2.518797191197044,3.4038224392251584
9/5/2025 16:45,1.207174586358739,0.8617868711252047,-3.0224419315936233,3.290431345263293
9/5/2025 17:00,1.7591042714199152,1.3849594249133914,-3.526086671990203,3.177040251301428
9/5/2025 17:15,2.3110339564810913,1.908131978701578,-4.0297314123867825,3.0636491573395626
9/5/2025 17:30,2.8629636415422675,2.4313045324897646,-4.533376152783362,2.9502580633776976
9/5/2025 17:45,3.4148933266034436,2.954477086277951,-5.037020893179941,2.836866969415832
9/5/2025 18:00,3.4075670642143674,3.3068469350347116,-4.578257926247149,2.682424867332438
9/5/2025 18:15,3.3660783717611915,3.192042114393362,-4.338066362419188,1.742489333723148
9/5/2025 18:30,3.3245896793080156,3.0772372937520123,-4.097874798591227,0.8025538001138579
9/5/2025 18:45,3.2831009868548398,2.962432473110663,-3.8576832347632664,-0.13738173349543237
9/5/2025 19:00,3.241612294401664,2.8476276524693134,-3.6174916709353058,-1.0773172671047222
9/5/2025 19:15,3.200123601948488,2.7328228318279635,-3.3773001071073447,-2.0172528007140125
9/5/2025 19:30,3.158634909495312,2.618018011186614,-3.1371085432793837,-2.9571883343233027
9/5/2025 19:45,3.1171462170421362,2.5032131905452646,-2.896916979451423,-3.897123867932593
9/5/2025 20:00,2.952021120097471,2.759893007369325,-2.905687537421004,-3.9592299866715805
9/5/2025 20:15,2.388340226005614,2.2696469189523154,-2.458208543076949,-2.909196549195003
9/5/2025 20:30,1.8246593319137572,1.7794008305353057,-2.0107295487328942,-1.8591631117184249
9/5/2025 20:45,1.2609784378219002,1.289154742118296,-1.5632505543888398,-0.8091296742418468
9/5/2025 21:00,0.6972975437300435,0.7989086537012864,-1.1157715600447848,0.24090376323473084
9/5/2025 21:15,0.1336166496381863,0.3086625652842767,-0.6682925657007299,1.2909372007113094
9/5/2025 21:30,-0.4300642444536704,-0.18158352313273296,-0.22081357135667545,2.340970638187887
9/5/2025 21:45,-0.993745138545527,-0.6718296115497424,0.2266654229873793,3.391004075664466
9/5/2025 22:00,-0.8045173554911516,-0.7260408022659989,0.31022131670392705,3.3158673752656016
9/5/2025 22:15,-0.7907515993838116,-0.5576235638382879,1.4290879215588408,2.9776894114451773
9/5/2025 22:30,-0.7769858432764717,-0.3892063254105769,2.547954526413754,2.639511447624753
9/5/2025 22:45,-0.7632200871691317,-0.22078908698286592,3.666821131268668,2.3013334838043282
9/5/2025 23:00,-0.7494543310617917,-0.052371848555154976,4.785687736123582,1.963155519983904
9/5/2025 23:15,-0.7356885749544517,0.11604538987255608,5.904554340978495,1.6249775561634794
9/5/2025 23:30,-0.7219228188471118,0.28446262830026703,7.02342094583341,1.2867995923430549
9/5/2025 23:45,-0.7081570627397719,0.45287986672797803,8.142287550688323,0.9486216285226305
9/6/2025 0:00,-0.8012827991866661,0.036762928082809135,8.0792419332731,1.0446609942462934
9/6/2025 0:15,-0.9074075292994701,-0.026953422956959835,7.616201606397652,0.7999307836877851
9/6/2025 0:30,-1.013532259412274,-0.0906697739967288,7.153161279522204,0.555200573129277
9/6/2025 0:45,-1.1196569895250779,-0.1543861250364978,6.690120952646757,0.31047036257076865
9/6/2025 1:00,-1.225781719637882,-0.21810247607626676,6.227080625771309,0.06574015201226047
9/6/2025 1:15,-1.3319064497506858,-0.2818188271160358,5.764040298895862,-0.17899005854624783
9/6/2025 1:30,-1.43803117986349,-0.34553517815580476,5.300999972020415,-0.42372026910475613
9/6/2025 1:45,-1.5441559099762938,-0.4092515291955737,4.837959645144967,-0.6684504796632644
9/6/2025 2:00,-1.7045276712569866,-0.16675814649281806,4.806867353899099,-0.5903830536818366
9/6/2025 2:15,-0.7572825750013806,0.49584566891197546,3.900767507928606,-0.40639430262300574
9/6/2025 2:30,0.1899625212542253,1.158449484316769,2.994667661958113,-0.22240555156417485
9/6/2025 2:45,1.1372076175098313,1.8210532997215625,2.0885678159876195,-0.03841680050534391
9/6/2025 3:00,2.084452713765437,2.483657115126356,1.1824679700171266,0.14557195055348693
9/6/2025 3:15,3.0316978100210434,3.1462609305311493,0.276368124046634,0.3295607016123179
9/6/2025 3:30,3.9789429062766493,3.808864745935943,-0.6297317219238598,0.5135494526711488
9/6/2025 3:45,4.926188002532255,4.471468561340737,-1.5358315678943522,0.6975382037299795
9/6/2025 4:00,5.032423618447047,4.896266763972689,-1.4775252623160418,0.5493125732586271
9/6/2025 4:15,4.424606573981835,4.307442633775154,-1.3980142296362517,0.5317584960676636
9/6/2025 4:30,3.8167895295166243,3.718618503577619,-1.3185031969564613,0.5142044188767
9/6/2025 4:45,3.2089724850514125,3.1297943733800837,-1.2389921642766712,0.49665034168573635
9/6/2025 5:00,2.601155440586201,2.540970243182548,-1.1594811315968812,0.4790962644947727
9/6/2025 5:15,1.9933383961209898,1.9521461129850128,-1.0799700989170908,0.46154218730380914
9/6/2025 5:30,1.3855213516557785,1.3633219827874776,-1.0004590662373007,0.44398811011284556
9/6/2025 5:45,0.7777043071905673,0.7744978525899421,-0.9209480335575106,0.4264340329218819
9/6/2025 6:00,0.8637878394864454,0.7735776498475002,-0.6858245029801661,0.5569891318169454
9/6/2025 6:15,0.7152899288075261,0.6005948502747303,-0.6182462478136121,0.02599272940055919
9/6/2025 6:30,0.5667920181286068,0.4276120507019603,-0.5506679926470583,-0.505003673015827
9/6/2025 6:45,0.4182941074496875,0.2546292511291903,-0.48308973748050443,-1.0360000754322134
9/6/2025 7:00,0.26979619677076816,0.08164645155642036,-0.4155114823139505,-1.5669964778485994
9/6/2025 7:15,0.12129828609184878,-0.0913363480163496,-0.34793322714739666,-2.097992880264986
9/6/2025 7:30,-0.02719962458707048,-0.26431914758911956,-0.28035497198084275,-2.628989282681372
9/6/2025 7:45,-0.1756975352659898,-0.4373019471618894,-0.2127767168142889,-3.159985685097758
9/6/2025 8:00,-0.09936054494650366,-0.6861010915687851,0.04889923943659391,-3.099087691748511
9/6/2025 8:15,-0.05543224678483599,-0.6505119852371223,-0.0005345687583701297,-3.135131567933277
9/6/2025 8:30,-0.011503948623168322,-0.6149228789054596,-0.04996837695333417,-3.1711754441180435
9/6/2025 8:45,0.03242434953849936,-0.5793337725737968,-0.09940218514829821,-3.20721932030281
9/6/2025 9:00,0.07635264770016702,-0.5437446662421341,-0.14883599334326225,-3.2432631964875767
9/6/2025 9:15,0.1202809458618347,-0.5081555599104713,-0.19826980153822626,-3.279307072672343
9/6/2025 9:30,0.1642092440235024,-0.47256645357880855,-0.24770360973319033,-3.3153509488571093
9/6/2025 9:45,0.20813754218517003,-0.4369773472471458,-0.29713741792815435,-3.3513948250418757
9/6/2025 10:00,0.1094356395570178,0.18768928105362526,-0.05540419060301467,-3.156056801216048
9/6/2025 10:15,-0.6251201262006734,-1.9798505605169605,-0.7358611958422171,-3.3477168219882834
9/6/2025 10:30,-1.3596758919583645,-4.147390402087546,-1.4163182010814195,-3.539376842760519
9/6/2025 10:45,-2.094231657716055,-6.314930243658131,-2.0967752063206215,-3.731036863532754
9/6/2025 11:00,-2.8287874234737465,-8.482470085228718,-2.777232211559824,-3.92269688430499
9/6/2025 11:15,-3.5633431892314373,-10.650009926799303,-3.4576892167990265,-4.114356905077225
9/6/2025 11:30,-4.297898954989129,-12.817549768369888,-4.138146222038229,-4.306016925849461
9/6/2025 11:45,-5.03245472074682,-14.985089609940474,-4.818603227277431,-4.497676946621696
9/6/2025 12:00,-4.819636833599301,-15.041160634882631,-4.958204767954701,-4.539187313690945
9/6/2025 12:15,-3.5347404610443536,-10.654224690957635,-2.460035422612106,-2.827164897777921
9/6/2025 12:30,-2.2498440884894064,-6.267288747032639,0.038133922730488656,-1.1151424818648965
9/6/2025 12:45,-0.9649477159344593,-1.8803528031076446,2.536303268073083,0.5968799340481281
9/6/2025 13:00,0.3199486566204879,2.5065831408173533,5.034472613415678,2.3089023499611523
9/6/2025 13:15,1.6048450291754355,6.893519084742346,7.532641958758273,4.020924765874177
9/6/2025 13:30,2.889741401730382,11.280455028667342,10.030811304100867,5.7329471817872015
9/6/2025 13:45,4.174637774285329,15.667390972592338,12.528980649443461,7.444969597700226
9/6/2025 14:00,3.9934696001333405,15.1813908235785,12.901860632030207,7.518471945502716
9/6/2025 14:15,3.8137245318627437,13.48537767760504,11.072183272768001,6.795328161679793
9/6/2025 14:30,3.6339794635921465,11.78936453163158,9.242505913505795,6.072184377856869
9/6/2025 14:45,3.4542343953215497,10.09335138565812,7.412828554243588,5.349040594033946
9/6/2025 15:00,3.274489327050953,8.397338239684663,5.583151194981381,4.625896810211023
9/6/2025 15:15,3.0947442587803558,6.701325093711203,3.7534738357191753,3.9027530263880994
9/6/2025 15:30,2.914999190509759,5.005311947737743,1.9237964764569693,3.179609242565176
9/6/2025 15:45,2.735254122239162,3.309298801764283,0.09411911719476411,2.4564654587422527
9/6/2025 16:00,3.064372695972555,2.424293878745309,-0.18724161916978307,2.3876942414933398
9/6/2025 16:15,2.827857892023493,2.2944297256408523,-0.7544153771013743,2.508734532448839
9/6/2025 16:30,2.591343088074431,2.1645655725363957,-1.3215891350329654,2.6297748234043374
9/6/2025 16:45,2.3548282841253694,2.0347014194319395,-1.8887628929645564,2.7508151143598365
9/6/2025 17:00,2.1183134801763073,1.9048372663274828,-2.455936650896148,2.8718554053153356
9/6/2025 17:15,1.8817986762272456,1.7749731132230262,-3.023110408827739,2.9928956962708346
9/6/2025 17:30,1.645283872278184,1.6451089601185696,-3.59028416675933,3.1139359872263332
9/6/2025 17:45,1.408769068329122,1.5152448070141131,-4.157457924690921,3.2349762781818323
9/6/2025 18:00,1.570862967088925,1.6362898875965368,-4.144474497886246,3.5042028457769923
9/6/2025 18:15,1.5236185258046648,1.5972317396495157,-4.292999403499141,3.006367025013321
9/6/2025 18:30,1.4763740845204048,1.5581735917024946,-4.441524309112035,2.50853120424965
9/6/2025 18:45,1.4291296432361444,1.5191154437554735,-4.59004921472493,2.010695383485979
9/6/2025 19:00,1.3818852019518844,1.4800572958084524,-4.738574120337825,1.512859562722308
9/6/2025 19:15,1.3346407606676243,1.4409991478614315,-4.88709902595072,1.015023741958637
9/6/2025 19:30,1.2873963193833642,1.4019409999144103,-5.035623931563614,0.5171879211949659
9/6/2025 19:45,1.240151878099104,1.3628828519673892,-5.184148837176509,0.019352100431294754
9/6/2025 20:00,1.4954810258700393,1.5904493341951462,-5.2998453359461,-0.18889533653490867
9/6/2025 20:15,1.223780073633141,1.3588544941147127,-4.958535536370333,-0.13770840202348628
9/6/2025 20:30,0.9520791213962428,1.1272596540342794,-4.617225736794567,-0.08652146751206385
9/6/2025 20:45,0.6803781691593447,0.895664813953846,-4.275915937218801,-0.03533453300064146
9/6/2025 21:00,0.4086772169224464,0.6640699738734126,-3.9346061376430344,0.01585240151078096
9/6/2025 21:15,0.13697626468554813,0.4324751337929793,-3.593296338067268,0.06703933602220338
9/6/2025 21:30,-0.13472468755134992,0.2008802937125458,-3.251986538491502,0.11822627053362575
9/6/2025 21:45,-0.4064256397882482,-0.030714546367887507,-2.9106767389157358,0.16941320504504817
9/6/2025 22:00,-0.6781265920251465,-0.262309386448321,-2.5693669393399694,0.2206001395564706
9/6/2025 22:15,-0.6781265920251465,-0.262309386448321,-2.5693669393399694,0.2206001395564706
9/6/2025 22:30,-0.6781265920251465,-0.262309386448321,-2.5693669393399694,0.2206001395564706
9/6/2025 22:45,-0.6781265920251465,-0.262309386448321,-2.5693669393399694,0.2206001395564706
9/6/2025 23:00,-0.6781265920251465,-0.262309386448321,-2.5693669393399694,0.2206001395564706
9/6/2025 23:15,-0.6781265920251465,-0.262309386448321,-2.5693669393399694,0.2206001395564706
9/6/2025 23:30,-0.6781265920251465,-0.262309386448321,-2.5693669393399694,0.2206001395564706
9/6/2025 23:45,-0.6781265920251465,-0.262309386448321,-2.5693669393399694,0.2206001395564706
9/7/2025 0:00,-0.6781265920251465,-0.262309386448321,-2.5693669393399694,0.2206001395564706
9/7/2025 0:15,-0.6781265920251465,-0.262309386448321,-2.5693669393399694,0.2206001395564706
9/7/2025 0:30,-0.6781265920251465,-0.262309386448321,-2.5693669393399694,0.2206001395564706
9/7/2025 0:45,-0.6781265920251465,-0.262309386448321,-2.5693669393399694,0.2206001395564706
9/7/2025 1:00,-0.6781265920251465,-0.262309386448321,-2.5693669393399694,0.2206001395564706
9/7/2025 1:15,-0.6781265920251465,-0.262309386448321,-2.5693669393399694,0.2206001395564706
9/7/2025 1:30,-0.6781265920251465,-0.262309386448321,-2.5693669393399694,0.2206001395564706
9/7/2025 1:45,-4.753640875578619,-3.7362319876548225,2.5502800542965254,0.9884041572278067
9/7/2025 2:00,-4.745022575239053,-3.569597146744827,2.2676735523877154,1.0298383294073403
9/7/2025 2:15,-4.028978089324333,-3.0242067912651525,1.9481007023151142,1.0020141152774618
9/7/2025 2:30,-3.3129336034096135,-2.4788164357854776,1.6285278522425128,0.9741899011475832
9/7/2025 2:45,-2.5968891174948934,-1.933426080305803,1.3089550021699115,0.9463656870177046
9/7/2025 3:00,-1.8808446315801737,-1.3880357248261284,0.9893821520973103,0.9185414728878261
9/7/2025 3:15,-1.1648001456654535,-0.8426453693464535,0.6698093020247089,0.8907172587579475
9/7/2025 3:30,-0.4487556597507334,-0.2972550138667791,0.35023645195210773,0.8628930446280689
9/7/2025 3:45,0.267288826163986,0.24813534161289577,0.030663601879506494,0.8350688304981904
9/7/2025 4:00,0.27480985905096394,-0.11081801287124482,-0.22788476870760466,0.9941410101175536
9/7/2025 4:15,1.4122794073542715,0.6659693520050307,-1.2570138740130807,0.8008226121771437
9/7/2025 4:30,2.549748955657579,1.4427567168813062,-2.286142979318557,0.6075042142367337
9/7/2025 4:45,3.687218503960886,2.219544081757582,-3.3152720846240324,0.4141858162963238
9/7/2025 5:00,4.824688052264194,2.9963314466338575,-4.344401189929509,0.22086741835591384
9/7/2025 5:15,5.962157600567501,3.773118811510133,-5.373530295234985,0.027549020415503778
9/7/2025 5:30,7.099627148870808,4.549906176386409,-6.40265940054046,-0.16576937752490606
9/7/2025 5:45,8.237096697174115,5.326693541262684,-7.431788505845937,-0.3590877754653162
9/7/2025 6:00,8.191935714519836,5.771382643787763,-7.646841587248794,-0.3514878819787424
9/7/2025 6:15,7.043780815130087,4.94630889432206,-6.543799031815272,-0.7675664053880341
9/7/2025 6:30,5.895625915740338,4.121235144856357,-5.44075647638175,-1.1836449287973259
9/7/2025 6:45,4.747471016350588,3.2961613953906546,-4.337713920948229,-1.5997234522066175
9/7/2025 7:00,3.599316116960839,2.4710876459249516,-3.234671365514708,-2.015801975615909
9/7/2025 7:15,2.45116121757109,1.646013896459249,-2.131628810081186,-2.4318804990252008
9/7/2025 7:30,1.3030063181813407,0.8209401469935464,-1.0285862546476645,-2.847959022434493
9/7/2025 7:45,0.15485141879159114,-0.004133602472156772,0.07445630078585627,-3.2640375458437845
9/7/2025 8:00,0.11943298338917888,0.2122097242440532,-0.08702729199204777,-3.2883758094734796
9/7/2025 8:15,0.09856496035322629,0.1902880058680468,-0.04441796334406186,-3.3423968550880145
9/7/2025 8:30,0.0776969373172737,0.16836628749204044,-0.0018086346960759503,-3.39641790070255
9/7/2025 8:45,0.05682891428132113,0.14644456911603404,0.04080069395190998,-3.450438946317085
9/7/2025 9:00,0.03596089124536854,0.12452285074002765,0.08341002259989587,-3.5044599919316197
9/7/2025 9:15,0.015092868209415952,0.10260113236402127,0.12601935124788177,-3.5584810375461546
9/7/2025 9:30,-0.0057751548265366215,0.0806794139880149,0.16862867989586772,-3.61250208316069
9/7/2025 9:45,-0.0266431778624892,0.0587576956120085,0.2112380085438536,-3.666523128775225
9/7/2025 10:00,-0.21311253768242597,0.09275629032648669,0.19012618221461994,-3.9569274229518014
9/7/2025 10:15,-0.42957529754185386,-1.4782582960787607,2.1433765934250704,-3.7735081011978213
9/7/2025 10:30,-0.6460380574012818,-3.049272882484008,4.096627004635521,-3.590088779443841
9/7/2025 10:45,-0.8625008172607097,-4.620287468889255,6.0498774158459705,-3.406669457689861
9/7/2025 11:00,-1.0789635771201376,-6.191302055294503,8.003127827056423,-3.2232501359358814
9/7/2025 11:15,-1.2954263369795656,-7.7623166416997496,9.956378238266872,-3.0398308141819013
9/7/2025 11:30,-1.5118890968389933,-9.333331228104997,11.909628649477321,-2.856411492427921
9/7/2025 11:45,-1.7283518566984213,-10.904345814510245,13.862879060687773,-2.672992170673941
9/7/2025 12:00,6.444748356662462,6.389815673631073,7.595079434211438,0.668847100725781
9/7/2025 12:15,-0.30539123783754973,-2.4635042777882217,1.1559549565700695,-0.19209120704372365
9/7/2025 12:30,0.8884028661838214,0.7458309847800099,1.224582338288246,0.21653933815216742
9/7/2025 12:45,1.1092230040912554,1.9390705373200094,0.07228996298900078,0.3664416303892964
9/7/2025 13:00,-16.683243461346187,-23.010128812144004,-17.511061003607395,-4.594496015820568
9/7/2025 13:15,6.122340075476244,17.337420239111566,10.596359229660623,7.759638343768423
9/7/2025 13:30,-3.2644778207184055,-7.841924510309641,1.0128840315102086,-2.147778390834131
9/7/2025 13:45,-2.33056112850012,-4.360124075232472,-1.4568638417228155,-1.1240420579459491
9/7/2025 14:00,0.949774240404171,0.5389000906991188,0.9416651712363001,0.008319848145754248
9/7/2025 14:15,-0.864094223386715,-1.3490513380407023,-1.7325848629887126,-0.01893422224790014
9/7/2025 14:30,-0.9623483070665073,-1.5096848115924795,-2.153039866487067,-0.12632433728125195
9/7/2025 14:45,2.2853180607547783,2.0088866798521847,2.2943198083897203,0.37106382437277136
9/7/2025 15:00,6.962095621850597,2.9411227108497733,-2.5336534998597235,-2.867828774897336
9/7/2025 15:15,1.2943719102838398,0.44284282014450377,-0.6106943212404261,-0.6881225000603948
9/7/2025 15:30,-3.4688898538357185,0.3914224498520616,-3.8918480051703397,2.7982091472598554
9/7/2025 15:45,-2.0163725790093627,-1.4770980622463707,-1.3480327255028042,0.4925044608642171
9/7/2025 16:00,-1.8303130456116123,-2.221762666257737,0.5510271583780564,0.03920777409417907
9/7/2025 16:15,0.9122971171140887,0.11077173287831306,-1.1112735057261565,-0.05385407766841962
9/7/2025 16:30,-1.1924142971241936,-0.7926581750383587,-0.9542472071500203,0.2369740890737888
9/7/2025 16:45,5.038850392952885,3.9554451444046648,3.367518341298276,-0.1445737209894384
9/7/2025 17:00,1.7213380159044454,1.4326580672220883,4.79097389687161,0.23243574807611178
9/7/2025 17:15,1.3613116343281793,1.3375952427349598,2.7432453751444075,-0.037664224663261775
9/7/2025 17:30,5.943847565651767,2.0534104495468735,3.0429458807280363,-2.893648248866015
9/7/2025 17:45,1.2951230405715892,0.04282878483806911,3.6231841672136076,-0.8635888039869755
9/7/2025 18:00,-0.2512886735801705,-0.4083369098266599,3.797347503430801,-0.16466996268494447
9/7/2025 18:15,-6.9368303970786735,-0.24884397138653602,-8.888856432945685,4.442038170482377
9/7/2025 18:30,2.192719478949472,1.270540987738635,0.2998770723435851,0.2676906343805127
9/7/2025 18:45,2.968146908171157,-1.8988317818982414,0.7977708535913317,-3.2761123286334204
9/7/2025 19:00,0.5402591486225715,3.437590304544983,5.811142331209877,2.5916347749563515
9/7/2025 19:15,-0.4853325901425335,1.2083804056359198,3.218814310433882,1.4066960375743032
9/7/2025 19:30,0.1922625488184421,-0.17642760956448783,-2.686528708831195,-0.07984545023323447
9/7/2025 19:45,-0.13864587802260628,-0.4454545271337068,0.4969898618021724,0.2642579306356056
9/7/2025 20:00,2.5220853191817696,2.8753214015921063,2.1994070373345638,0.09577997787573503
9/7/2025 20:15,3.8707719975995025,3.832441419536538,2.8667587517098334,0.07702865578359121
9/7/2025 20:30,3.5328555061744287,4.264948755297059,-2.4209620765340807,0.22464506768557815
9/7/2025 20:45,-7.432135973969533,-13.386434951597726,-7.0582060510871445,-4.071334538426425
9/7/2025 21:00,10.494024978035165,15.095412964263337,13.299559042405994,2.1047458792610843
9/7/2025 21:15,-2.2360281338818915,-3.9393221380877415,2.0664397150612186,-1.4720237215110032
9/7/2025 21:30,14.814757856692207,21.92981135558693,13.459081828175156,3.537885625377626
9/7/2025 21:45,-14.18662345447375,-21.936952476236538,-13.945230528709645,-4.355118392011302
9/7/2025 22:00,12.589222417892438,17.554196568136653,7.141410491014507,2.624212279943958
9/7/2025 22:15,2.0093755003844174,3.9850154955353565,3.880907625823877,0.7835820992753312
9/7/2025 22:30,-1.0833151252098763,-0.6049298683099182,4.665644522868717,0.1474071462967954
9/7/2025 22:45,1.3146429006545333,0.9555620730951733,0.9213605041635812,0.03180614382550328
9/7/2025 23:00,-0.5344451517392503,-0.2452622124907971,0.4389656063755608,0.35117247715938604
9/7/2025 23:15,-0.5835694132201833,-0.6007214733422274,0.40742528563403496,0.23460352590673866
9/7/2025 23:30,1.6028881432647202,1.512370114153396,0.47824370817011674,0.15135186609437562
9/7/2025 23:45,2.387056937337055,2.30093318982373,0.6435251439761029,-0.1192147879356349
